variant,score,pos
M1K,-9.623,1
M1R,-10.375,1
M1H,-11.32,1
M1E,-12.708,1
M1D,-14.966,1
M1N,-9.818,1
M1Q,-9.927,1
M1T,-8.623,1
M1S,-11.493,1
M1C,-11.177,1
M1G,-12.999,1
M1A,-9.774,1
M1V,-5.474,1
M1L,-6.886,1
M1I,-7.082,1
M1M,0.0,1
M1P,-12.008,1
M1Y,-11.525,1
M1F,-9.898,1
M1W,-13.197,1
E2K,-10.76,2
E2R,-13.39,2
E2H,-12.655,2
E2E,0.0,2
E2D,-8.337,2
E2N,-12.58,2
E2Q,-9.24,2
E2T,-14.003,2
E2S,-13.937,2
E2C,-15.285,2
E2G,-13.056,2
E2A,-11.801,2
E2V,-11.39,2
E2L,-11.98,2
E2I,-12.835,2
E2M,-13.826,2
E2P,-15.311,2
E2Y,-13.449,2
E2F,-14.389,2
E2W,-16.038,2
A3K,-19.029,3
A3R,-17.76,3
A3H,-15.874,3
A3E,-19.074,3
A3D,-17.961,3
A3N,-16.123,3
A3Q,-18.067,3
A3T,-9.071,3
A3S,-6.444,3
A3C,-9.166,3
A3G,-9.433,3
A3A,0.0,3
A3V,-9.066,3
A3L,-14.161,3
A3I,-14.463,3
A3M,-14.351,3
A3P,-12.739,3
A3Y,-12.4,3
A3F,-13.156,3
A3W,-17.353,3
I4K,-8.222,4
I4R,-8.805,4
I4H,-10.945,4
I4E,-10.891,4
I4D,-13.633,4
I4N,-9.659,4
I4Q,-9.033,4
I4T,-5.878,4
I4S,-9.056,4
I4C,-10.521,4
I4G,-13.156,4
I4A,-10.084,4
I4V,-4.086,4
I4L,-7.622,4
I4I,0.0,4
I4M,-6.735,4
I4P,-14.024,4
I4Y,-10.339,4
I4F,-9.572,4
I4W,-12.929,4
A5K,-16.758,5
A5R,-17.682,5
A5H,-19.034,5
A5E,-15.446,5
A5D,-16.428,5
A5N,-17.389,5
A5Q,-17.925,5
A5T,-11.805,5
A5S,-9.063,5
A5C,-13.458,5
A5G,-8.846,5
A5A,0.0,5
A5V,-11.785,5
A5L,-16.27,5
A5I,-15.681,5
A5M,-13.645,5
A5P,-15.509,5
A5Y,-16.856,5
A5F,-16.58,5
A5W,-19.334,5
K6K,0.0,6
K6R,-9.564,6
K6H,-14.572,6
K6E,-14.905,6
K6D,-18.742,6
K6N,-14.337,6
K6Q,-11.963,6
K6T,-15.571,6
K6S,-16.049,6
K6C,-16.062,6
K6G,-16.807,6
K6A,-17.352,6
K6V,-15.559,6
K6L,-11.741,6
K6I,-14.486,6
K6M,-12.623,6
K6P,-19.979,6
K6Y,-18.375,6
K6F,-17.656,6
K6W,-19.386,6
Y7K,-17.682,7
Y7R,-14.843,7
Y7H,-5.564,7
Y7E,-17.139,7
Y7D,-15.51,7
Y7N,-12.59,7
Y7Q,-13.742,7
Y7T,-16.656,7
Y7S,-13.265,7
Y7C,-11.047,7
Y7G,-16.079,7
Y7A,-14.368,7
Y7V,-15.589,7
Y7L,-13.036,7
Y7I,-15.587,7
Y7M,-15.667,7
Y7P,-18.051,7
Y7Y,0.0,7
Y7F,-4.261,7
Y7W,-11.581,7
D8K,-12.649,8
D8R,-13.199,8
D8H,-10.833,8
D8E,-5.558,8
D8D,0.0,8
D8N,-6.739,8
D8Q,-11.04,8
D8T,-8.792,8
D8S,-8.659,8
D8C,-11.983,8
D8G,-8.563,8
D8A,-9.811,8
D8V,-13.141,8
D8L,-14.339,8
D8I,-13.817,8
D8M,-13.929,8
D8P,-10.574,8
D8Y,-12.948,8
D8F,-13.97,8
D8W,-15.571,8
F9K,-21.54,9
F9R,-19.195,9
F9H,-17.652,9
F9E,-21.916,9
F9D,-19.199,9
F9N,-18.877,9
F9Q,-21.289,9
F9T,-21.298,9
F9S,-17.562,9
F9C,-14.279,9
F9G,-19.551,9
F9A,-20.607,9
F9V,-15.91,9
F9L,-13.549,9
F9I,-16.716,9
F9M,-16.622,9
F9P,-18.871,9
F9Y,-8.074,9
F9F,0.0,9
F9W,-15.719,9
K10K,0.0,10
K10R,-4.166,10
K10H,-4.809,10
K10E,-6.715,10
K10D,-7.885,10
K10N,-3.028,10
K10Q,-2.819,10
K10T,-3.265,10
K10S,-3.592,10
K10C,-6.438,10
K10G,-7.547,10
K10A,-4.499,10
K10V,-3.688,10
K10L,-6.277,10
K10I,-4.891,10
K10M,-5.437,10
K10P,-7.951,10
K10Y,-7.026,10
K10F,-7.226,10
K10W,-9.691,10
A11K,-14.71,11
A11R,-14.245,11
A11H,-16.45,11
A11E,-13.894,11
A11D,-12.84,11
A11N,-15.681,11
A11Q,-15.727,11
A11T,-10.137,11
A11S,-7.345,11
A11C,-15.093,11
A11G,-7.271,11
A11A,0.0,11
A11V,-12.59,11
A11L,-15.863,11
A11I,-15.589,11
A11M,-15.663,11
A11P,-9.535,11
A11Y,-16.762,11
A11F,-15.956,11
A11W,-17.732,11
T12K,-12.155,12
T12R,-10.903,12
T12H,-12.569,12
T12E,-12.545,12
T12D,-12.316,12
T12N,-6.903,12
T12Q,-9.89,12
T12T,0.0,12
T12S,-4.573,12
T12C,-9.031,12
T12G,-8.069,12
T12A,-5.1,12
T12V,-8.22,12
T12L,-9.123,12
T12I,-9.414,12
T12M,-7.618,12
T12P,-11.918,12
T12Y,-13.191,12
T12F,-11.494,12
T12W,-12.695,12
A13K,-12.175,13
A13R,-9.493,13
A13H,-8.263,13
A13E,-7.645,13
A13D,-11.139,13
A13N,-10.172,13
A13Q,-8.268,13
A13T,-9.082,13
A13S,-9.516,13
A13C,-11.032,13
A13G,-6.513,13
A13A,0.0,13
A13V,-10.273,13
A13L,-9.803,13
A13I,-12.493,13
A13M,-11.145,13
A13P,-15.409,13
A13Y,-11.415,13
A13F,-11.182,13
A13W,-12.857,13
D14K,-10.125,14
D14R,-11.816,14
D14H,-9.996,14
D14E,-3.637,14
D14D,0.0,14
D14N,-8.015,14
D14Q,-8.261,14
D14T,-8.565,14
D14S,-7.215,14
D14C,-12.678,14
D14G,-7.223,14
D14A,-6.388,14
D14V,-9.173,14
D14L,-10.959,14
D14I,-11.051,14
D14M,-11.195,14
D14P,-7.615,14
D14Y,-11.931,14
D14F,-13.015,14
D14W,-13.808,14
D15K,-15.215,15
D15R,-14.956,15
D15H,-12.173,15
D15E,-8.257,15
D15D,0.0,15
D15N,-10.59,15
D15Q,-11.149,15
D15T,-12.613,15
D15S,-12.767,15
D15C,-14.036,15
D15G,-10.036,15
D15A,-13.514,15
D15V,-15.451,15
D15L,-15.779,15
D15I,-16.387,15
D15M,-16.401,15
D15P,-17.323,15
D15Y,-12.995,15
D15F,-16.395,15
D15W,-16.868,15
E16K,-14.398,16
E16R,-18.112,16
E16H,-13.615,16
E16E,0.0,16
E16D,-11.586,16
E16N,-15.432,16
E16Q,-11.32,16
E16T,-16.018,16
E16S,-16.309,16
E16C,-17.376,16
E16G,-13.972,16
E16A,-13.409,16
E16V,-14.984,16
E16L,-16.463,16
E16I,-17.265,16
E16M,-17.173,16
E16P,-15.78,16
E16Y,-16.974,16
E16F,-18.423,16
E16W,-20.42,16
L17K,-16.965,17
L17R,-14.949,17
L17H,-15.165,17
L17E,-16.889,17
L17D,-18.428,17
L17N,-16.381,17
L17Q,-14.185,17
L17T,-15.116,17
L17S,-15.84,17
L17C,-14.736,17
L17G,-17.734,17
L17A,-15.932,17
L17V,-10.78,17
L17L,0.0,17
L17I,-8.844,17
L17M,-9.943,17
L17P,-13.534,17
L17Y,-15.972,17
L17F,-11.976,17
L17W,-16.511,17
S18K,-11.756,18
S18R,-11.408,18
S18H,-11.327,18
S18E,-10.1,18
S18D,-10.39,18
S18N,-7.777,18
S18Q,-10.031,18
S18T,-6.652,18
S18S,0.0,18
S18C,-8.346,18
S18G,-4.862,18
S18A,-6.016,18
S18V,-10.831,18
S18L,-11.053,18
S18I,-11.86,18
S18M,-10.987,18
S18P,-4.265,18
S18Y,-12.31,18
S18F,-12.189,18
S18W,-14.102,18
F19K,-18.719,19
F19R,-17.275,19
F19H,-17.891,19
F19E,-18.569,19
F19D,-19.433,19
F19N,-18.422,19
F19Q,-18.889,19
F19T,-16.677,19
F19S,-15.707,19
F19C,-13.157,19
F19G,-17.852,19
F19A,-16.959,19
F19V,-11.342,19
F19L,-9.807,19
F19I,-9.65,19
F19M,-11.738,19
F19P,-17.032,19
F19Y,-12.399,19
F19F,0.0,19
F19W,-15.335,19
K20K,0.0,20
K20R,-3.796,20
K20H,-4.677,20
K20E,-7.394,20
K20D,-8.171,20
K20N,-3.475,20
K20Q,-4.194,20
K20T,-5.053,20
K20S,-1.506,20
K20C,-3.234,20
K20G,-6.283,20
K20A,-4.286,20
K20V,-5.299,20
K20L,-6.233,20
K20I,-7.127,20
K20M,-6.477,20
K20P,-9.075,20
K20Y,-7.037,20
K20F,-6.644,20
K20W,-10.835,20
R21K,0.37,21
R21R,0.0,21
R21H,-12.052,21
R21E,-9.853,21
R21D,-14.46,21
R21N,-10.888,21
R21Q,-9.122,21
R21T,-9.408,21
R21S,-9.473,21
R21C,-9.939,21
R21G,-13.082,21
R21A,-8.706,21
R21V,-11.863,21
R21L,-13.28,21
R21I,-12.096,21
R21M,-10.981,21
R21P,-13.51,21
R21Y,-13.702,21
R21F,-14.792,21
R21W,-13.809,21
G22K,-9.898,22
G22R,-8.452,22
G22H,-6.166,22
G22E,-11.304,22
G22D,-8.459,22
G22N,-3.33,22
G22Q,-7.805,22
G22T,-8.013,22
G22S,-5.419,22
G22C,-9.186,22
G22G,0.0,22
G22A,-7.406,22
G22V,-10.672,22
G22L,-11.702,22
G22I,-13.544,22
G22M,-10.634,22
G22P,-16.556,22
G22Y,-8.65,22
G22F,-10.664,22
G22W,-8.307,22
D23K,-13.061,23
D23R,-12.842,23
D23H,-9.333,23
D23E,-5.962,23
D23D,0.0,23
D23N,-7.982,23
D23Q,-4.186,23
D23T,-9.267,23
D23S,-7.939,23
D23C,-10.482,23
D23G,-10.347,23
D23A,-8.331,23
D23V,-11.363,23
D23L,-12.545,23
D23I,-12.1,23
D23M,-10.23,23
D23P,-19.104,23
D23Y,-9.781,23
D23F,-11.296,23
D23W,-13.028,23
I24K,-5.14,24
I24R,-5.034,24
I24H,-6.946,24
I24E,-10.57,24
I24D,-13.081,24
I24N,-7.199,24
I24Q,-6.905,24
I24T,-2.648,24
I24S,-6.014,24
I24C,-7.634,24
I24G,-10.563,24
I24A,-7.224,24
I24V,-3.31,24
I24L,-5.441,24
I24I,0.0,24
I24M,-6.003,24
I24P,-9.556,24
I24Y,-7.718,24
I24F,-7.862,24
I24W,-11.26,24
L25K,-16.909,25
L25R,-16.4,25
L25H,-16.194,25
L25E,-15.623,25
L25D,-17.909,25
L25N,-17.746,25
L25Q,-15.885,25
L25T,-15.816,25
L25S,-16.691,25
L25C,-14.11,25
L25G,-16.529,25
L25A,-14.923,25
L25V,-8.635,25
L25L,0.0,25
L25I,-6.874,25
L25M,-8.944,25
L25P,-15.455,25
L25Y,-15.597,25
L25F,-9.265,25
L25W,-17.964,25
K26K,0.0,26
K26R,-5.398,26
K26H,-10.156,26
K26E,-12.131,26
K26D,-13.99,26
K26N,-9.964,26
K26Q,-8.553,26
K26T,-8.927,26
K26S,-10.866,26
K26C,-12.374,26
K26G,-13.815,26
K26A,-11.715,26
K26V,-11.236,26
K26L,-10.913,26
K26I,-10.788,26
K26M,-10.236,26
K26P,-15.838,26
K26Y,-12.92,26
K26F,-13.189,26
K26W,-13.254,26
V27K,-13.164,27
V27R,-14.311,27
V27H,-14.739,27
V27E,-13.97,27
V27D,-14.126,27
V27N,-12.831,27
V27Q,-14.541,27
V27T,-11.063,27
V27S,-13.241,27
V27C,-12.664,27
V27G,-13.335,27
V27A,-10.727,27
V27V,0.0,27
V27L,-7.317,27
V27I,-1.493,27
V27M,-9.05,27
V27P,-15.122,27
V27Y,-12.06,27
V27F,-9.945,27
V27W,-15.264,27
L28K,-8.93,28
L28R,-8.815,28
L28H,-7.831,28
L28E,-12.25,28
L28D,-13.498,28
L28N,-9.94,28
L28Q,-9.118,28
L28T,-7.787,28
L28S,-9.116,28
L28C,-8.9,28
L28G,-12.149,28
L28A,-9.598,28
L28V,-5.608,28
L28L,0.0,28
L28I,-4.694,28
L28M,-6.709,28
L28P,-11.584,28
L28Y,-7.363,28
L28F,-7.044,28
L28W,-10.312,28
N29K,-10.083,29
N29R,-10.421,29
N29H,-10.182,29
N29E,-10.491,29
N29D,-8.13,29
N29N,0.0,29
N29Q,-10.476,29
N29T,-9.177,29
N29S,-5.942,29
N29C,-10.335,29
N29G,-8.0,29
N29A,-9.404,29
N29V,-11.383,29
N29L,-11.997,29
N29I,-11.606,29
N29M,-11.94,29
N29P,-15.274,29
N29Y,-11.246,29
N29F,-12.438,29
N29W,-14.611,29
E30K,-2.77,30
E30R,-4.252,30
E30H,-5.186,30
E30E,0.0,30
E30D,-5.766,30
E30N,-4.782,30
E30Q,-2.012,30
E30T,-2.758,30
E30S,-2.882,30
E30C,-5.372,30
E30G,-6.749,30
E30A,-2.9,30
E30V,-4.579,30
E30L,-5.544,30
E30I,-5.079,30
E30M,-1.345,30
E30P,-5.515,30
E30Y,-5.191,30
E30F,-5.11,30
E30W,-8.073,30
E31K,-11.202,31
E31R,-13.759,31
E31H,-12.088,31
E31E,0.0,31
E31D,-6.694,31
E31N,-11.247,31
E31Q,-9.462,31
E31T,-12.299,31
E31S,-11.822,31
E31C,-14.417,31
E31G,-10.472,31
E31A,-10.892,31
E31V,-12.147,31
E31L,-13.976,31
E31I,-14.274,31
E31M,-14.372,31
E31P,-13.949,31
E31Y,-14.17,31
E31F,-15.894,31
E31W,-17.641,31
C32K,-4.051,32
C32R,-3.565,32
C32H,-3.502,32
C32E,-0.941,32
C32D,0.06,32
C32N,-1.457,32
C32Q,-2.645,32
C32T,-0.716,32
C32S,0.232,32
C32C,0.0,32
C32G,0.595,32
C32A,1.69,32
C32V,-0.204,32
C32L,-3.281,32
C32I,-2.011,32
C32M,-3.645,32
C32P,-0.196,32
C32Y,-5.469,32
C32F,-5.647,32
C32W,-7.224,32
D33K,-18.49,33
D33R,-18.88,33
D33H,-14.252,33
D33E,-10.832,33
D33D,0.0,33
D33N,-11.796,33
D33Q,-15.547,33
D33T,-16.731,33
D33S,-15.343,33
D33C,-14.631,33
D33G,-13.637,33
D33A,-14.248,33
D33V,-16.888,33
D33L,-19.466,33
D33I,-19.365,33
D33M,-19.21,33
D33P,-18.203,33
D33Y,-14.7,33
D33F,-18.909,33
D33W,-20.074,33
Q34K,-4.354,34
Q34R,-5.994,34
Q34H,-7.496,34
Q34E,-5.312,34
Q34D,-8.441,34
Q34N,-8.597,34
Q34Q,0.0,34
Q34T,-8.313,34
Q34S,-8.271,34
Q34C,-11.487,34
Q34G,-9.914,34
Q34A,-8.603,34
Q34V,-9.536,34
Q34L,-9.225,34
Q34I,-9.727,34
Q34M,-9.911,34
Q34P,-7.455,34
Q34Y,-12.346,34
Q34F,-12.984,34
Q34W,-13.291,34
N35K,-11.32,35
N35R,-12.35,35
N35H,-9.322,35
N35E,-11.007,35
N35D,-9.576,35
N35N,0.0,35
N35Q,-10.556,35
N35T,-11.067,35
N35S,-8.719,35
N35C,-12.626,35
N35G,-11.368,35
N35A,-10.037,35
N35V,-14.919,35
N35L,-12.699,35
N35I,-15.04,35
N35M,-12.735,35
N35P,-17.874,35
N35Y,-11.814,35
N35F,-12.562,35
N35W,-15.262,35
W36K,-17.707,36
W36R,-12.471,36
W36H,-15.82,36
W36E,-17.264,36
W36D,-17.82,36
W36N,-17.989,36
W36Q,-16.183,36
W36T,-16.582,36
W36S,-13.98,36
W36C,-12.072,36
W36G,-15.723,36
W36A,-18.708,36
W36V,-17.065,36
W36L,-12.425,36
W36I,-17.579,36
W36M,-15.94,36
W36P,-17.738,36
W36Y,-10.864,36
W36F,-10.552,36
W36W,0.0,36
Y37K,-14.367,37
Y37R,-12.53,37
Y37H,-8.229,37
Y37E,-11.558,37
Y37D,-10.146,37
Y37N,-9.095,37
Y37Q,-11.992,37
Y37T,-10.839,37
Y37S,-8.749,37
Y37C,-6.848,37
Y37G,-10.9,37
Y37A,-5.277,37
Y37V,-8.107,37
Y37L,-6.812,37
Y37I,-8.826,37
Y37M,-8.541,37
Y37P,-15.748,37
Y37Y,0.0,37
Y37F,-5.084,37
Y37W,-7.38,37
K38K,0.0,38
K38R,-3.969,38
K38H,-8.764,38
K38E,-11.907,38
K38D,-16.002,38
K38N,-11.246,38
K38Q,-8.739,38
K38T,-7.029,38
K38S,-8.299,38
K38C,-10.188,38
K38G,-10.078,38
K38A,-9.017,38
K38V,-11.754,38
K38L,-9.74,38
K38I,-11.677,38
K38M,-10.385,38
K38P,-11.678,38
K38Y,-12.686,38
K38F,-13.382,38
K38W,-11.191,38
A39K,-20.852,39
A39R,-18.759,39
A39H,-19.98,39
A39E,-18.742,39
A39D,-17.537,39
A39N,-18.964,39
A39Q,-21.293,39
A39T,-11.317,39
A39S,-9.528,39
A39C,-11.844,39
A39G,-6.767,39
A39A,0.0,39
A39V,-10.362,39
A39L,-17.211,39
A39I,-15.495,39
A39M,-16.603,39
A39P,-17.621,39
A39Y,-18.709,39
A39F,-17.64,39
A39W,-19.854,39
E40K,-9.9,40
E40R,-11.857,40
E40H,-11.399,40
E40E,0.0,40
E40D,-7.417,40
E40N,-10.353,40
E40Q,-7.979,40
E40T,-11.434,40
E40S,-10.718,40
E40C,-13.038,40
E40G,-10.73,40
E40A,-10.07,40
E40V,-9.564,40
E40L,-12.033,40
E40I,-12.347,40
E40M,-11.996,40
E40P,-15.083,40
E40Y,-12.289,40
E40F,-14.224,40
E40W,-15.635,40
L41K,-7.938,41
L41R,-8.307,41
L41H,-7.546,41
L41E,-12.577,41
L41D,-14.224,41
L41N,-10.453,41
L41Q,-8.703,41
L41T,-10.187,41
L41S,-9.421,41
L41C,-7.236,41
L41G,-12.342,41
L41A,-9.589,41
L41V,-6.952,41
L41L,0.0,41
L41I,-6.009,41
L41M,-6.956,41
L41P,-13.199,41
L41Y,-9.301,41
L41F,-7.9,41
L41W,-10.841,41
N42K,-4.537,42
N42R,-3.204,42
N42H,-3.605,42
N42E,-6.813,42
N42D,-5.449,42
N42N,0.0,42
N42Q,-5.552,42
N42T,-9.644,42
N42S,-6.815,42
N42C,-6.156,42
N42G,-5.491,42
N42A,-6.688,42
N42V,-8.603,42
N42L,-7.175,42
N42I,-9.168,42
N42M,-8.028,42
N42P,-12.046,42
N42Y,-5.786,42
N42F,-6.927,42
N42W,-8.935,42
G43K,-10.11,43
G43R,-10.475,43
G43H,-9.574,43
G43E,-8.044,43
G43D,-5.665,43
G43N,-7.096,43
G43Q,-8.41,43
G43T,-10.685,43
G43S,-8.125,43
G43C,-10.414,43
G43G,0.0,43
G43A,-7.384,43
G43V,-10.512,43
G43L,-11.741,43
G43I,-12.95,43
G43M,-12.597,43
G43P,-15.367,43
G43Y,-11.971,43
G43F,-12.5,43
G43W,-14.305,43
K44K,0.0,44
K44R,-2.824,44
K44H,-6.621,44
K44E,-7.28,44
K44D,-8.7,44
K44N,-6.008,44
K44Q,-4.954,44
K44T,-6.097,44
K44S,-6.155,44
K44C,-6.419,44
K44G,-5.778,44
K44A,-5.666,44
K44V,-4.999,44
K44L,-6.966,44
K44I,-6.775,44
K44M,-6.616,44
K44P,-12.136,44
K44Y,-9.67,44
K44F,-9.65,44
K44W,-10.62,44
D45K,-5.024,45
D45R,-6.667,45
D45H,-6.424,45
D45E,0.299,45
D45D,0.0,45
D45N,-6.343,45
D45Q,-2.047,45
D45T,-5.32,45
D45S,-5.354,45
D45C,-7.716,45
D45G,-7.241,45
D45A,-5.028,45
D45V,-3.931,45
D45L,-6.987,45
D45I,-6.038,45
D45M,-7.034,45
D45P,-9.039,45
D45Y,-8.742,45
D45F,-8.918,45
D45W,-11.279,45
G46K,-14.037,46
G46R,-10.433,46
G46H,-14.644,46
G46E,-14.298,46
G46D,-14.766,46
G46N,-14.643,46
G46Q,-14.754,46
G46T,-16.357,46
G46S,-12.485,46
G46C,-12.482,46
G46G,0.0,46
G46A,-12.345,46
G46V,-14.449,46
G46L,-15.083,46
G46I,-16.745,46
G46M,-16.065,46
G46P,-16.365,46
G46Y,-14.41,46
G46F,-14.987,46
G46W,-13.218,46
F47K,-17.001,47
F47R,-15.13,47
F47H,-11.657,47
F47E,-16.636,47
F47D,-16.69,47
F47N,-14.481,47
F47Q,-14.999,47
F47T,-14.115,47
F47S,-12.422,47
F47C,-11.686,47
F47G,-15.952,47
F47A,-13.517,47
F47V,-11.529,47
F47L,-6.601,47
F47I,-9.133,47
F47M,-9.2,47
F47P,-15.67,47
F47Y,-5.609,47
F47F,0.0,47
F47W,-12.223,47
I48K,-16.404,48
I48R,-17.244,48
I48H,-17.973,48
I48E,-15.282,48
I48D,-16.519,48
I48N,-15.056,48
I48Q,-17.597,48
I48T,-10.847,48
I48S,-13.183,48
I48C,-12.905,48
I48G,-15.258,48
I48A,-10.827,48
I48V,-3.37,48
I48L,-9.805,48
I48I,0.0,48
I48M,-10.603,48
I48P,-17.637,48
I48Y,-16.661,48
I48F,-12.167,48
I48W,-19.168,48
P49K,-18.403,49
P49R,-15.741,49
P49H,-14.947,49
P49E,-19.186,49
P49D,-19.177,49
P49N,-17.924,49
P49Q,-15.432,49
P49T,-15.544,49
P49S,-13.111,49
P49C,-17.172,49
P49G,-16.228,49
P49A,-13.766,49
P49V,-16.975,49
P49L,-12.878,49
P49I,-17.641,49
P49M,-17.868,49
P49P,0.0,49
P49Y,-17.532,49
P49F,-17.328,49
P49W,-18.11,49
K50K,0.0,50
K50R,-6.78,50
K50H,-10.954,50
K50E,-13.122,50
K50D,-14.681,50
K50N,-9.403,50
K50Q,-10.688,50
K50T,-9.565,50
K50S,-8.089,50
K50C,-10.475,50
K50G,-11.737,50
K50A,-8.606,50
K50V,-10.974,50
K50L,-13.863,50
K50I,-12.078,50
K50M,-11.605,50
K50P,-15.932,50
K50Y,-13.111,50
K50F,-13.841,50
K50W,-14.476,50
N51K,-12.583,51
N51R,-13.457,51
N51H,-12.629,51
N51E,-14.728,51
N51D,-12.478,51
N51N,0.0,51
N51Q,-13.259,51
N51T,-9.232,51
N51S,-7.728,51
N51C,-12.415,51
N51G,-10.771,51
N51A,-11.284,51
N51V,-11.665,51
N51L,-13.7,51
N51I,-11.434,51
N51M,-13.776,51
N51P,-13.355,51
N51Y,-15.242,51
N51F,-15.281,51
N51W,-18.585,51
Y52K,-21.916,52
Y52R,-20.266,52
Y52H,-15.935,52
Y52E,-21.375,52
Y52D,-19.023,52
Y52N,-18.632,52
Y52Q,-20.255,52
Y52T,-20.859,52
Y52S,-18.153,52
Y52C,-16.343,52
Y52G,-20.774,52
Y52A,-20.945,52
Y52V,-19.382,52
Y52L,-14.692,52
Y52I,-18.352,52
Y52M,-20.343,52
Y52P,-21.491,52
Y52Y,0.0,52
Y52F,-11.609,52
Y52W,-19.148,52
I53K,-16.099,53
I53R,-17.653,53
I53H,-19.916,53
I53E,-20.286,53
I53D,-21.234,53
I53N,-18.688,53
I53Q,-18.662,53
I53T,-13.919,53
I53S,-17.534,53
I53C,-17.461,53
I53G,-20.37,53
I53A,-15.743,53
I53V,-9.551,53
I53L,-12.208,53
I53I,0.0,53
I53M,-12.973,53
I53P,-19.324,53
I53Y,-19.252,53
I53F,-16.8,53
I53W,-19.611,53
E54K,-7.91,54
E54R,-8.498,54
E54H,-8.124,54
E54E,0.0,54
E54D,-5.694,54
E54N,-8.419,54
E54Q,-5.979,54
E54T,-7.069,54
E54S,-6.703,54
E54C,-9.809,54
E54G,-6.526,54
E54A,-6.52,54
E54V,-8.874,54
E54L,-8.81,54
E54I,-9.741,54
E54M,-9.116,54
E54P,-13.953,54
E54Y,-8.238,54
E54F,-9.787,54
E54W,-11.995,54
M55K,-10.077,55
M55R,-10.112,55
M55H,-12.5,55
M55E,-11.861,55
M55D,-13.224,55
M55N,-11.018,55
M55Q,-10.122,55
M55T,-7.993,55
M55S,-9.976,55
M55C,-10.168,55
M55G,-12.865,55
M55A,-9.551,55
M55V,-3.907,55
M55L,-6.932,55
M55I,-4.217,55
M55M,0.0,55
M55P,-11.454,55
M55Y,-11.949,55
M55F,-10.143,55
M55W,-13.653,55
K56K,0.0,56
K56R,-7.44,56
K56H,-13.426,56
K56E,-15.389,56
K56D,-17.682,56
K56N,-12.735,56
K56Q,-12.773,56
K56T,-12.76,56
K56S,-13.587,56
K56C,-14.085,56
K56G,-17.067,56
K56A,-14.696,56
K56V,-12.128,56
K56L,-14.473,56
K56I,-13.45,56
K56M,-13.832,56
K56P,-19.078,56
K56Y,-16.098,56
K56F,-16.629,56
K56W,-16.859,56
P57K,-10.196,57
P57R,-10.695,57
P57H,-10.639,57
P57E,-10.391,57
P57D,-11.795,57
P57N,-10.832,57
P57Q,-8.844,57
P57T,-9.367,57
P57S,-8.661,57
P57C,-12.014,57
P57G,-13.002,57
P57A,-9.073,57
P57V,-10.878,57
P57L,-9.287,57
P57I,-11.402,57
P57M,-11.049,57
P57P,0.0,57
P57Y,-12.636,57
P57F,-12.039,57
P57W,-15.408,57
H58K,-15.077,58
H58R,-12.27,58
H58H,0.0,58
H58E,-16.544,58
H58D,-16.0,58
H58N,-11.47,58
H58Q,-12.92,58
H58T,-14.657,58
H58S,-13.747,58
H58C,-13.843,58
H58G,-16.896,58
H58A,-16.6,58
H58V,-15.856,58
H58L,-14.16,58
H58I,-15.2,58
H58M,-16.063,58
H58P,-16.375,58
H58Y,-10.639,58
H58F,-13.227,58
H58W,-16.99,58
P59K,-7.614,59
P59R,-7.35,59
P59H,-8.73,59
P59E,-8.1,59
P59D,-7.671,59
P59N,-7.815,59
P59Q,-7.404,59
P59T,-7.387,59
P59S,-4.759,59
P59C,-9.693,59
P59G,-5.347,59
P59A,-5.657,59
P59V,-8.972,59
P59L,-8.37,59
P59I,-9.855,59
P59M,-9.83,59
P59P,0.0,59
P59Y,-10.82,59
P59F,-10.653,59
P59W,-11.775,59
W60K,-17.467,60
W60R,-12.941,60
W60H,-15.283,60
W60E,-17.896,60
W60D,-18.064,60
W60N,-17.216,60
W60Q,-15.925,60
W60T,-16.727,60
W60S,-13.145,60
W60C,-11.925,60
W60G,-15.093,60
W60A,-16.036,60
W60V,-15.252,60
W60L,-12.69,60
W60I,-17.177,60
W60M,-16.061,60
W60P,-19.089,60
W60Y,-10.262,60
W60F,-8.724,60
W60W,0.0,60
F61K,-12.101,61
F61R,-10.422,61
F61H,-7.165,61
F61E,-14.662,61
F61D,-13.646,61
F61N,-9.251,61
F61Q,-11.687,61
F61T,-12.055,61
F61S,-9.77,61
F61C,-8.698,61
F61G,-13.255,61
F61A,-12.85,61
F61V,-11.995,61
F61L,-10.347,61
F61I,-12.668,61
F61M,-12.245,61
F61P,-13.563,61
F61Y,-2.613,61
F61F,0.0,61
F61W,-11.705,61
F62K,-7.456,62
F62R,-9.362,62
F62H,-7.266,62
F62E,-7.638,62
F62D,-9.783,62
F62N,-8.275,62
F62Q,-7.99,62
F62T,-5.355,62
F62S,-3.892,62
F62C,-6.153,62
F62G,-6.405,62
F62A,-2.642,62
F62V,-2.699,62
F62L,-7.286,62
F62I,-5.737,62
F62M,-7.013,62
F62P,-4.549,62
F62Y,-3.935,62
F62F,0.0,62
F62W,-9.908,62
G63K,-7.948,63
G63R,-8.515,63
G63H,-10.54,63
G63E,-10.065,63
G63D,-10.925,63
G63N,-8.107,63
G63Q,-9.592,63
G63T,-10.006,63
G63S,-6.823,63
G63C,-11.421,63
G63G,0.0,63
G63A,-9.608,63
G63V,-12.421,63
G63L,-12.593,63
G63I,-13.788,63
G63M,-13.132,63
G63P,-7.973,63
G63Y,-12.422,63
G63F,-12.911,63
G63W,-12.655,63
K64K,0.0,64
K64R,-2.588,64
K64H,-7.169,64
K64E,-9.677,64
K64D,-9.599,64
K64N,-4.642,64
K64Q,-6.393,64
K64T,-7.034,64
K64S,-6.219,64
K64C,-9.424,64
K64G,-7.002,64
K64A,-7.112,64
K64V,-9.099,64
K64L,-9.63,64
K64I,-9.379,64
K64M,-9.631,64
K64P,-7.425,64
K64Y,-11.0,64
K64F,-12.255,64
K64W,-12.341,64
I65K,-14.567,65
I65R,-15.072,65
I65H,-14.894,65
I65E,-13.907,65
I65D,-14.627,65
I65N,-12.693,65
I65Q,-14.074,65
I65T,-9.252,65
I65S,-12.085,65
I65C,-11.423,65
I65G,-13.658,65
I65A,-9.553,65
I65V,-5.622,65
I65L,-8.096,65
I65I,0.0,65
I65M,-8.491,65
I65P,-15.266,65
I65Y,-14.295,65
I65F,-12.241,65
I65W,-16.45,65
P66K,-8.634,66
P66R,-8.7,66
P66H,-9.3,66
P66E,-8.937,66
P66D,-9.637,66
P66N,-5.293,66
P66Q,-7.013,66
P66T,-1.513,66
P66S,-1.764,66
P66C,-7.642,66
P66G,-5.153,66
P66A,-3.991,66
P66V,-6.27,66
P66L,-6.156,66
P66I,-6.379,66
P66M,-6.895,66
P66P,0.0,66
P66Y,-10.984,66
P66F,-9.714,66
P66W,-12.599,66
R67K,-5.554,67
R67R,0.0,67
R67H,-12.356,67
R67E,-14.707,67
R67D,-18.883,67
R67N,-14.778,67
R67Q,-10.796,67
R67T,-13.829,67
R67S,-13.495,67
R67C,-13.285,67
R67G,-13.199,67
R67A,-14.082,67
R67V,-15.463,67
R67L,-14.361,67
R67I,-14.572,67
R67M,-14.049,67
R67P,-14.777,67
R67Y,-17.756,67
R67F,-17.972,67
R67W,-14.587,67
A68K,-8.26,68
A68R,-7.894,68
A68H,-3.738,68
A68E,-6.57,68
A68D,-6.789,68
A68N,-3.745,68
A68Q,-1.848,68
A68T,-4.573,68
A68S,-2.786,68
A68C,-7.629,68
A68G,-5.141,68
A68A,0.0,68
A68V,-5.953,68
A68L,-4.662,68
A68I,-6.061,68
A68M,-6.52,68
A68P,-2.845,68
A68Y,-6.341,68
A68F,-5.922,68
A68W,-9.017,68
K69K,0.0,69
K69R,-5.148,69
K69H,-6.132,69
K69E,-6.148,69
K69D,-6.889,69
K69N,-4.991,69
K69Q,-3.719,69
K69T,-4.84,69
K69S,-5.48,69
K69C,-9.393,69
K69G,-5.868,69
K69A,-4.607,69
K69V,-5.638,69
K69L,-6.813,69
K69I,-7.448,69
K69M,-7.32,69
K69P,-10.88,69
K69Y,-9.516,69
K69F,-9.626,69
K69W,-12.416,69
A70K,-19.381,70
A70R,-17.766,70
A70H,-18.399,70
A70E,-14.298,70
A70D,-15.163,70
A70N,-16.126,70
A70Q,-16.482,70
A70T,-8.494,70
A70S,-7.928,70
A70C,-10.953,70
A70G,-10.079,70
A70A,0.0,70
A70V,-9.604,70
A70L,-16.052,70
A70I,-15.748,70
A70M,-16.119,70
A70P,-15.215,70
A70Y,-18.335,70
A70F,-17.533,70
A70W,-20.511,70
E71K,-14.69,71
E71R,-16.942,71
E71H,-12.167,71
E71E,0.0,71
E71D,-7.037,71
E71N,-10.657,71
E71Q,-8.95,71
E71T,-9.915,71
E71S,-11.1,71
E71C,-13.674,71
E71G,-10.542,71
E71A,-10.467,71
E71V,-10.316,71
E71L,-13.587,71
E71I,-12.611,71
E71M,-12.522,71
E71P,-18.138,71
E71Y,-14.071,71
E71F,-14.965,71
E71W,-17.775,71
E72K,-10.854,72
E72R,-13.017,72
E72H,-11.621,72
E72E,0.0,72
E72D,-5.723,72
E72N,-11.133,72
E72Q,-7.858,72
E72T,-11.241,72
E72S,-11.098,72
E72C,-14.972,72
E72G,-10.761,72
E72A,-9.751,72
E72V,-11.282,72
E72L,-12.186,72
E72I,-12.706,72
E72M,-12.494,72
E72P,-15.276,72
E72Y,-13.822,72
E72F,-14.876,72
E72W,-16.758,72
M73K,-9.975,73
M73R,-9.686,73
M73H,-8.608,73
M73E,-7.009,73
M73D,-12.447,73
M73N,-9.936,73
M73Q,-7.12,73
M73T,-3.822,73
M73S,-7.743,73
M73C,-8.791,73
M73G,-10.017,73
M73A,-6.19,73
M73V,-4.916,73
M73L,-0.055,73
M73I,-3.515,73
M73M,0.0,73
M73P,-11.46,73
M73Y,-8.918,73
M73F,-6.852,73
M73W,-11.012,73
L74K,-15.818,74
L74R,-13.662,74
L74H,-14.627,74
L74E,-17.508,74
L74D,-19.012,74
L74N,-16.408,74
L74Q,-13.264,74
L74T,-13.406,74
L74S,-14.175,74
L74C,-15.858,74
L74G,-16.711,74
L74A,-15.167,74
L74V,-10.781,74
L74L,0.0,74
L74I,-9.805,74
L74M,-8.75,74
L74P,-11.766,74
L74Y,-15.489,74
L74F,-10.408,74
L74W,-14.957,74
S75K,-6.618,75
S75R,-6.672,75
S75H,-7.136,75
S75E,-9.954,75
S75D,-10.622,75
S75N,-2.922,75
S75Q,-6.669,75
S75T,-4.172,75
S75S,0.0,75
S75C,-5.979,75
S75G,-5.688,75
S75A,-5.666,75
S75V,-6.164,75
S75L,-3.303,75
S75I,-5.644,75
S75M,-3.834,75
S75P,-11.4,75
S75Y,-7.406,75
S75F,-7.183,75
S75W,-8.765,75
K76K,0.0,76
K76R,-3.41,76
K76H,-4.425,76
K76E,-4.277,76
K76D,-6.125,76
K76N,-4.004,76
K76Q,-2.096,76
K76T,-3.961,76
K76S,-2.743,76
K76C,-5.849,76
K76G,-4.29,76
K76A,-3.11,76
K76V,-5.813,76
K76L,-4.955,76
K76I,-6.491,76
K76M,-4.913,76
K76P,-8.47,76
K76Y,-6.983,76
K76F,-7.746,76
K76W,-8.797,76
Q77K,-3.852,77
Q77R,-2.131,77
Q77H,-3.197,77
Q77E,-3.426,77
Q77D,-7.143,77
Q77N,-5.448,77
Q77Q,0.0,77
Q77T,-5.873,77
Q77S,-5.719,77
Q77C,-5.742,77
Q77G,-7.619,77
Q77A,-6.116,77
Q77V,-5.008,77
Q77L,-6.273,77
Q77I,-6.036,77
Q77M,-6.453,77
Q77P,-7.579,77
Q77Y,-3.428,77
Q77F,-4.334,77
Q77W,-3.695,77
R78K,-3.14,78
R78R,0.0,78
R78H,-3.283,78
R78E,-5.796,78
R78D,-6.428,78
R78N,-3.417,78
R78Q,-1.639,78
R78T,-5.972,78
R78S,-3.918,78
R78C,-5.377,78
R78G,-3.055,78
R78A,-3.814,78
R78V,-4.832,78
R78L,-5.996,78
R78I,-6.33,78
R78M,-5.987,78
R78P,-6.036,78
R78Y,-7.016,78
R78F,-7.679,78
R78W,-5.588,78
H79K,-7.968,79
H79R,-7.79,79
H79H,0.0,79
H79E,-6.911,79
H79D,-7.74,79
H79N,-5.64,79
H79Q,-6.162,79
H79T,-8.24,79
H79S,-7.864,79
H79C,-8.157,79
H79G,-9.8,79
H79A,-8.911,79
H79V,-7.77,79
H79L,-7.083,79
H79I,-6.772,79
H79M,-8.179,79
H79P,-10.158,79
H79Y,-4.419,79
H79F,-4.69,79
H79W,-10.152,79
D80K,-10.632,80
D80R,-11.546,80
D80H,-7.922,80
D80E,-4.066,80
D80D,0.0,80
D80N,-7.843,80
D80Q,-7.316,80
D80T,-8.887,80
D80S,-8.449,80
D80C,-11.615,80
D80G,-9.378,80
D80A,-7.916,80
D80V,-8.994,80
D80L,-9.213,80
D80I,-10.078,80
D80M,-10.72,80
D80P,-7.517,80
D80Y,-10.585,80
D80F,-11.4,80
D80W,-14.31,80
G81K,-10.574,81
G81R,-9.058,81
G81H,-12.384,81
G81E,-8.812,81
G81D,-8.528,81
G81N,-9.991,81
G81Q,-12.064,81
G81T,-12.066,81
G81S,-6.863,81
G81C,-9.315,81
G81G,0.0,81
G81A,-7.569,81
G81V,-10.682,81
G81L,-13.809,81
G81I,-14.058,81
G81M,-14.175,81
G81P,-14.457,81
G81Y,-13.57,81
G81F,-13.556,81
G81W,-11.042,81
A82K,-13.263,82
A82R,-12.431,82
A82H,-12.169,82
A82E,-11.854,82
A82D,-9.515,82
A82N,-10.927,82
A82Q,-12.791,82
A82T,-8.197,82
A82S,-5.434,82
A82C,-6.023,82
A82G,-7.219,82
A82A,0.0,82
A82V,-8.079,82
A82L,-10.775,82
A82I,-11.664,82
A82M,-11.961,82
A82P,-11.859,82
A82Y,-10.873,82
A82F,-9.536,82
A82W,-12.904,82
F83K,-20.411,83
F83R,-17.458,83
F83H,-14.824,83
F83E,-20.029,83
F83D,-19.087,83
F83N,-18.788,83
F83Q,-17.751,83
F83T,-18.424,83
F83S,-14.558,83
F83C,-12.551,83
F83G,-18.77,83
F83A,-17.047,83
F83V,-15.553,83
F83L,-13.775,83
F83I,-17.748,83
F83M,-16.714,83
F83P,-16.411,83
F83Y,-8.865,83
F83F,0.0,83
F83W,-14.2,83
L84K,-14.4,84
L84R,-12.531,84
L84H,-14.959,84
L84E,-15.917,84
L84D,-18.409,84
L84N,-15.381,84
L84Q,-13.136,84
L84T,-11.915,84
L84S,-13.555,84
L84C,-14.295,84
L84G,-17.583,84
L84A,-14.324,84
L84V,-10.29,84
L84L,0.0,84
L84I,-8.266,84
L84M,-5.787,84
L84P,-16.4,84
L84Y,-14.804,84
L84F,-11.063,84
L84W,-14.559,84
I85K,-21.222,85
I85R,-20.929,85
I85H,-20.63,85
I85E,-18.102,85
I85D,-19.364,85
I85N,-18.679,85
I85Q,-19.752,85
I85T,-13.833,85
I85S,-13.565,85
I85C,-14.695,85
I85G,-14.541,85
I85A,-10.621,85
I85V,-7.171,85
I85L,-10.38,85
I85I,0.0,85
I85M,-12.433,85
I85P,-17.033,85
I85Y,-20.505,85
I85F,-15.179,85
I85W,-20.476,85
R86K,-14.947,86
R86R,0.0,86
R86H,-12.177,86
R86E,-17.016,86
R86D,-18.403,86
R86N,-17.511,86
R86Q,-14.145,86
R86T,-16.354,86
R86S,-12.596,86
R86C,-13.963,86
R86G,-13.991,86
R86A,-16.814,86
R86V,-15.861,86
R86L,-14.871,86
R86I,-15.575,86
R86M,-16.613,86
R86P,-15.656,86
R86Y,-16.459,86
R86F,-16.672,86
R86W,-13.64,86
E87K,-10.506,87
E87R,-13.048,87
E87H,-11.269,87
E87E,0.0,87
E87D,-3.379,87
E87N,-9.868,87
E87Q,-9.129,87
E87T,-10.604,87
E87S,-10.816,87
E87C,-14.396,87
E87G,-9.77,87
E87A,-6.657,87
E87V,-9.808,87
E87L,-11.953,87
E87I,-10.682,87
E87M,-11.718,87
E87P,-10.748,87
E87Y,-13.259,87
E87F,-14.65,87
E87W,-17.169,87
S88K,-14.26,88
S88R,-9.225,88
S88H,-14.441,88
S88E,-18.295,88
S88D,-16.127,88
S88N,-11.731,88
S88Q,-15.417,88
S88T,-13.266,88
S88S,0.0,88
S88C,-6.508,88
S88G,-11.954,88
S88A,-12.344,88
S88V,-16.842,88
S88L,-12.881,88
S88I,-15.364,88
S88M,-17.142,88
S88P,-14.044,88
S88Y,-13.634,88
S88F,-13.611,88
S88W,-13.768,88
E89K,-14.139,89
E89R,-17.126,89
E89H,-15.144,89
E89E,0.0,89
E89D,-8.907,89
E89N,-14.589,89
E89Q,-11.005,89
E89T,-14.839,89
E89S,-15.182,89
E89C,-16.683,89
E89G,-13.294,89
E89A,-13.388,89
E89V,-13.838,89
E89L,-15.884,89
E89I,-17.151,89
E89M,-16.151,89
E89P,-16.215,89
E89Y,-17.537,89
E89F,-19.385,89
E89W,-19.579,89
S90K,-12.684,90
S90R,-9.921,90
S90H,-15.264,90
S90E,-16.249,90
S90D,-15.656,90
S90N,-11.223,90
S90Q,-14.687,90
S90T,-8.349,90
S90S,0.0,90
S90C,-12.776,90
S90G,-11.569,90
S90A,-10.574,90
S90V,-14.437,90
S90L,-14.462,90
S90I,-14.814,90
S90M,-14.151,90
S90P,-13.525,90
S90Y,-16.125,90
S90F,-15.708,90
S90W,-16.31,90
A91K,-8.818,91
A91R,-7.444,91
A91H,-4.747,91
A91E,-9.499,91
A91D,-9.554,91
A91N,-3.944,91
A91Q,-5.383,91
A91T,-3.174,91
A91S,-0.107,91
A91C,-7.4,91
A91G,-4.815,91
A91A,0.0,91
A91V,-6.017,91
A91L,-6.752,91
A91I,-6.69,91
A91M,-7.182,91
A91P,-7.351,91
A91Y,-6.853,91
A91F,-7.175,91
A91W,-9.203,91
P92K,-10.041,92
P92R,-10.238,92
P92H,-11.256,92
P92E,-12.325,92
P92D,-13.158,92
P92N,-10.993,92
P92Q,-9.178,92
P92T,-8.433,92
P92S,-8.556,92
P92C,-12.287,92
P92G,-10.098,92
P92A,-6.854,92
P92V,-8.886,92
P92L,-8.675,92
P92I,-9.863,92
P92M,-10.184,92
P92P,0.0,92
P92Y,-13.85,92
P92F,-12.394,92
P92W,-14.578,92
G93K,-11.672,93
G93R,-10.009,93
G93H,-11.508,93
G93E,-9.98,93
G93D,-9.846,93
G93N,-6.706,93
G93Q,-11.408,93
G93T,-7.972,93
G93S,-6.451,93
G93C,-10.042,93
G93G,0.0,93
G93A,-8.651,93
G93V,-10.698,93
G93L,-11.763,93
G93I,-11.594,93
G93M,-11.344,93
G93P,-14.94,93
G93Y,-12.889,93
G93F,-12.49,93
G93W,-12.24,93
D94K,-14.442,94
D94R,-15.48,94
D94H,-11.01,94
D94E,-4.451,94
D94D,0.0,94
D94N,-10.077,94
D94Q,-10.469,94
D94T,-12.595,94
D94S,-11.422,94
D94C,-13.729,94
D94G,-9.876,94
D94A,-10.021,94
D94V,-11.901,94
D94L,-14.651,94
D94I,-14.93,94
D94M,-15.676,94
D94P,-16.904,94
D94Y,-11.852,94
D94F,-14.15,94
D94W,-17.405,94
F95K,-16.445,95
F95R,-14.574,95
F95H,-12.177,95
F95E,-17.889,95
F95D,-18.098,95
F95N,-15.871,95
F95Q,-14.2,95
F95T,-15.613,95
F95S,-13.893,95
F95C,-11.97,95
F95G,-17.528,95
F95A,-16.062,95
F95V,-12.11,95
F95L,-7.958,95
F95I,-12.601,95
F95M,-12.553,95
F95P,-16.293,95
F95Y,-7.819,95
F95F,0.0,95
F95W,-13.802,95
S96K,-18.679,96
S96R,-16.16,96
S96H,-18.557,96
S96E,-20.264,96
S96D,-17.688,96
S96N,-14.445,96
S96Q,-19.54,96
S96T,-9.406,96
S96S,0.0,96
S96C,-12.755,96
S96G,-15.153,96
S96A,-11.124,96
S96V,-15.765,96
S96L,-14.986,96
S96I,-15.78,96
S96M,-17.76,96
S96P,-15.901,96
S96Y,-16.174,96
S96F,-14.821,96
S96W,-18.275,96
L97K,-14.718,97
L97R,-14.373,97
L97H,-15.366,97
L97E,-8.725,97
L97D,-11.985,97
L97N,-15.356,97
L97Q,-13.99,97
L97T,-11.514,97
L97S,-12.599,97
L97C,-10.653,97
L97G,-12.711,97
L97A,-8.495,97
L97V,-0.034,97
L97L,0.0,97
L97I,-4.209,97
L97M,-9.573,97
L97P,-12.421,97
L97Y,-15.843,97
L97F,-11.985,97
L97W,-16.463,97
S98K,-18.528,98
S98R,-14.904,98
S98H,-17.114,98
S98E,-19.455,98
S98D,-15.294,98
S98N,-14.565,98
S98Q,-17.836,98
S98T,-7.592,98
S98S,0.0,98
S98C,-12.826,98
S98G,-13.14,98
S98A,-13.676,98
S98V,-17.517,98
S98L,-13.664,98
S98I,-15.174,98
S98M,-16.763,98
S98P,-14.674,98
S98Y,-14.814,98
S98F,-13.812,98
S98W,-17.11,98
V99K,-19.457,99
V99R,-19.402,99
V99H,-20.82,99
V99E,-18.891,99
V99D,-19.079,99
V99N,-18.411,99
V99Q,-20.013,99
V99T,-10.536,99
V99S,-14.558,99
V99C,-13.518,99
V99G,-14.177,99
V99A,-10.042,99
V99V,0.0,99
V99L,-9.405,99
V99I,-6.719,99
V99M,-10.83,99
V99P,-15.612,99
V99Y,-18.895,99
V99F,-12.601,99
V99W,-18.515,99
K100K,0.0,100
K100R,-3.681,100
K100H,-7.989,100
K100E,-14.635,100
K100D,-14.262,100
K100N,-3.891,100
K100Q,-11.637,100
K100T,-9.729,100
K100S,-6.709,100
K100C,-9.662,100
K100G,-12.326,100
K100A,-8.894,100
K100V,-12.247,100
K100L,-9.489,100
K100I,-11.586,100
K100M,-10.6,100
K100P,-15.875,100
K100Y,-9.899,100
K100F,-10.969,100
K100W,-11.977,100
F101K,-10.023,101
F101R,-7.513,101
F101H,-5.718,101
F101E,-13.473,101
F101D,-12.544,101
F101N,-10.108,101
F101Q,-9.24,101
F101T,-11.801,101
F101S,-9.938,101
F101C,-6.435,101
F101G,-12.603,101
F101A,-10.454,101
F101V,-9.784,101
F101L,-9.511,101
F101I,-11.965,101
F101M,-10.707,101
F101P,-14.493,101
F101Y,-3.041,101
F101F,0.0,101
F101W,-9.048,101
G102K,-8.349,102
G102R,-8.068,102
G102H,-8.076,102
G102E,-5.803,102
G102D,-6.049,102
G102N,-6.671,102
G102Q,-6.904,102
G102T,-9.116,102
G102S,-7.338,102
G102C,-9.293,102
G102G,0.0,102
G102A,-7.186,102
G102V,-9.379,102
G102L,-9.639,102
G102I,-10.661,102
G102M,-10.697,102
G102P,-11.101,102
G102Y,-10.691,102
G102F,-11.589,102
G102W,-11.465,102
N103K,-5.587,103
N103R,-6.382,103
N103H,-7.078,103
N103E,-4.597,103
N103D,-2.144,103
N103N,0.0,103
N103Q,-5.748,103
N103T,-6.604,103
N103S,-5.781,103
N103C,-9.592,103
N103G,-6.404,103
N103A,-6.759,103
N103V,-8.64,103
N103L,-9.459,103
N103I,-10.006,103
N103M,-9.329,103
N103P,-8.969,103
N103Y,-9.85,103
N103F,-11.358,103
N103W,-12.883,103
D104K,-12.147,104
D104R,-12.07,104
D104H,-9.552,104
D104E,-6.525,104
D104D,0.0,104
D104N,-5.528,104
D104Q,-8.164,104
D104T,-7.92,104
D104S,-4.875,104
D104C,-10.922,104
D104G,-5.262,104
D104A,-7.651,104
D104V,-10.156,104
D104L,-9.962,104
D104I,-11.471,104
D104M,-11.113,104
D104P,-12.064,104
D104Y,-11.493,104
D104F,-11.452,104
D104W,-14.219,104
V105K,-17.411,105
V105R,-17.412,105
V105H,-18.329,105
V105E,-14.961,105
V105D,-16.157,105
V105N,-15.956,105
V105Q,-18.419,105
V105T,-9.887,105
V105S,-15.202,105
V105C,-14.582,105
V105G,-14.81,105
V105A,-10.45,105
V105V,0.0,105
V105L,-12.065,105
V105I,-7.582,105
V105M,-11.574,105
V105P,-14.184,105
V105Y,-17.235,105
V105F,-14.145,105
V105W,-18.393,105
Q106K,-13.45,106
Q106R,-14.14,106
Q106H,-12.566,106
Q106E,-9.257,106
Q106D,-18.279,106
Q106N,-16.925,106
Q106Q,0.0,106
Q106T,-16.664,106
Q106S,-16.534,106
Q106C,-17.569,106
Q106G,-17.657,106
Q106A,-16.434,106
Q106V,-15.76,106
Q106L,-13.33,106
Q106I,-17.017,106
Q106M,-14.354,106
Q106P,-17.072,106
Q106Y,-17.388,106
Q106F,-18.072,106
Q106W,-17.367,106
H107K,-15.986,107
H107R,-10.33,107
H107H,0.0,107
H107E,-18.66,107
H107D,-17.178,107
H107N,-12.915,107
H107Q,-13.131,107
H107T,-14.187,107
H107S,-12.934,107
H107C,-15.804,107
H107G,-15.668,107
H107A,-17.451,107
H107V,-17.876,107
H107L,-15.399,107
H107I,-15.935,107
H107M,-17.883,107
H107P,-16.697,107
H107Y,-13.077,107
H107F,-16.509,107
H107W,-17.348,107
F108K,-17.461,108
F108R,-17.116,108
F108H,-18.815,108
F108E,-19.655,108
F108D,-22.018,108
F108N,-20.835,108
F108Q,-19.195,108
F108T,-17.56,108
F108S,-17.588,108
F108C,-16.205,108
F108G,-16.57,108
F108A,-16.506,108
F108V,-12.728,108
F108L,-12.669,108
F108I,-12.27,108
F108M,-12.017,108
F108P,-18.334,108
F108Y,-14.259,108
F108F,0.0,108
F108W,-15.574,108
K109K,0.0,109
K109R,-7.65,109
K109H,-16.139,109
K109E,-16.325,109
K109D,-21.17,109
K109N,-15.328,109
K109Q,-15.036,109
K109T,-15.541,109
K109S,-16.268,109
K109C,-16.824,109
K109G,-15.709,109
K109A,-17.451,109
K109V,-16.146,109
K109L,-15.503,109
K109I,-13.811,109
K109M,-12.624,109
K109P,-17.318,109
K109Y,-20.492,109
K109F,-20.118,109
K109W,-17.399,109
V110K,-19.029,110
V110R,-19.833,110
V110H,-21.96,110
V110E,-18.944,110
V110D,-19.608,110
V110N,-20.79,110
V110Q,-21.486,110
V110T,-15.658,110
V110S,-17.643,110
V110C,-16.449,110
V110G,-16.302,110
V110A,-12.296,110
V110V,0.0,110
V110L,-12.635,110
V110I,-8.179,110
V110M,-13.568,110
V110P,-16.055,110
V110Y,-21.312,110
V110F,-16.521,110
V110W,-20.685,110
L111K,-17.435,111
L111R,-14.782,111
L111H,-14.17,111
L111E,-18.231,111
L111D,-20.291,111
L111N,-14.702,111
L111Q,-13.286,111
L111T,-13.99,111
L111S,-14.152,111
L111C,-15.344,111
L111G,-17.46,111
L111A,-16.481,111
L111V,-11.025,111
L111L,0.0,111
L111I,-12.47,111
L111M,-8.754,111
L111P,-16.423,111
L111Y,-16.301,111
L111F,-12.527,111
L111W,-14.942,111
R112K,-5.853,112
R112R,0.0,112
R112H,-12.281,112
R112E,-15.116,112
R112D,-18.885,112
R112N,-14.597,112
R112Q,-11.358,112
R112T,-13.522,112
R112S,-13.324,112
R112C,-12.036,112
R112G,-14.526,112
R112A,-15.34,112
R112V,-15.627,112
R112L,-13.26,112
R112I,-13.618,112
R112M,-11.201,112
R112P,-14.408,112
R112Y,-16.617,112
R112F,-17.622,112
R112W,-13.278,112
D113K,-15.399,113
D113R,-16.853,113
D113H,-15.028,113
D113E,-6.063,113
D113D,0.0,113
D113N,-12.239,113
D113Q,-14.375,113
D113T,-13.772,113
D113S,-14.996,113
D113C,-15.474,113
D113G,-11.706,113
D113A,-12.752,113
D113V,-13.675,113
D113L,-14.256,113
D113I,-15.498,113
D113M,-16.738,113
D113P,-19.45,113
D113Y,-15.159,113
D113F,-17.406,113
D113W,-19.774,113
G114K,-6.542,114
G114R,-8.203,114
G114H,-9.133,114
G114E,-9.527,114
G114D,-10.207,114
G114N,-4.638,114
G114Q,-7.945,114
G114T,-6.628,114
G114S,-5.263,114
G114C,-10.264,114
G114G,0.0,114
G114A,-4.417,114
G114V,-7.847,114
G114L,-9.172,114
G114I,-9.045,114
G114M,-9.379,114
G114P,-8.438,114
G114Y,-12.499,114
G114F,-11.628,114
G114W,-14.154,114
A115K,-10.55,115
A115R,-10.0,115
A115H,-8.829,115
A115E,-9.118,115
A115D,-10.443,115
A115N,-6.859,115
A115Q,-5.359,115
A115T,-6.291,115
A115S,-5.182,115
A115C,-9.916,115
A115G,-7.032,115
A115A,0.0,115
A115V,-7.702,115
A115L,-8.939,115
A115I,-9.266,115
A115M,-8.653,115
A115P,-9.446,115
A115Y,-11.423,115
A115F,-11.135,115
A115W,-13.422,115
G116K,-13.584,116
G116R,-11.729,116
G116H,-13.242,116
G116E,-11.983,116
G116D,-10.567,116
G116N,-9.567,116
G116Q,-13.17,116
G116T,-13.598,116
G116S,-9.219,116
G116C,-11.885,116
G116G,0.0,116
G116A,-10.891,116
G116V,-13.427,116
G116L,-13.805,116
G116I,-16.555,116
G116M,-14.859,116
G116P,-17.984,116
G116Y,-14.984,116
G116F,-14.889,116
G116W,-13.534,116
K117K,0.0,117
K117R,-7.747,117
K117H,-11.179,117
K117E,-14.243,117
K117D,-12.988,117
K117N,-9.097,117
K117Q,-8.991,117
K117T,-11.074,117
K117S,-10.453,117
K117C,-12.216,117
K117G,-13.546,117
K117A,-12.315,117
K117V,-12.065,117
K117L,-12.194,117
K117I,-12.651,117
K117M,-10.332,117
K117P,-18.149,117
K117Y,-14.61,117
K117F,-14.436,117
K117W,-16.076,117
Y118K,-20.222,118
Y118R,-16.48,118
Y118H,-9.544,118
Y118E,-19.645,118
Y118D,-15.523,118
Y118N,-15.585,118
Y118Q,-17.598,118
Y118T,-18.346,118
Y118S,-15.275,118
Y118C,-11.799,118
Y118G,-17.85,118
Y118A,-18.481,118
Y118V,-15.56,118
Y118L,-14.182,118
Y118I,-15.966,118
Y118M,-16.511,118
Y118P,-20.135,118
Y118Y,0.0,118
Y118F,-5.916,118
Y118W,-11.626,118
F119K,-18.262,119
F119R,-16.661,119
F119H,-10.216,119
F119E,-18.73,119
F119D,-17.157,119
F119N,-13.991,119
F119Q,-15.996,119
F119T,-16.399,119
F119S,-12.241,119
F119C,-11.593,119
F119G,-17.325,119
F119A,-15.224,119
F119V,-14.03,119
F119L,-11.655,119
F119I,-13.587,119
F119M,-14.814,119
F119P,-19.299,119
F119Y,-6.799,119
F119F,0.0,119
F119W,-14.348,119
L120K,-18.885,120
L120R,-17.636,120
L120H,-17.542,120
L120E,-19.757,120
L120D,-19.772,120
L120N,-19.665,120
L120Q,-16.013,120
L120T,-16.82,120
L120S,-18.591,120
L120C,-17.052,120
L120G,-19.64,120
L120A,-18.656,120
L120V,-12.588,120
L120L,0.0,120
L120I,-9.843,120
L120M,-11.238,120
L120P,-18.465,120
L120Y,-19.557,120
L120F,-15.393,120
L120W,-18.532,120
W121K,-17.113,121
W121R,-13.496,121
W121H,-17.097,121
W121E,-16.906,121
W121D,-17.943,121
W121N,-17.984,121
W121Q,-16.035,121
W121T,-19.019,121
W121S,-15.26,121
W121C,-14.058,121
W121G,-13.272,121
W121A,-18.142,121
W121V,-18.726,121
W121L,-16.492,121
W121I,-20.601,121
W121M,-19.061,121
W121P,-19.91,121
W121Y,-15.036,121
W121F,-16.55,121
W121W,0.0,121
V122K,-14.573,122
V122R,-14.026,122
V122H,-15.112,122
V122E,-12.637,122
V122D,-11.388,122
V122N,-13.73,122
V122Q,-15.051,122
V122T,-10.751,122
V122S,-11.932,122
V122C,-13.28,122
V122G,-13.379,122
V122A,-10.217,122
V122V,0.0,122
V122L,-11.739,122
V122I,-9.772,122
V122M,-11.454,122
V122P,-15.785,122
V122Y,-15.202,122
V122F,-14.359,122
V122W,-17.279,122
V123K,-14.804,123
V123R,-14.497,123
V123H,-14.488,123
V123E,-8.73,123
V123D,-11.966,123
V123N,-12.198,123
V123Q,-12.411,123
V123T,-10.961,123
V123S,-12.112,123
V123C,-13.238,123
V123G,-12.795,123
V123A,-9.96,123
V123V,0.0,123
V123L,-9.877,123
V123I,-8.664,123
V123M,-10.871,123
V123P,-14.481,123
V123Y,-14.753,123
V123F,-14.433,123
V123W,-16.247,123
K124K,0.0,124
K124R,-8.095,124
K124H,-14.92,124
K124E,-16.302,124
K124D,-20.308,124
K124N,-12.589,124
K124Q,-12.461,124
K124T,-9.126,124
K124S,-13.378,124
K124C,-14.741,124
K124G,-15.769,124
K124A,-16.309,124
K124V,-15.784,124
K124L,-15.092,124
K124I,-15.37,124
K124M,-14.308,124
K124P,-19.035,124
K124Y,-17.573,124
K124F,-18.316,124
K124W,-16.308,124
F125K,-16.727,125
F125R,-16.252,125
F125H,-11.661,125
F125E,-17.921,125
F125D,-18.512,125
F125N,-14.581,125
F125Q,-14.249,125
F125T,-14.96,125
F125S,-12.599,125
F125C,-10.598,125
F125G,-15.899,125
F125A,-15.193,125
F125V,-14.674,125
F125L,-11.907,125
F125I,-14.014,125
F125M,-14.379,125
F125P,-17.735,125
F125Y,-11.354,125
F125F,0.0,125
F125W,-15.339,125
N126K,-10.052,126
N126R,-9.973,126
N126H,-9.936,126
N126E,-12.811,126
N126D,-11.597,126
N126N,0.0,126
N126Q,-10.694,126
N126T,-9.607,126
N126S,-6.93,126
N126C,-11.607,126
N126G,-9.509,126
N126A,-9.673,126
N126V,-12.694,126
N126L,-12.862,126
N126I,-12.888,126
N126M,-14.031,126
N126P,-11.138,126
N126Y,-12.049,126
N126F,-13.266,126
N126W,-14.507,126
S127K,-15.935,127
S127R,-14.071,127
S127H,-15.324,127
S127E,-17.174,127
S127D,-15.547,127
S127N,-11.555,127
S127Q,-15.502,127
S127T,-7.364,127
S127S,0.0,127
S127C,-10.619,127
S127G,-9.793,127
S127A,-8.708,127
S127V,-13.753,127
S127L,-13.058,127
S127I,-14.224,127
S127M,-14.789,127
S127P,-14.124,127
S127Y,-14.435,127
S127F,-13.098,127
S127W,-16.317,127
L128K,-15.889,128
L128R,-12.537,128
L128H,-13.972,128
L128E,-16.963,128
L128D,-19.883,128
L128N,-16.629,128
L128Q,-12.33,128
L128T,-14.364,128
L128S,-13.982,128
L128C,-14.55,128
L128G,-17.653,128
L128A,-16.026,128
L128V,-10.022,128
L128L,0.0,128
L128I,-8.889,128
L128M,-8.892,128
L128P,-11.904,128
L128Y,-16.097,128
L128F,-12.096,128
L128W,-14.911,128
N129K,-11.696,129
N129R,-14.148,129
N129H,-12.275,129
N129E,-16.071,129
N129D,-13.995,129
N129N,0.0,129
N129Q,-13.487,129
N129T,-10.216,129
N129S,-8.824,129
N129C,-13.494,129
N129G,-12.252,129
N129A,-12.428,129
N129V,-13.923,129
N129L,-15.441,129
N129I,-13.268,129
N129M,-14.81,129
N129P,-14.815,129
N129Y,-15.074,129
N129F,-16.277,129
N129W,-19.094,129
E130K,-10.537,130
E130R,-14.839,130
E130H,-12.699,130
E130E,0.0,130
E130D,-7.409,130
E130N,-12.594,130
E130Q,-9.429,130
E130T,-14.295,130
E130S,-13.035,130
E130C,-15.515,130
E130G,-12.619,130
E130A,-11.407,130
E130V,-14.542,130
E130L,-13.776,130
E130I,-16.592,130
E130M,-12.535,130
E130P,-17.971,130
E130Y,-15.637,130
E130F,-17.108,130
E130W,-17.665,130
L131K,-16.237,131
L131R,-14.124,131
L131H,-14.379,131
L131E,-17.117,131
L131D,-19.171,131
L131N,-18.435,131
L131Q,-12.935,131
L131T,-15.632,131
L131S,-14.997,131
L131C,-15.417,131
L131G,-18.194,131
L131A,-14.795,131
L131V,-11.379,131
L131L,0.0,131
L131I,-11.334,131
L131M,-10.441,131
L131P,-11.252,131
L131Y,-17.837,131
L131F,-11.552,131
L131W,-15.848,131
V132K,-17.922,132
V132R,-17.883,132
V132H,-19.162,132
V132E,-14.878,132
V132D,-16.111,132
V132N,-17.325,132
V132Q,-17.777,132
V132T,-13.886,132
V132S,-13.197,132
V132C,-13.582,132
V132G,-14.668,132
V132A,-9.84,132
V132V,0.0,132
V132L,-11.804,132
V132I,-10.327,132
V132M,-11.99,132
V132P,-17.302,132
V132Y,-16.799,132
V132F,-12.633,132
V132W,-17.911,132
D133K,-8.036,133
D133R,-8.355,133
D133H,-6.842,133
D133E,-2.276,133
D133D,0.0,133
D133N,-5.099,133
D133Q,-4.513,133
D133T,-6.552,133
D133S,-6.007,133
D133C,-9.069,133
D133G,-7.283,133
D133A,-5.473,133
D133V,-7.361,133
D133L,-7.848,133
D133I,-9.303,133
D133M,-8.116,133
D133P,-15.192,133
D133Y,-8.814,133
D133F,-9.989,133
D133W,-11.115,133
Y134K,-18.381,134
Y134R,-15.595,134
Y134H,-11.466,134
Y134E,-18.192,134
Y134D,-16.404,134
Y134N,-14.796,134
Y134Q,-14.698,134
Y134T,-17.439,134
Y134S,-14.964,134
Y134C,-13.573,134
Y134G,-15.535,134
Y134A,-16.685,134
Y134V,-17.011,134
Y134L,-14.548,134
Y134I,-17.473,134
Y134M,-16.922,134
Y134P,-18.535,134
Y134Y,0.0,134
Y134F,-6.849,134
Y134W,-12.626,134
H135K,-19.417,135
H135R,-16.734,135
H135H,0.0,135
H135E,-20.416,135
H135D,-19.423,135
H135N,-15.948,135
H135Q,-15.333,135
H135T,-20.239,135
H135S,-17.547,135
H135C,-16.597,135
H135G,-19.461,135
H135A,-19.946,135
H135V,-20.911,135
H135L,-16.647,135
H135I,-19.432,135
H135M,-19.501,135
H135P,-18.925,135
H135Y,-9.484,135
H135F,-16.486,135
H135W,-19.681,135
R136K,-7.535,136
R136R,0.0,136
R136H,-11.613,136
R136E,-16.591,136
R136D,-19.149,136
R136N,-13.381,136
R136Q,-11.982,136
R136T,-9.958,136
R136S,-11.302,136
R136C,-11.727,136
R136G,-14.04,136
R136A,-13.825,136
R136V,-15.592,136
R136L,-12.975,136
R136I,-13.301,136
R136M,-11.072,136
R136P,-16.463,136
R136Y,-16.256,136
R136F,-16.926,136
R136W,-13.652,136
S137K,-9.234,137
S137R,-9.97,137
S137H,-10.058,137
S137E,-13.33,137
S137D,-14.711,137
S137N,-7.172,137
S137Q,-10.863,137
S137T,-1.726,137
S137S,0.0,137
S137C,-9.452,137
S137G,-8.495,137
S137A,-3.179,137
S137V,-9.404,137
S137L,-8.876,137
S137I,-7.942,137
S137M,-7.841,137
S137P,-12.936,137
S137Y,-10.649,137
S137F,-11.647,137
S137W,-15.246,137
T138K,-11.235,138
T138R,-10.781,138
T138H,-10.482,138
T138E,-10.384,138
T138D,-11.427,138
T138N,-8.034,138
T138Q,-10.376,138
T138T,0.0,138
T138S,-4.793,138
T138C,-4.232,138
T138G,-7.172,138
T138A,-3.217,138
T138V,-5.676,138
T138L,-10.277,138
T138I,-8.507,138
T138M,-8.311,138
T138P,-12.184,138
T138Y,-11.641,138
T138F,-10.867,138
T138W,-13.878,138
S139K,-14.974,139
S139R,-13.802,139
S139H,-13.774,139
S139E,-15.95,139
S139D,-13.892,139
S139N,-10.676,139
S139Q,-14.021,139
S139T,-5.901,139
S139S,0.0,139
S139C,-10.384,139
S139G,-10.766,139
S139A,-8.43,139
S139V,-12.341,139
S139L,-12.111,139
S139I,-12.089,139
S139M,-13.105,139
S139P,-10.821,139
S139Y,-13.494,139
S139F,-12.777,139
S139W,-15.001,139
V140K,-18.585,140
V140R,-18.833,140
V140H,-18.558,140
V140E,-17.058,140
V140D,-15.85,140
V140N,-16.594,140
V140Q,-18.503,140
V140T,-14.387,140
V140S,-16.164,140
V140C,-15.063,140
V140G,-15.853,140
V140A,-13.513,140
V140V,0.0,140
V140L,-11.962,140
V140I,-6.349,140
V140M,-12.226,140
V140P,-18.746,140
V140Y,-17.888,140
V140F,-14.002,140
V140W,-19.348,140
S141K,-18.39,141
S141R,-17.194,141
S141H,-17.323,141
S141E,-19.329,141
S141D,-17.121,141
S141N,-13.707,141
S141Q,-17.169,141
S141T,-12.612,141
S141S,0.0,141
S141C,-13.472,141
S141G,-13.692,141
S141A,-7.873,141
S141V,-15.557,141
S141L,-16.78,141
S141I,-18.58,141
S141M,-17.871,141
S141P,-16.986,141
S141Y,-16.064,141
S141F,-14.888,141
S141W,-18.274,141
R142K,-5.98,142
R142R,0.0,142
R142H,-10.55,142
R142E,-15.87,142
R142D,-17.859,142
R142N,-14.136,142
R142Q,-11.694,142
R142T,-14.947,142
R142S,-14.12,142
R142C,-12.305,142
R142G,-15.049,142
R142A,-15.814,142
R142V,-15.432,142
R142L,-12.133,142
R142I,-14.132,142
R142M,-11.585,142
R142P,-15.595,142
R142Y,-15.866,142
R142F,-15.518,142
R142W,-14.089,142
N143K,-10.286,143
N143R,-10.084,143
N143H,-9.349,143
N143E,-9.474,143
N143D,-10.401,143
N143N,0.0,143
N143Q,-7.991,143
N143T,-1.655,143
N143S,-3.403,143
N143C,-9.028,143
N143G,-7.977,143
N143A,-6.598,143
N143V,-9.988,143
N143L,-9.963,143
N143I,-9.194,143
N143M,-7.813,143
N143P,-11.589,143
N143Y,-11.712,143
N143F,-11.411,143
N143W,-13.189,143
Q144K,-9.799,144
Q144R,-10.826,144
Q144H,-7.543,144
Q144E,-12.471,144
Q144D,-15.674,144
Q144N,-7.997,144
Q144Q,0.0,144
Q144T,-10.824,144
Q144S,-10.918,144
Q144C,-12.079,144
Q144G,-13.81,144
Q144A,-11.784,144
Q144V,-12.65,144
Q144L,-13.067,144
Q144I,-12.535,144
Q144M,-11.971,144
Q144P,-14.892,144
Q144Y,-10.407,144
Q144F,-10.753,144
Q144W,-15.025,144
Q145K,-9.307,145
Q145R,-9.989,145
Q145H,-8.168,145
Q145E,-10.555,145
Q145D,-11.542,145
Q145N,-8.044,145
Q145Q,0.0,145
Q145T,-2.938,145
Q145S,-7.974,145
Q145C,-11.601,145
Q145G,-11.453,145
Q145A,-8.725,145
Q145V,-10.283,145
Q145L,-10.92,145
Q145I,-9.901,145
Q145M,-9.922,145
Q145P,-8.79,145
Q145Y,-12.73,145
Q145F,-13.321,145
Q145W,-15.537,145
I146K,-17.037,146
I146R,-17.811,146
I146H,-17.535,146
I146E,-17.172,146
I146D,-16.797,146
I146N,-16.335,146
I146Q,-17.117,146
I146T,-12.372,146
I146S,-15.42,146
I146C,-15.091,146
I146G,-16.683,146
I146A,-13.679,146
I146V,-7.154,146
I146L,-9.476,146
I146I,0.0,146
I146M,-10.616,146
I146P,-17.919,146
I146Y,-17.53,146
I146F,-12.945,146
I146W,-17.949,146
F147K,-12.537,147
F147R,-11.187,147
F147H,-12.424,147
F147E,-15.998,147
F147D,-16.986,147
F147N,-13.871,147
F147Q,-13.226,147
F147T,-12.296,147
F147S,-12.244,147
F147C,-10.861,147
F147G,-11.288,147
F147A,-12.404,147
F147V,-8.941,147
F147L,-7.432,147
F147I,-7.325,147
F147M,-9.311,147
F147P,-14.684,147
F147Y,-7.777,147
F147F,0.0,147
F147W,-12.295,147
L148K,-17.741,148
L148R,-16.578,148
L148H,-16.544,148
L148E,-19.866,148
L148D,-20.753,148
L148N,-19.134,148
L148Q,-15.519,148
L148T,-15.746,148
L148S,-16.946,148
L148C,-16.93,148
L148G,-19.178,148
L148A,-16.101,148
L148V,-11.149,148
L148L,0.0,148
L148I,-12.794,148
L148M,-11.59,148
L148P,-15.831,148
L148Y,-17.351,148
L148F,-12.968,148
L148W,-18.547,148
R149K,-4.821,149
R149R,0.0,149
R149H,-9.201,149
R149E,-13.852,149
R149D,-15.666,149
R149N,-10.696,149
R149Q,-8.695,149
R149T,-10.619,149
R149S,-10.595,149
R149C,-9.572,149
R149G,-12.059,149
R149A,-12.583,149
R149V,-12.24,149
R149L,-11.042,149
R149I,-12.33,149
R149M,-11.62,149
R149P,-15.572,149
R149Y,-12.983,149
R149F,-14.626,149
R149W,-12.315,149
D150K,-15.696,150
D150R,-17.113,150
D150H,-13.669,150
D150E,-8.246,150
D150D,0.0,150
D150N,-10.608,150
D150Q,-14.039,150
D150T,-14.28,150
D150S,-13.254,150
D150C,-14.527,150
D150G,-11.629,150
D150A,-13.828,150
D150V,-14.268,150
D150L,-14.678,150
D150I,-15.466,150
D150M,-15.932,150
D150P,-16.176,150
D150Y,-14.557,150
D150F,-16.278,150
D150W,-18.011,150
I151K,-6.11,151
I151R,-6.747,151
I151H,-5.474,151
I151E,-1.466,151
I151D,-4.26,151
I151N,-1.129,151
I151Q,-2.681,151
I151T,-2.457,151
I151S,-2.764,151
I151C,-6.076,151
I151G,-5.287,151
I151A,-3.343,151
I151V,-2.705,151
I151L,-3.775,151
I151I,0.0,151
I151M,-3.216,151
I151P,-6.612,151
I151Y,-6.859,151
I151F,-6.586,151
I151W,-9.723,151
E152K,-10.26,152
E152R,-11.378,152
E152H,-9.698,152
E152E,0.0,152
E152D,-4.595,152
E152N,-7.049,152
E152Q,-7.929,152
E152T,-8.178,152
E152S,-7.245,152
E152C,-11.623,152
E152G,-7.956,152
E152A,-7.157,152
E152V,-9.463,152
E152L,-11.024,152
E152I,-10.972,152
E152M,-10.787,152
E152P,-11.162,152
E152Y,-11.374,152
E152F,-12.729,152
E152W,-15.583,152
Q153K,-5.161,153
Q153R,-6.031,153
Q153H,-5.903,153
Q153E,-7.932,153
Q153D,-9.448,153
Q153N,-6.603,153
Q153Q,0.0,153
Q153T,-6.526,153
Q153S,-6.84,153
Q153C,-9.79,153
Q153G,-9.43,153
Q153A,-6.92,153
Q153V,-7.412,153
Q153L,-6.171,153
Q153I,-7.879,153
Q153M,-6.695,153
Q153P,-4.055,153
Q153Y,-8.964,153
Q153F,-9.206,153
Q153W,-11.103,153
V154K,-6.439,154
V154R,-5.047,154
V154H,-6.925,154
V154E,-9.251,154
V154D,-11.371,154
V154N,-8.615,154
V154Q,-5.282,154
V154T,-5.726,154
V154S,-7.512,154
V154C,-8.369,154
V154G,-8.407,154
V154A,-5.916,154
V154V,0.0,154
V154L,-3.573,154
V154I,-1.825,154
V154M,-2.164,154
V154P,-6.111,154
V154Y,-8.029,154
V154F,-6.599,154
V154W,-10.106,154
P155K,-10.581,155
P155R,-9.84,155
P155H,-8.871,155
P155E,-10.362,155
P155D,-11.001,155
P155N,-8.987,155
P155Q,-7.508,155
P155T,-7.414,155
P155S,-7.116,155
P155C,-11.584,155
P155G,-9.658,155
P155A,-6.942,155
P155V,-8.295,155
P155L,-8.143,155
P155I,-9.489,155
P155M,-10.466,155
P155P,0.0,155
P155Y,-11.051,155
P155F,-11.301,155
P155W,-13.975,155
Q156K,-4.264,156
Q156R,-5.452,156
Q156H,-5.007,156
Q156E,-5.241,156
Q156D,-5.747,156
Q156N,-3.51,156
Q156Q,0.0,156
Q156T,-3.083,156
Q156S,-2.957,156
Q156C,-6.422,156
Q156G,-4.476,156
Q156A,-3.025,156
Q156V,-4.696,156
Q156L,-5.228,156
Q156I,-6.268,156
Q156M,-5.5,156
Q156P,-3.376,156
Q156Y,-8.142,156
Q156F,-7.996,156
Q156W,-10.551,156
Q157K,-5.216,157
Q157R,-5.408,157
Q157H,-5.368,157
Q157E,-7.601,157
Q157D,-8.947,157
Q157N,-5.814,157
Q157Q,0.0,157
Q157T,-7.075,157
Q157S,-7.041,157
Q157C,-8.619,157
Q157G,-6.037,157
Q157A,-6.684,157
Q157V,-8.192,157
Q157L,-7.657,157
Q157I,-9.522,157
Q157M,-8.375,157
Q157P,-7.067,157
Q157Y,-8.972,157
Q157F,-9.313,157
Q157W,-11.845,157
P158K,-3.943,158
P158R,-4.529,158
P158H,-4.72,158
P158E,-1.729,158
P158D,-3.991,158
P158N,-3.729,158
P158Q,-2.73,158
P158T,-3.943,158
P158S,-3.721,158
P158C,-6.067,158
P158G,-3.601,158
P158A,-3.833,158
P158V,-5.085,158
P158L,-5.041,158
P158I,-6.353,158
P158M,-5.463,158
P158P,0.0,158
P158Y,-6.494,158
P158F,-7.012,158
P158W,-8.653,158
T159K,-6.957,159
T159R,-7.14,159
T159H,-5.646,159
T159E,-1.191,159
T159D,-1.92,159
T159N,-4.359,159
T159Q,-4.179,159
T159T,0.0,159
T159S,-4.427,159
T159C,-6.273,159
T159G,-6.034,159
T159A,-4.89,159
T159V,-4.919,159
T159L,-5.412,159
T159I,-5.644,159
T159M,-5.841,159
T159P,-6.947,159
T159Y,-7.173,159
T159F,-7.022,159
T159W,-10.226,159
Y160K,-8.167,160
Y160R,-8.365,160
Y160H,-5.287,160
Y160E,-5.303,160
Y160D,-8.828,160
Y160N,-6.176,160
Y160Q,-4.145,160
Y160T,-4.352,160
Y160S,-4.96,160
Y160C,-5.611,160
Y160G,-9.598,160
Y160A,-5.637,160
Y160V,-4.795,160
Y160L,-4.406,160
Y160I,-5.805,160
Y160M,-5.362,160
Y160P,-5.878,160
Y160Y,0.0,160
Y160F,-4.892,160
Y160W,-8.654,160
V161K,-17.971,161
V161R,-16.057,161
V161H,-15.335,161
V161E,-17.006,161
V161D,-18.227,161
V161N,-17.328,161
V161Q,-15.242,161
V161T,-11.153,161
V161S,-13.039,161
V161C,-12.303,161
V161G,-14.344,161
V161A,-7.699,161
V161V,0.0,161
V161L,-9.657,161
V161I,-8.725,161
V161M,-8.099,161
V161P,-16.11,161
V161Y,-12.228,161
V161F,-12.514,161
V161W,-16.414,161
Q162K,-0.653,162
Q162R,-1.708,162
Q162H,-6.708,162
Q162E,-7.083,162
Q162D,-12.901,162
Q162N,-9.253,162
Q162Q,0.0,162
Q162T,-7.687,162
Q162S,-8.552,162
Q162C,-8.265,162
Q162G,-12.433,162
Q162A,-10.956,162
Q162V,-7.06,162
Q162L,-8.055,162
Q162I,-8.579,162
Q162M,-6.908,162
Q162P,-15.177,162
Q162Y,-9.927,162
Q162F,-10.884,162
Q162W,-9.507,162
A163K,-20.271,163
A163R,-18.855,163
A163H,-20.762,163
A163E,-16.761,163
A163D,-17.821,163
A163N,-18.353,163
A163Q,-19.2,163
A163T,-9.334,163
A163S,-10.238,163
A163C,-12.66,163
A163G,-7.498,163
A163A,0.0,163
A163V,-8.614,163
A163L,-16.686,163
A163I,-15.805,163
A163M,-14.91,163
A163P,-14.115,163
A163Y,-18.398,163
A163F,-18.435,163
A163W,-20.323,163
L164K,-6.619,164
L164R,-6.445,164
L164H,-8.582,164
L164E,-9.03,164
L164D,-13.035,164
L164N,-9.133,164
L164Q,-3.223,164
L164T,-8.613,164
L164S,-9.633,164
L164C,-10.135,164
L164G,-10.993,164
L164A,-10.586,164
L164V,-8.381,164
L164L,0.0,164
L164I,-7.274,164
L164M,-5.075,164
L164P,-13.997,164
L164Y,-12.193,164
L164F,-9.794,164
L164W,-13.15,164
F165K,-19.122,165
F165R,-16.812,165
F165H,-10.902,165
F165E,-17.786,165
F165D,-17.45,165
F165N,-14.796,165
F165Q,-15.815,165
F165T,-17.264,165
F165S,-15.031,165
F165C,-12.762,165
F165G,-18.521,165
F165A,-17.024,165
F165V,-15.824,165
F165L,-14.268,165
F165I,-15.885,165
F165M,-16.432,165
F165P,-19.875,165
F165Y,-4.265,165
F165F,0.0,165
F165W,-13.621,165
D166K,-14.61,166
D166R,-14.834,166
D166H,-11.428,166
D166E,-7.947,166
D166D,0.0,166
D166N,-7.729,166
D166Q,-12.488,166
D166T,-11.352,166
D166S,-9.559,166
D166C,-13.979,166
D166G,-11.637,166
D166A,-10.515,166
D166V,-14.03,166
D166L,-15.432,166
D166I,-15.642,166
D166M,-15.67,166
D166P,-10.841,166
D166Y,-13.71,166
D166F,-15.428,166
D166W,-17.661,166
F167K,-18.655,167
F167R,-14.3,167
F167H,-16.92,167
F167E,-22.85,167
F167D,-21.43,167
F167N,-18.949,167
F167Q,-19.214,167
F167T,-21.02,167
F167S,-16.663,167
F167C,-15.122,167
F167G,-20.74,167
F167A,-20.286,167
F167V,-18.29,167
F167L,-14.699,167
F167I,-18.505,167
F167M,-18.12,167
F167P,-19.698,167
F167Y,-8.641,167
F167F,0.0,167
F167W,-17.573,167
D168K,-4.533,168
D168R,-5.896,168
D168H,-5.148,168
D168E,-2.177,168
D168D,0.0,168
D168N,-2.734,168
D168Q,-2.331,168
D168T,-2.403,168
D168S,-2.646,168
D168C,-6.011,168
D168G,-7.571,168
D168A,-3.337,168
D168V,-3.525,168
D168L,-4.008,168
D168I,-4.489,168
D168M,-4.163,168
D168P,-6.252,168
D168Y,-6.901,168
D168F,-6.619,168
D168W,-9.569,168
P169K,-12.689,169
P169R,-11.116,169
P169H,-14.359,169
P169E,-15.75,169
P169D,-17.904,169
P169N,-15.891,169
P169Q,-9.465,169
P169T,-11.61,169
P169S,-8.544,169
P169C,-12.713,169
P169G,-10.682,169
P169A,-6.945,169
P169V,-12.251,169
P169L,-11.26,169
P169I,-13.822,169
P169M,-13.266,169
P169P,0.0,169
P169Y,-16.198,169
P169F,-14.804,169
P169W,-17.612,169
Q170K,-8.034,170
Q170R,-7.358,170
Q170H,-10.015,170
Q170E,-12.913,170
Q170D,-15.347,170
Q170N,-10.24,170
Q170Q,0.0,170
Q170T,-11.307,170
Q170S,-11.192,170
Q170C,-11.648,170
Q170G,-12.509,170
Q170A,-10.872,170
Q170V,-11.276,170
Q170L,-9.073,170
Q170I,-12.639,170
Q170M,-9.328,170
Q170P,-15.094,170
Q170Y,-14.121,170
Q170F,-13.718,170
Q170W,-15.169,170
E171K,-14.435,171
E171R,-13.919,171
E171H,-11.218,171
E171E,0.0,171
E171D,-5.171,171
E171N,-10.729,171
E171Q,-8.614,171
E171T,-12.674,171
E171S,-12.587,171
E171C,-13.615,171
E171G,-12.189,171
E171A,-9.541,171
E171V,-11.523,171
E171L,-12.55,171
E171I,-14.25,171
E171M,-13.042,171
E171P,-19.202,171
E171Y,-14.253,171
E171F,-14.367,171
E171W,-16.598,171
D172K,-7.151,172
D172R,-7.744,172
D172H,-6.608,172
D172E,-3.172,172
D172D,0.0,172
D172N,-6.63,172
D172Q,-5.508,172
D172T,-6.913,172
D172S,-5.68,172
D172C,-10.399,172
D172G,-6.662,172
D172A,-5.612,172
D172V,-7.916,172
D172L,-8.639,172
D172I,-9.609,172
D172M,-9.127,172
D172P,-3.391,172
D172Y,-9.096,172
D172F,-10.705,172
D172W,-10.826,172
G173K,-13.34,173
G173R,-11.664,173
G173H,-11.046,173
G173E,-9.455,173
G173D,-7.027,173
G173N,-6.865,173
G173Q,-11.226,173
G173T,-9.754,173
G173S,-8.033,173
G173C,-11.48,173
G173G,0.0,173
G173A,-10.898,173
G173V,-14.325,173
G173L,-14.419,173
G173I,-16.013,173
G173M,-13.551,173
G173P,-17.373,173
G173Y,-12.234,173
G173F,-13.841,173
G173W,-13.58,173
E174K,-14.223,174
E174R,-16.921,174
E174H,-14.288,174
E174E,0.0,174
E174D,-10.151,174
E174N,-16.384,174
E174Q,-9.851,174
E174T,-15.065,174
E174S,-15.61,174
E174C,-16.974,174
E174G,-14.729,174
E174A,-13.565,174
E174V,-14.282,174
E174L,-14.959,174
E174I,-16.808,174
E174M,-15.061,174
E174P,-16.56,174
E174Y,-17.229,174
E174F,-16.896,174
E174W,-19.781,174
L175K,-16.566,175
L175R,-14.674,175
L175H,-15.347,175
L175E,-18.363,175
L175D,-19.021,175
L175N,-16.741,175
L175Q,-14.826,175
L175T,-15.114,175
L175S,-16.636,175
L175C,-14.811,175
L175G,-18.061,175
L175A,-16.415,175
L175V,-10.608,175
L175L,0.0,175
L175I,-7.937,175
L175M,-8.768,175
L175P,-14.792,175
L175Y,-16.292,175
L175F,-12.678,175
L175W,-17.119,175
G176K,-8.857,176
G176R,-8.995,176
G176H,-11.687,176
G176E,-7.884,176
G176D,-11.436,176
G176N,-10.74,176
G176Q,-10.026,176
G176T,-10.942,176
G176S,-8.512,176
G176C,-11.023,176
G176G,0.0,176
G176A,-6.992,176
G176V,-11.524,176
G176L,-13.003,176
G176I,-13.072,176
G176M,-12.695,176
G176P,-9.73,176
G176Y,-14.09,176
G176F,-14.62,176
G176W,-16.049,176
F177K,-18.26,177
F177R,-17.169,177
F177H,-17.397,177
F177E,-18.115,177
F177D,-18.83,177
F177N,-18.133,177
F177Q,-18.408,177
F177T,-17.395,177
F177S,-16.157,177
F177C,-14.595,177
F177G,-17.747,177
F177A,-18.356,177
F177V,-13.932,177
F177L,-9.315,177
F177I,-11.303,177
F177M,-12.201,177
F177P,-16.192,177
F177Y,-13.222,177
F177F,0.0,177
F177W,-16.159,177
R178K,-3.005,178
R178R,0.0,178
R178H,-5.677,178
R178E,-8.982,178
R178D,-11.018,178
R178N,-6.386,178
R178Q,-5.788,178
R178T,-7.656,178
R178S,-5.042,178
R178C,-6.272,178
R178G,-8.084,178
R178A,-6.988,178
R178V,-8.578,178
R178L,-8.139,178
R178I,-9.547,178
R178M,-8.665,178
R178P,-9.659,178
R178Y,-8.941,178
R178F,-9.689,178
R178W,-10.927,178
R179K,-2.899,179
R179R,0.0,179
R179H,-10.45,179
R179E,-9.775,179
R179D,-13.443,179
R179N,-10.12,179
R179Q,-7.568,179
R179T,-9.504,179
R179S,-8.274,179
R179C,-8.632,179
R179G,-12.358,179
R179A,-6.922,179
R179V,-10.416,179
R179L,-12.906,179
R179I,-12.15,179
R179M,-11.782,179
R179P,-13.547,179
R179Y,-13.639,179
R179F,-15.782,179
R179W,-14.827,179
G180K,-11.481,180
G180R,-10.022,180
G180H,-8.894,180
G180E,-11.903,180
G180D,-9.461,180
G180N,-6.268,180
G180Q,-10.237,180
G180T,-9.628,180
G180S,-7.804,180
G180C,-11.091,180
G180G,0.0,180
G180A,-8.507,180
G180V,-12.685,180
G180L,-13.928,180
G180I,-14.922,180
G180M,-12.514,180
G180P,-17.182,180
G180Y,-11.653,180
G180F,-13.602,180
G180W,-11.168,180
D181K,-13.614,181
D181R,-13.944,181
D181H,-10.207,181
D181E,-4.759,181
D181D,0.0,181
D181N,-9.152,181
D181Q,-7.334,181
D181T,-8.821,181
D181S,-8.387,181
D181C,-10.446,181
D181G,-10.559,181
D181A,-6.29,181
D181V,-10.064,181
D181L,-12.773,181
D181I,-12.146,181
D181M,-10.321,181
D181P,-19.042,181
D181Y,-10.913,181
D181F,-12.019,181
D181W,-14.154,181
F182K,-1.122,182
F182R,-0.344,182
F182H,-2.375,182
F182E,-2.569,182
F182D,-5.776,182
F182N,-3.649,182
F182Q,-1.089,182
F182T,-0.823,182
F182S,-3.326,182
F182C,-2.837,182
F182G,-5.2,182
F182A,-2.392,182
F182V,1.522,182
F182L,0.532,182
F182I,1.832,182
F182M,-0.553,182
F182P,-5.91,182
F182Y,-3.135,182
F182F,0.0,182
F182W,-5.847,182
I183K,-18.912,183
I183R,-18.211,183
I183H,-17.73,183
I183E,-17.289,183
I183D,-17.431,183
I183N,-16.909,183
I183Q,-17.759,183
I183T,-13.638,183
I183S,-15.956,183
I183C,-13.44,183
I183G,-15.415,183
I183A,-12.852,183
I183V,-5.156,183
I183L,-6.613,183
I183I,0.0,183
I183M,-9.644,183
I183P,-15.52,183
I183Y,-15.49,183
I183F,-11.528,183
I183W,-18.237,183
H184K,-2.264,184
H184R,-2.632,184
H184H,0.0,184
H184E,-3.519,184
H184D,-5.847,184
H184N,-3.157,184
H184Q,-1.69,184
H184T,-0.918,184
H184S,-2.582,184
H184C,-4.609,184
H184G,-6.277,184
H184A,-3.415,184
H184V,-4.29,184
H184L,-3.451,184
H184I,-3.881,184
H184M,-2.816,184
H184P,-5.344,184
H184Y,-5.242,184
H184F,-5.445,184
H184W,-7.284,184
V185K,-10.203,185
V185R,-11.547,185
V185H,-11.105,185
V185E,-7.174,185
V185D,-10.6,185
V185N,-11.983,185
V185Q,-9.394,185
V185T,-10.0,185
V185S,-11.691,185
V185C,-11.594,185
V185G,-12.883,185
V185A,-10.331,185
V185V,0.0,185
V185L,-5.417,185
V185I,-4.142,185
V185M,-7.782,185
V185P,-12.149,185
V185Y,-10.427,185
V185F,-9.772,185
V185W,-12.972,185
M186K,-5.377,186
M186R,-6.323,186
M186H,-5.938,186
M186E,-5.294,186
M186D,-6.694,186
M186N,-6.468,186
M186Q,-4.728,186
M186T,-2.681,186
M186S,-5.309,186
M186C,-7.638,186
M186G,-8.516,186
M186A,-6.632,186
M186V,-3.485,186
M186L,-0.941,186
M186I,-3.471,186
M186M,0.0,186
M186P,-9.401,186
M186Y,-6.492,186
M186F,-5.453,186
M186W,-9.094,186
D187K,-13.546,187
D187R,-15.266,187
D187H,-12.755,187
D187E,-6.658,187
D187D,0.0,187
D187N,-8.857,187
D187Q,-12.078,187
D187T,-13.339,187
D187S,-11.368,187
D187C,-13.633,187
D187G,-12.456,187
D187A,-12.893,187
D187V,-13.652,187
D187L,-15.716,187
D187I,-14.965,187
D187M,-16.077,187
D187P,-16.9,187
D187Y,-14.562,187
D187F,-16.987,187
D187W,-17.939,187
N188K,-5.012,188
N188R,-5.486,188
N188H,-6.176,188
N188E,-6.48,188
N188D,-4.419,188
N188N,0.0,188
N188Q,-5.467,188
N188T,-3.199,188
N188S,-2.912,188
N188C,-5.439,188
N188G,-6.853,188
N188A,-5.519,188
N188V,-7.711,188
N188L,-7.815,188
N188I,-8.318,188
N188M,-6.429,188
N188P,-9.04,188
N188Y,-6.787,188
N188F,-6.41,188
N188W,-6.783,188
S189K,-8.517,189
S189R,-7.548,189
S189H,-9.613,189
S189E,-10.401,189
S189D,-10.541,189
S189N,-7.867,189
S189Q,-8.772,189
S189T,-5.899,189
S189S,0.0,189
S189C,-9.935,189
S189G,-8.104,189
S189A,-7.599,189
S189V,-9.429,189
S189L,-7.569,189
S189I,-9.669,189
S189M,-9.162,189
S189P,-9.183,189
S189Y,-12.562,189
S189F,-11.724,189
S189W,-14.031,189
D190K,-18.81,190
D190R,-19.218,190
D190H,-12.533,190
D190E,-11.282,190
D190D,0.0,190
D190N,-10.087,190
D190Q,-16.409,190
D190T,-17.829,190
D190S,-14.511,190
D190C,-15.773,190
D190G,-15.003,190
D190A,-15.656,190
D190V,-17.34,190
D190L,-19.228,190
D190I,-19.742,190
D190M,-19.481,190
D190P,-18.455,190
D190Y,-14.714,190
D190F,-18.267,190
D190W,-19.88,190
P191K,-7.279,191
P191R,-6.091,191
P191H,-7.911,191
P191E,-8.403,191
P191D,-9.54,191
P191N,-9.133,191
P191Q,-6.706,191
P191T,-7.515,191
P191S,-6.386,191
P191C,-9.008,191
P191G,-8.262,191
P191A,-6.374,191
P191V,-7.891,191
P191L,-7.976,191
P191I,-9.169,191
P191M,-9.791,191
P191P,0.0,191
P191Y,-11.062,191
P191F,-11.396,191
P191W,-11.737,191
N192K,-10.804,192
N192R,-12.038,192
N192H,-9.053,192
N192E,-9.252,192
N192D,-6.626,192
N192N,0.0,192
N192Q,-10.288,192
N192T,-8.997,192
N192S,-7.437,192
N192C,-11.147,192
N192G,-8.829,192
N192A,-8.338,192
N192V,-12.197,192
N192L,-11.621,192
N192I,-13.178,192
N192M,-11.668,192
N192P,-15.353,192
N192Y,-12.176,192
N192F,-13.411,192
N192W,-16.892,192
W193K,-18.162,193
W193R,-13.597,193
W193H,-16.442,193
W193E,-16.154,193
W193D,-19.363,193
W193N,-18.278,193
W193Q,-15.563,193
W193T,-16.547,193
W193S,-14.244,193
W193C,-12.808,193
W193G,-17.239,193
W193A,-17.182,193
W193V,-18.061,193
W193L,-13.774,193
W193I,-18.267,193
W193M,-16.229,193
W193P,-20.96,193
W193Y,-12.734,193
W193F,-13.267,193
W193W,0.0,193
W194K,-19.116,194
W194R,-14.756,194
W194H,-18.313,194
W194E,-18.697,194
W194D,-18.163,194
W194N,-20.139,194
W194Q,-17.076,194
W194T,-18.894,194
W194S,-16.377,194
W194C,-14.162,194
W194G,-16.207,194
W194A,-18.276,194
W194V,-16.912,194
W194L,-13.435,194
W194I,-17.823,194
W194M,-16.432,194
W194P,-20.069,194
W194Y,-14.626,194
W194F,-14.368,194
W194W,0.0,194
K195K,0.0,195
K195R,-5.694,195
K195H,-9.171,195
K195E,-8.971,195
K195D,-14.704,195
K195N,-10.583,195
K195Q,-6.754,195
K195T,-6.411,195
K195S,-8.052,195
K195C,-11.297,195
K195G,-12.659,195
K195A,-10.175,195
K195V,-11.603,195
K195L,-10.699,195
K195I,-11.193,195
K195M,-10.433,195
K195P,-14.686,195
K195Y,-12.348,195
K195F,-13.284,195
K195W,-14.114,195
G196K,-17.575,196
G196R,-12.03,196
G196H,-16.283,196
G196E,-12.774,196
G196D,-12.464,196
G196N,-16.747,196
G196Q,-16.766,196
G196T,-16.739,196
G196S,-10.54,196
G196C,-12.578,196
G196G,0.0,196
G196A,-9.155,196
G196V,-12.321,196
G196L,-16.387,196
G196I,-16.589,196
G196M,-17.135,196
G196P,-17.358,196
G196Y,-16.214,196
G196F,-16.221,196
G196W,-14.086,196
A197K,-3.179,197
A197R,-3.425,197
A197H,-4.513,197
A197E,0.623,197
A197D,-3.061,197
A197N,-5.266,197
A197Q,-2.309,197
A197T,-2.912,197
A197S,-1.766,197
A197C,-3.662,197
A197G,-5.823,197
A197A,0.0,197
A197V,-2.436,197
A197L,-3.544,197
A197I,-4.065,197
A197M,-2.915,197
A197P,-12.997,197
A197Y,-3.563,197
A197F,-5.078,197
A197W,-4.791,197
C198K,-9.633,198
C198R,-8.519,198
C198H,-7.139,198
C198E,-12.824,198
C198D,-13.21,198
C198N,-9.513,198
C198Q,-8.999,198
C198T,-8.732,198
C198S,-7.712,198
C198C,0.0,198
C198G,-10.745,198
C198A,-8.02,198
C198V,-6.344,198
C198L,-2.35,198
C198I,-6.135,198
C198M,-6.811,198
C198P,-11.785,198
C198Y,-7.264,198
C198F,-7.706,198
C198W,-9.376,198
H199K,-4.145,199
H199R,-3.339,199
H199H,0.0,199
H199E,-8.05,199
H199D,-7.134,199
H199N,-3.56,199
H199Q,-5.113,199
H199T,-10.525,199
H199S,-6.586,199
H199C,-7.612,199
H199G,-6.05,199
H199A,-6.475,199
H199V,-9.228,199
H199L,-7.136,199
H199I,-9.483,199
H199M,-6.81,199
H199P,-13.164,199
H199Y,-5.216,199
H199F,-5.716,199
H199W,-7.99,199
G200K,-10.856,200
G200R,-10.591,200
G200H,-9.998,200
G200E,-9.627,200
G200D,-8.091,200
G200N,-6.554,200
G200Q,-9.629,200
G200T,-10.203,200
G200S,-7.997,200
G200C,-12.353,200
G200G,0.0,200
G200A,-9.655,200
G200V,-11.96,200
G200L,-11.603,200
G200I,-13.749,200
G200M,-11.726,200
G200P,-15.033,200
G200Y,-11.748,200
G200F,-12.129,200
G200W,-14.528,200
Q201K,-1.47,201
Q201R,-1.183,201
Q201H,-4.338,201
Q201E,-6.381,201
Q201D,-8.263,201
Q201N,-3.657,201
Q201Q,0.0,201
Q201T,-3.527,201
Q201S,-3.606,201
Q201C,-6.326,201
Q201G,-4.945,201
Q201A,-3.496,201
Q201V,-3.554,201
Q201L,-6.333,201
Q201I,-5.696,201
Q201M,-5.869,201
Q201P,-12.129,201
Q201Y,-7.709,201
Q201F,-7.703,201
Q201W,-10.006,201
T202K,-7.978,202
T202R,-8.436,202
T202H,-8.555,202
T202E,-5.319,202
T202D,-8.12,202
T202N,-8.275,202
T202Q,-6.047,202
T202T,0.0,202
T202S,-6.042,202
T202C,-7.738,202
T202G,-10.16,202
T202A,-6.38,202
T202V,-3.91,202
T202L,-5.692,202
T202I,-4.806,202
T202M,-6.654,202
T202P,-9.087,202
T202Y,-8.375,202
T202F,-7.866,202
T202W,-9.3,202
G203K,-14.223,203
G203R,-12.255,203
G203H,-17.379,203
G203E,-15.5,203
G203D,-16.368,203
G203N,-17.044,203
G203Q,-16.749,203
G203T,-18.442,203
G203S,-13.09,203
G203C,-14.407,203
G203G,0.0,203
G203A,-9.627,203
G203V,-14.967,203
G203L,-16.558,203
G203I,-18.572,203
G203M,-16.324,203
G203P,-17.512,203
G203Y,-15.448,203
G203F,-15.57,203
G203W,-15.206,203
M204K,-10.74,204
M204R,-10.408,204
M204H,-9.227,204
M204E,-13.034,204
M204D,-13.419,204
M204N,-10.361,204
M204Q,-8.875,204
M204T,-10.05,204
M204S,-10.073,204
M204C,-10.559,204
M204G,-13.27,204
M204A,-10.398,204
M204V,-7.105,204
M204L,-2.977,204
M204I,-3.118,204
M204M,0.0,204
M204P,-13.112,204
M204Y,-7.884,204
M204F,-6.651,204
M204W,-10.222,204
F205K,-22.136,205
F205R,-20.492,205
F205H,-18.586,205
F205E,-20.833,205
F205D,-20.803,205
F205N,-18.379,205
F205Q,-20.015,205
F205T,-16.659,205
F205S,-15.813,205
F205C,-13.698,205
F205G,-19.091,205
F205A,-15.483,205
F205V,-9.975,205
F205L,-10.451,205
F205I,-7.511,205
F205M,-13.021,205
F205P,-20.497,205
F205Y,-12.101,205
F205F,0.0,205
F205W,-15.447,205
P206K,-20.017,206
P206R,-16.898,206
P206H,-15.441,206
P206E,-20.454,206
P206D,-19.603,206
P206N,-16.863,206
P206Q,-16.13,206
P206T,-16.433,206
P206S,-13.153,206
P206C,-17.713,206
P206G,-17.031,206
P206A,-15.066,206
P206V,-17.905,206
P206L,-13.403,206
P206I,-17.681,206
P206M,-18.99,206
P206P,0.0,206
P206Y,-17.196,206
P206F,-16.892,206
P206W,-18.592,206
R207K,-4.623,207
R207R,0.0,207
R207H,-7.983,207
R207E,-8.22,207
R207D,-11.973,207
R207N,-7.893,207
R207Q,-5.927,207
R207T,-6.784,207
R207S,-2.89,207
R207C,-5.161,207
R207G,-6.105,207
R207A,-4.269,207
R207V,-5.898,207
R207L,-6.165,207
R207I,-6.692,207
R207M,-5.538,207
R207P,-7.958,207
R207Y,-8.361,207
R207F,-8.493,207
R207W,-10.719,207
N208K,-10.655,208
N208R,-11.986,208
N208H,-9.148,208
N208E,-7.465,208
N208D,-8.601,208
N208N,0.0,208
N208Q,-7.855,208
N208T,-5.515,208
N208S,-5.985,208
N208C,-8.907,208
N208G,-10.722,208
N208A,-6.817,208
N208V,-6.479,208
N208L,-6.548,208
N208I,-8.183,208
N208M,-7.893,208
N208P,-9.695,208
N208Y,-11.438,208
N208F,-10.638,208
N208W,-15.423,208
Y209K,-19.78,209
Y209R,-17.843,209
Y209H,-11.455,209
Y209E,-21.193,209
Y209D,-18.653,209
Y209N,-14.964,209
Y209Q,-17.564,209
Y209T,-18.875,209
Y209S,-15.061,209
Y209C,-13.263,209
Y209G,-19.94,209
Y209A,-18.818,209
Y209V,-16.923,209
Y209L,-13.036,209
Y209I,-15.227,209
Y209M,-16.76,209
Y209P,-17.547,209
Y209Y,0.0,209
Y209F,-8.038,209
Y209W,-18.307,209
V210K,-18.178,210
V210R,-17.892,210
V210H,-19.715,210
V210E,-15.888,210
V210D,-17.613,210
V210N,-16.459,210
V210Q,-17.976,210
V210T,-9.095,210
V210S,-13.706,210
V210C,-12.129,210
V210G,-15.715,210
V210A,-10.286,210
V210V,0.0,210
V210L,-12.512,210
V210I,-7.972,210
V210M,-13.456,210
V210P,-16.355,210
V210Y,-18.741,210
V210F,-16.882,210
V210W,-20.378,210
T211K,-5.304,211
T211R,-5.425,211
T211H,-6.694,211
T211E,-4.922,211
T211D,-7.165,211
T211N,-5.804,211
T211Q,-4.132,211
T211T,0.0,211
T211S,-5.468,211
T211C,-8.643,211
T211G,-8.124,211
T211A,-4.428,211
T211V,-4.484,211
T211L,-6.272,211
T211I,-6.434,211
T211M,-5.186,211
T211P,-11.723,211
T211Y,-7.257,211
T211F,-8.346,211
T211W,-10.318,211
P212K,-9.724,212
P212R,-9.683,212
P212H,-9.711,212
P212E,-10.57,212
P212D,-11.629,212
P212N,-10.339,212
P212Q,-8.656,212
P212T,-7.543,212
P212S,-7.1,212
P212C,-10.445,212
P212G,-9.407,212
P212A,-6.457,212
P212V,-7.998,212
P212L,-8.22,212
P212I,-9.399,212
P212M,-9.133,212
P212P,0.0,212
P212Y,-11.192,212
P212F,-10.661,212
P212W,-13.176,212
V213K,-5.88,213
V213R,-6.767,213
V213H,-6.271,213
V213E,-7.89,213
V213D,-7.368,213
V213N,-5.782,213
V213Q,-6.442,213
V213T,-4.663,213
V213S,-4.117,213
V213C,-3.651,213
V213G,-5.683,213
V213A,-2.868,213
V213V,0.0,213
V213L,-5.35,213
V213I,-4.937,213
V213M,-4.896,213
V213P,-7.779,213
V213Y,-6.438,213
V213F,-8.091,213
V213W,-9.904,213
N214K,-5.158,214
N214R,-5.937,214
N214H,-6.071,214
N214E,-8.376,214
N214D,-8.15,214
N214N,0.0,214
N214Q,-5.662,214
N214T,-4.607,214
N214S,-3.709,214
N214C,-8.3,214
N214G,-5.484,214
N214A,-5.774,214
N214V,-6.995,214
N214L,-7.762,214
N214I,-7.409,214
N214M,-7.53,214
N214P,-5.357,214
N214Y,-8.227,214
N214F,-9.131,214
N214W,-10.772,214
R215K,-4.085,215
R215R,0.0,215
R215H,-7.586,215
R215E,-9.684,215
R215D,-10.355,215
R215N,-8.029,215
R215Q,-6.709,215
R215T,-7.783,215
R215S,-7.257,215
R215C,-8.608,215
R215G,-8.325,215
R215A,-8.326,215
R215V,-9.085,215
R215L,-8.56,215
R215I,-9.43,215
R215M,-9.433,215
R215P,-8.332,215
R215Y,-9.524,215
R215F,-10.168,215
R215W,-9.935,215
N216K,-4.994,216
N216R,-4.71,216
N216H,-5.095,216
N216E,-4.85,216
N216D,-5.382,216
N216N,0.0,216
N216Q,-3.439,216
N216T,-2.753,216
N216S,-2.8,216
N216C,-6.001,216
N216G,-4.075,216
N216A,-2.541,216
N216V,-4.195,216
N216L,-4.633,216
N216I,-5.207,216
N216M,-4.559,216
N216P,-3.304,216
N216Y,-6.195,216
N216F,-6.203,216
N216W,-8.544,216
V217K,-5.321,217
V217R,-5.891,217
V217H,-6.643,217
V217E,-8.542,217
V217D,-9.076,217
V217N,-5.946,217
V217Q,-5.871,217
V217T,-4.536,217
V217S,-4.373,217
V217C,-7.116,217
V217G,-5.867,217
V217A,-3.565,217
V217V,0.0,217
V217L,-4.682,217
V217I,-4.866,217
V217M,-5.471,217
V217P,-5.769,217
V217Y,-6.702,217
V217F,-5.889,217
V217W,-8.944,217
