variant_pro,residuals,group
A140T,0.004820772909617583,Benign
A298E,0.006184465233620939,Benign
A316E,-0.010006996859799404,Benign
A449V,0.008651234763355593,Benign
A92V,-0.11082726336902202,Pathogenic
C91S,-0.1622468275689635,Pathogenic
D11H,-0.21606106590356056,Pathogenic
D34E,0.013323713404167433,Benign
D672G,-0.06996517486405081,Pathogenic
E406D,0.00424934880668819,Benign
G45R,-0.09362200591606129,Pathogenic
H141Y,-0.1508792040137563,Pathogenic
H169Q,-0.17250125639189356,Pathogenic
I47V,0.003117540616108255,Benign
L180P,0.013928093575105382,Pathogenic
L49P,-0.10567843426233176,Pathogenic
L570V,-0.056800893358319546,Pathogenic
N229K,-0.20521576469907227,Pathogenic
N290S,0.003703018187442119,Benign
N290T,0.005647533209375711,Benign
N645K,0.002570098845590549,Benign
N645S,3.140828032816939e-4,Benign
N79S,0.0034249878561246356,Benign
P12A,-0.09138074780687973,Pathogenic
P302L,0.0031712149136678626,Benign
P598L,-0.004086611507649351,Benign
R385P,0.002011158754286329,Benign
R59P,-0.10987978009258619,Pathogenic
R610K,-0.009251163687160491,Benign
S10G,-0.06807563863343095,Pathogenic
S395A,0.006875287076265876,Benign
S585F,0.0052807940930972045,Benign
S596G,-0.004979183941354543,Benign
T423K,-9.33686485175858e-4,Benign
T613M,0.009973178134630216,Benign
V295A,-7.875359698762773e-4,Benign
V476A,0.0025159346793351195,Benign
W196R,-0.11263069600623798,Pathogenic
W202C,-0.16232154254500888,Pathogenic
W202R,-0.14689527015559609,Pathogenic
