new_position,loess_residual_avg,resid,min_dist_to_ligand,site_type
74,-0.694348730241777,PRO,19.656655183423247,non-orthosteric
75,-0.5706995960281849,ARG,20.77396401749074,non-orthosteric
76,-1.9171613612257383,LYS,18.095547159453343,non-orthosteric
77,-1.2995756114082875,LYS,15.135814910337665,non-orthosteric
78,-0.9169712362865803,ARG,20.143298786445087,non-orthosteric
79,-2.3254448871714084,PRO,17.17910306156873,non-orthosteric
80,-1.1311226814563842,GLU,21.366038963738692,non-orthosteric
81,-0.7165916720503098,ASP,18.182121630876857,non-orthosteric
82,-5.475366578879927,PHE,13.053638649817145,non-orthosteric
83,-1.7907321039361355,LYS,16.794782106356724,non-orthosteric
84,-2.3412874607725644,PHE,12.864952623309577,non-orthosteric
85,-2.0564796217460897,GLY,12.54677245350373,non-orthosteric
86,-2.8599351556563253,LYS,8.381063238038477,non-orthosteric
87,-0.4267307349415299,ILE,6.976036482129376,non-orthosteric
88,-5.071791596796444,LEU,4.095357005195029,orthosteric
89,-9.822444149300642,GLY,3.4732778466457295,orthosteric
90,-6.694137631302191,GLU,5.728632821188665,orthosteric
91,-11.221361745796802,GLY,3.1566751495838155,orthosteric
92,-9.69491760703567,SER,3.0356376595371195,orthosteric
93,-9.343726977603087,PHE,4.768415250374069,orthosteric
94,-12.106074772802481,SER,2.4299909464851916,orthosteric
95,-3.2333907249540523,THR,6.1115350772126,orthosteric
96,-7.357737089498366,VAL,3.481779573723761,orthosteric
97,-0.9360589213938004,VAL,8.952546062433859,non-orthosteric
98,-0.2061885777902237,LEU,7.118276336305018,non-orthosteric
99,-1.5033638331754222,ALA,10.977210028053575,non-orthosteric
100,-2.3475481726914182,ARG,13.447258233558244,non-orthosteric
101,-2.308998530679572,GLU,14.842334385129583,non-orthosteric
102,-0.6327944451877947,LEU,19.299341776340455,non-orthosteric
103,-0.9030877862127897,ALA,20.65540195687317,non-orthosteric
104,-1.3099491059949946,THR,16.204251078035046,non-orthosteric
105,-0.8890306261409213,SER,17.31519433907688,non-orthosteric
106,-1.1016518036383678,ARG,13.462722050165041,non-orthosteric
107,-3.334596361801674,GLU,9.59746398795015,non-orthosteric
108,-1.2487075703685253,TYR,8.295623786069376,non-orthosteric
109,-5.205709497839549,ALA,3.685391838054673,orthosteric
110,-1.7949112290828815,ILE,8.965030061299291,non-orthosteric
111,-8.76014980497805,LYS,3.3084881743781396,orthosteric
112,-1.1617548013773575,ILE,8.348475968702314,non-orthosteric
113,-4.301448083271115,LEU,7.036461966073575,non-orthosteric
114,-4.993719404388861,GLU,11.909976028523316,non-orthosteric
115,-5.858275483319215,LYS,15.153836774889719,non-orthosteric
116,-3.482916305436142,ARG,16.33341988072308,non-orthosteric
117,-3.689508225303385,HIS,9.33327402362108,non-orthosteric
118,-5.821099148580339,ILE,10.090784855500585,non-orthosteric
119,-4.003224931394302,ILE,16.651083898653564,non-orthosteric
120,-4.92825376653744,LYS,15.59506848333793,non-orthosteric
121,-2.826553583236418,GLU,11.511570917993772,non-orthosteric
122,-1.3956190779104176,ASN,14.53607818498511,non-orthosteric
123,-5.7042037817896905,LYS,8.09612123179983,non-orthosteric
124,-2.713706423802288,VAL,14.477988741534508,non-orthosteric
125,-0.7597462011650586,PRO,13.849257200297785,non-orthosteric
126,-5.39147820091038,TYR,8.664509853419293,non-orthosteric
127,-5.607058943476442,VAL,9.90530130788559,non-orthosteric
128,-1.1792087436609284,THR,15.05448843368648,non-orthosteric
129,-1.1070029810599298,ARG,12.611636412456553,non-orthosteric
130,-9.865439112632988,GLU,5.392578140370337,non-orthosteric
131,-5.4137216361221245,ARG,12.995733530663053,non-orthosteric
132,-0.8682898579336511,ASP,15.875604082994762,non-orthosteric
133,-0.8540179687849596,VAL,13.269766878133165,non-orthosteric
134,-0.9073252485173562,MET,7.3269299164111015,non-orthosteric
135,-1.2707654068393426,SER,14.712784372782739,non-orthosteric
136,-0.9738377887640914,ARG,17.067877255241786,non-orthosteric
137,-0.8872603225288938,LEU,11.863763525964261,non-orthosteric
138,-1.4179516743319747,ASP,15.374160334795523,non-orthosteric
139,-1.6058583102135566,HIS,14.791024609539395,non-orthosteric
140,-1.8229074703616748,PRO,14.136183537291812,non-orthosteric
141,-2.130165015247906,PHE,13.048810712091734,non-orthosteric
142,-1.0252703377402703,PHE,10.072059868765672,non-orthosteric
143,-3.1977439100764338,VAL,3.9219672359671742,orthosteric
144,-2.027954647109766,LYS,8.657653781481446,non-orthosteric
145,-1.4517332407012882,LEU,9.42077348204488,non-orthosteric
146,-0.007107203246375704,TYR,8.54832784818177,non-orthosteric
147,-3.14030966819627,PHE,11.223154503079783,non-orthosteric
148,-4.759765050175447,THR,12.827553507976491,non-orthosteric
149,-4.962460624631912,PHE,13.982585633565774,non-orthosteric
150,-7.522113688838912,GLN,16.336330218258936,non-orthosteric
151,-2.540419438553023,ASP,16.36842341216771,non-orthosteric
152,-0.3843141379666344,ASP,20.77616088212642,non-orthosteric
153,-1.0247444878366716,GLU,16.70055115856959,non-orthosteric
154,-2.6476003538278094,LYS,12.914479044855042,non-orthosteric
155,-5.667421699358544,LEU,11.645765067182147,non-orthosteric
156,-2.582732912042742,TYR,12.065740756372982,non-orthosteric
157,-1.406150925024706,PHE,8.511707584262984,non-orthosteric
158,-0.5604627917275895,GLY,8.505488757267274,non-orthosteric
159,-3.353385306476209,LEU,4.082539528283836,orthosteric
160,-0.4957271644008694,SER,5.304371216270596,orthosteric
161,-3.466277705388137,TYR,3.946555966915964,orthosteric
162,-5.0026225004602125,ALA,3.6696172824969095,orthosteric
163,-1.7578814945171795,LYS,7.099019368898778,non-orthosteric
164,-4.265574174044616,ASN,8.664324843864062,non-orthosteric
165,-5.154801401086356,GLY,5.481004834882013,orthosteric
166,-7.856673299371589,GLU,2.948251346137231,orthosteric
167,-2.0954660361960897,LEU,10.38501213287688,non-orthosteric
168,-4.7064691543493575,LEU,8.816956504372696,non-orthosteric
169,-3.579280864786782,LYS,8.662477128396935,non-orthosteric
170,-0.7733336789949306,TYR,10.549282724432027,non-orthosteric
171,-1.7392431402312125,ILE,13.511614004255746,non-orthosteric
172,-1.6327882887355942,ARG,10.167436107495343,non-orthosteric
173,-2.095540305863075,LYS,14.873199252346486,non-orthosteric
174,-0.7281318451532544,ILE,17.055138258014797,non-orthosteric
175,-1.3168268750342351,GLY,19.062724070814227,non-orthosteric
176,-0.9402435211232065,SER,22.26324814576705,non-orthosteric
177,-1.5889696129265563,PHE,15.674751832166276,non-orthosteric
178,-0.9191725681717582,ASP,23.49683123316844,non-orthosteric
179,-2.258110360269076,GLU,27.223237316674886,non-orthosteric
180,-0.7808114848814558,THR,25.003476598265294,non-orthosteric
181,-2.1573252696234846,CYS,20.72460774055808,non-orthosteric
182,-2.7444358139423075,THR,21.8369382927186,non-orthosteric
183,-1.7410008556243248,ARG,24.99789473135688,non-orthosteric
184,-1.5272178824258829,PHE,17.856232329357724,non-orthosteric
185,-2.8010042053122817,TYR,14.900949902606879,non-orthosteric
186,-1.813911410585149,THR,20.77928492513638,non-orthosteric
187,-1.8588684651225895,ALA,21.79594593037889,non-orthosteric
188,-4.49249549486744,GLU,14.888771910402818,non-orthosteric
189,-4.2116036263396746,ILE,15.874633602070947,non-orthosteric
190,-0.6862933644458034,VAL,21.448538458365878,non-orthosteric
191,-1.4149721559414208,SER,19.07656910977443,non-orthosteric
192,-6.822555602661614,ALA,14.917806138973653,non-orthosteric
193,-1.8064034460365912,LEU,16.700783394799178,non-orthosteric
194,-1.4043680773175171,GLU,21.757732349672843,non-orthosteric
195,-1.4805046578372698,TYR,16.1143160574689,non-orthosteric
196,-1.5392807892822393,LEU,15.374289707170217,non-orthosteric
197,-2.6274091113780678,HIS,18.930071685020106,non-orthosteric
198,-1.6943928343608659,GLY,22.94093609685533,non-orthosteric
199,-1.1506293874864353,LYS,19.62972241270874,non-orthosteric
200,-1.4251609050262894,GLY,22.24003334080235,non-orthosteric
201,-1.677255258863969,ILE,16.17536534363289,non-orthosteric
202,-5.184022844690537,ILE,16.768183145469276,non-orthosteric
203,-5.184082819393426,HIS,9.204774304674721,non-orthosteric
204,-7.904406878802381,ARG,12.632030794769303,non-orthosteric
205,-8.858886241932295,ASP,5.805055038498773,non-orthosteric
206,-5.428540194265267,LEU,12.643300439363134,non-orthosteric
207,-8.801566462078538,LYS,5.255769401334118,non-orthosteric
208,-11.002239578884684,PRO,10.706045068091203,non-orthosteric
209,-9.948499157632208,GLU,5.775314710039617,orthosteric
210,-11.113591415109173,ASN,4.698224877546839,orthosteric
211,-4.369383540760497,ILE,10.389968286765844,non-orthosteric
212,-2.3000007531015676,LEU,3.3515317393693294,orthosteric
213,-2.215434604844697,LEU,9.040284176949307,non-orthosteric
214,-0.6847207393353925,ASN,8.433545754900486,non-orthosteric
215,-2.6471573584068273,GLU,10.648573143853593,non-orthosteric
216,-2.59801455108836,ASP,13.786218952272593,non-orthosteric
217,-2.3944211808859395,MET,12.058268905609959,non-orthosteric
218,-5.1074589033427795,HIS,12.978297307428274,non-orthosteric
219,-4.560476255593024,ILE,11.966862328948219,non-orthosteric
220,-1.9185246958131135,GLN,6.767238506215072,non-orthosteric
221,-3.682859193942739,ILE,10.295702890041067,non-orthosteric
222,-6.732347841355566,THR,4.5958273466265025,non-orthosteric
223,-10.042989590381032,ASP,3.95358293197449,orthosteric
224,-4.248541128957292,PHE,9.647080905641872,non-orthosteric
225,-7.697016673946902,GLY,8.71165719022506,non-orthosteric
226,-6.69226336828361,THR,7.8720876519510385,non-orthosteric
227,-5.493253242151226,ALA,12.40331084831788,non-orthosteric
228,-5.20459554256579,LYS,16.636018544110847,non-orthosteric
229,-1.7949219750322154,VAL,17.825168358251204,non-orthosteric
230,-1.9845517420927843,LEU,21.419646052164357,non-orthosteric
231,-1.2710836089778428,SER,25.71091729207653,non-orthosteric
232,-1.5211299635817817,PRO,25.854901392192545,non-orthosteric
233,-1.2735164778658339,GLU,30.070752917078746,non-orthosteric
234,-1.091976357271602,SER,28.089827144359575,non-orthosteric
235,-0.2735260787402689,LYS,30.87196969744561,non-orthosteric
236,-0.8224936556379809,GLN,22.55980864280546,non-orthosteric
237,-0.8937423886675031,ALA,26.203566112268003,non-orthosteric
238,-3.4581152787392018,ARG,23.54792882611972,non-orthosteric
239,-2.557710833846106,ALA,18.710065366000194,non-orthosteric
240,-1.5304335483988716,ASN,20.57807284465676,non-orthosteric
241,-9.257339683716188,SEP,15.063158134999446,non-orthosteric
242,-5.375436473369561,PHE,13.654225792771994,non-orthosteric
243,-9.66445867599397,VAL,10.490709079943072,non-orthosteric
244,-10.346344195096197,GLY,9.316050558042285,non-orthosteric
245,-8.896070343795143,THR,6.882100115517065,non-orthosteric
246,-8.983761237110205,ALA,12.677741202595985,non-orthosteric
247,-6.336630848056969,GLN,11.44189722030398,non-orthosteric
248,-4.4768616157624965,TYR,11.484983848486683,non-orthosteric
249,-5.482710341818791,VAL,12.850796629003199,non-orthosteric
250,-9.146883570716318,SER,18.008059251346328,non-orthosteric
251,-4.055069793380806,PRO,20.65151476284488,non-orthosteric
252,-7.856408299929482,GLU,20.65031493706573,non-orthosteric
253,-5.396804230953844,LEU,14.854250873066603,non-orthosteric
254,-3.715816297496664,LEU,17.4485088761189,non-orthosteric
255,-1.4374008968828464,THR,23.948501873812482,non-orthosteric
256,-1.7827318538100494,GLU,24.292042009678806,non-orthosteric
257,-2.09108433389724,LYS,20.994649818465653,non-orthosteric
258,-1.0931862317701881,SER,21.559565371314886,non-orthosteric
259,-3.7894461305912737,ALA,17.270142182390973,non-orthosteric
260,-3.2460037939278514,CYS,22.09025011175745,non-orthosteric
261,-1.511665117547616,LYS,21.679763513470345,non-orthosteric
262,-2.2791909185799666,SER,23.046090557836486,non-orthosteric
263,-1.5227125638011998,SER,17.779805988817763,non-orthosteric
264,-5.092535895730366,ASP,15.1321015724849,non-orthosteric
265,-0.7801489793034442,LEU,21.710991064435543,non-orthosteric
266,-2.2408609130001125,TRP,18.023250150846824,non-orthosteric
267,-4.50636449790074,ALA,15.038890052128181,non-orthosteric
268,-1.7968985882221098,LEU,19.15492910454121,non-orthosteric
269,-5.692983093456995,GLY,20.90406761852822,non-orthosteric
270,-8.447786931103568,CYS,17.165438823403264,non-orthosteric
271,-1.9325388910725545,ILE,14.4537084860599,non-orthosteric
272,-1.8411682162846006,ILE,21.026188503863462,non-orthosteric
273,-1.2577012313778582,TYR,21.57721346698873,non-orthosteric
274,-7.650575823047079,GLN,14.146130142197899,non-orthosteric
275,-2.079576340859551,LEU,16.111923969532626,non-orthosteric
276,-1.4949653629885007,VAL,23.105000887253826,non-orthosteric
277,-1.8629491530627025,ALA,22.39771117770742,non-orthosteric
278,-2.3486168165938217,GLY,19.11926070746461,non-orthosteric
279,-0.67222386128025,LEU,18.278364286773584,non-orthosteric
280,-6.296261942609368,PRO,16.0800255285867,non-orthosteric
281,-4.486342610411734,PRO,19.12900250927894,non-orthosteric
282,-5.622225868183387,PHE,19.318454285992967,non-orthosteric
283,-2.7396618414752916,ARG,20.43398118331325,non-orthosteric
284,-4.178743269179989,ALA,20.07212846212379,non-orthosteric
285,-1.22785769316609,GLY,18.57763531776851,non-orthosteric
286,-2.906224710503537,ASN,17.410713196190443,non-orthosteric
287,-8.09314550254824,GLU,10.839219944257978,non-orthosteric
288,-5.073532921713104,GLY,18.761124220046085,non-orthosteric
289,-2.226798318919581,LEU,20.877389707528092,non-orthosteric
290,-3.5687418539571816,ILE,15.415541897708296,non-orthosteric
291,-4.932490154592685,PHE,14.818040929893531,non-orthosteric
292,-5.505654079495348,ALA,23.35386214312313,non-orthosteric
293,-4.15472103869389,LYS,22.36849507678154,non-orthosteric
294,-4.752567642309515,ILE,17.35788653609649,non-orthosteric
295,-1.9899699227282337,ILE,22.64181940569264,non-orthosteric
296,-1.922828625790454,LYS,26.902314621608305,non-orthosteric
297,-4.31373325206392,LEU,25.100348583236848,non-orthosteric
298,-3.221910427550686,GLU,26.03901872191039,non-orthosteric
299,-1.5360218095939953,TYR,24.32109835102025,non-orthosteric
300,-1.4441467333038656,ASP,28.92347933772837,non-orthosteric
301,-2.0443112566117483,PHE,26.980946869967333,non-orthosteric
302,-2.69329738403271,PRO,26.376563896762597,non-orthosteric
303,-1.5218043358967064,GLU,32.36877313090504,non-orthosteric
304,-0.31048224129012336,LYS,30.60621523481791,non-orthosteric
305,-2.0514078608906594,PHE,24.760649708761683,non-orthosteric
307,-0.9182202403079089,PRO,32.32396165385673,non-orthosteric
309,-1.9311058145006,ALA,26.64608654192957,non-orthosteric
310,-1.377561938008677,ARG,29.832388472933243,non-orthosteric
311,-2.0151425175798456,ASP,32.02593614556802,non-orthosteric
312,-1.9510040472154788,LEU,25.686608456547937,non-orthosteric
313,-3.717214759659539,VAL,24.410166939207933,non-orthosteric
314,-2.5956898591918245,GLU,29.61524284891144,non-orthosteric
315,-2.9212162178147203,LYS,29.297038928874706,non-orthosteric
316,-2.3458818322235953,LEU,23.57008988103355,non-orthosteric
317,-3.7239155276891562,LEU,21.2927172761017,non-orthosteric
318,-2.1943853011009686,VAL,27.173076730469813,non-orthosteric
319,-2.7380222164335626,LEU,25.078284789833614,non-orthosteric
320,-2.7642111530484446,ASP,29.054675355267698,non-orthosteric
321,-1.1091196164940547,ALA,24.348812476176327,non-orthosteric
323,-1.7502191810312993,LYS,30.221670337689808,non-orthosteric
324,-2.3406483042928166,ARG,21.70370314024775,non-orthosteric
325,-1.2973822850557344,LEU,28.443486653362314,non-orthosteric
326,-0.3921190496236182,GLY,26.491790162237056,non-orthosteric
327,-1.1505998637936274,CYS,26.270164864347542,non-orthosteric
328,-0.4496145407685628,GLU,26.468375356262424,non-orthosteric
329,-0.5541267360769107,GLU,28.279623565387148,non-orthosteric
331,-0.9644687358376167,GLU,33.58190057158766,non-orthosteric
332,-0.6932209217238974,GLY,28.895149956350807,non-orthosteric
333,-2.1184189502010637,TYR,21.696111080099122,non-orthosteric
334,-0.641004903563668,GLY,29.97367077953583,non-orthosteric
335,-0.49410999239519615,PRO,31.568899632391368,non-orthosteric
336,-0.21077248504944457,LEU,24.732475351246183,non-orthosteric
337,-0.9305658453789203,LYS,25.151564026914905,non-orthosteric
338,-0.9307019844714395,ALA,32.36850903270028,non-orthosteric
339,-2.180718763838774,HIS,30.28315521870203,non-orthosteric
340,-0.7856973573327082,PRO,33.61341025543228,non-orthosteric
341,-1.9849399975017388,PHE,25.10193908844494,non-orthosteric
342,-1.8333736905829499,PHE,24.686732955172502,non-orthosteric
343,-1.1830067623508307,GLU,32.88660119258298,non-orthosteric
344,-1.34204390426207,SER,29.230103745967103,non-orthosteric
345,-0.2876948713435272,VAL,24.871239635370006,non-orthosteric
346,-1.0277411405453374,THR,26.987130210528125,non-orthosteric
347,-1.5516436932471054,TRP,23.0326180014344,non-orthosteric
348,-1.4631958375886387,GLU,26.04874962450213,non-orthosteric
349,-1.3472854429175838,ASN,23.268936245561374,non-orthosteric
350,-0.40931286106596154,LEU,19.78387264920597,non-orthosteric
352,-0.7524179042416601,GLN,20.226071541453617,non-orthosteric
353,-1.3697944347612427,GLN,21.713941282042743,non-orthosteric
354,-0.9217669711547112,THR,20.700363523378037,non-orthosteric
355,-1.2756514439710074,PRO,16.60815986194738,non-orthosteric
356,-1.6516170957666372,PRO,20.38150399259093,non-orthosteric
357,-0.9966457349966933,LYS,20.878749076513184,non-orthosteric
358,-1.345966574072393,LEU,15.577797726251294,non-orthosteric
359,-0.8584973263829854,THR,19.94402722621487,non-orthosteric
