new_position,loess_residual_avg,resid,min_dist_to_ligand,site_type,site_class
3,-0.5093212520112376,LYS,32.897477684466935,non-orthosteric,other
4,-0.137016341547044,LYS,26.164454246171466,non-orthosteric,other
9,-0.3249454250415962,SER,22.466344807288966,non-orthosteric,other
12,-0.8425266062364152,GLU,13.322628606997947,non-orthosteric,other
15,-2.518122334373822,GLY,7.692078782747872,orthosteric,orthosteric
16,-1.1907497882317104,ASP,7.089043024273447,orthosteric,orthosteric
17,-1.7514678697633492,GLU,4.704269656386632,orthosteric,orthosteric
18,-0.6074106528366778,MET,7.202884283396477,orthosteric,orthosteric
19,-3.939709382684141,THR,5.728106318845695,orthosteric,orthosteric
20,-0.2905060116523597,ARG,10.999230291252202,non-orthosteric,other
21,-1.8861312237885741,ILE,11.073686062012051,orthosteric,orthosteric
22,-1.104024272473449,ILE,5.702590727029249,orthosteric,orthosteric
23,-0.24898916183034903,TRP,9.26199319801089,orthosteric,orthosteric
24,-1.9221238793063327,GLU,14.746186795236252,non-orthosteric,other
26,-1.8721011673762522,ILE,9.49674818029835,non-orthosteric,other
27,-1.678640451621316,LYS,15.654269257937276,non-orthosteric,other
28,-3.742631610755791,GLU,17.429609806303755,non-orthosteric,other
29,-3.264186294626363,LYS,15.87139433068185,non-orthosteric,other
30,-1.2152925889892936,LEU,13.238617752620549,non-orthosteric,other
31,-0.2398951698260685,ILE,16.368784347043,non-orthosteric,other
32,-0.024211291888185826,PHE,19.64295520027473,non-orthosteric,other
33,-2.7879482624453082,PRO,20.59866063607049,non-orthosteric,other
34,-0.027082594247023195,TYR,21.349411865435542,non-orthosteric,other
36,-1.4547127945528313,GLU,26.257639516910125,non-orthosteric,other
38,-2.280522872992306,ASP,24.29576722394253,non-orthosteric,other
39,-0.5346848093739718,LEU,18.25379845402047,non-orthosteric,other
40,-0.29488040030176244,HIS,18.6912986440215,non-orthosteric,other
42,-0.8727304990425173,TYR,13.700592578425212,non-orthosteric,other
43,-1.6632020201941602,ASP,12.370976881394613,non-orthosteric,other
44,-1.5800957672621196,LEU,8.415126737013534,orthosteric,orthosteric
45,-1.7659041940733875,GLY,10.32888774263715,orthosteric,orthosteric
47,-1.4099838952925623,GLU,11.93240839059743,non-orthosteric,other
48,-0.7161166327614525,ASN,14.594020213772488,non-orthosteric,other
49,-1.8165211959912986,ARG,7.653118122700054,non-orthosteric,other
50,-1.2374836623361052,ASP,14.182229197132584,non-orthosteric,other
51,-1.4769669088205495,ALA,18.18227065027908,non-orthosteric,other
52,-0.7373757315608742,THR,16.202634261131738,non-orthosteric,other
53,-0.9696884125489387,ASN,18.9337944691496,non-orthosteric,other
54,-1.7750267903135892,ASP,11.807504139317503,non-orthosteric,other
55,-1.5621098553532669,GLN,18.19745883358443,non-orthosteric,other
56,-2.625257044252395,VAL,13.46307903118748,non-orthosteric,other
57,-2.7501926760875346,THR,10.052093761998046,non-orthosteric,other
59,-1.3835453600619605,ASP,17.26880936833805,non-orthosteric,other
60,-3.581037335314214,ALA,12.480673138897595,non-orthosteric,other
61,-1.6460227331033002,ALA,13.657833869248812,non-orthosteric,other
62,-1.7888543315286811,GLU,18.703753259706993,non-orthosteric,other
63,-1.4403859268639394,ALA,17.386687378566393,non-orthosteric,other
64,-3.357202007762335,ILE,12.302552987083617,non-orthosteric,other
65,-0.7786214042313251,LYS,18.915046021619933,non-orthosteric,other
66,-0.7602132310323917,LYS,21.80747461307705,non-orthosteric,other
67,-0.6150595912048562,HIS,20.083295197750793,non-orthosteric,other
68,-2.097356349597513,ASN,20.048094647621753,non-orthosteric,other
69,-2.590441476395883,VAL,16.22912240387631,non-orthosteric,other
70,-3.0603379654109073,GLY,12.95488201412888,non-orthosteric,other
71,-2.095108295438786,VAL,11.753735278625259,orthosteric,orthosteric
72,-5.174147848279343,LYS,3.3523360511738693,orthosteric,orthosteric
73,-3.0207068564470934,CYS,7.46409599348776,orthosteric,orthosteric
74,-3.839360666356294,ALA,3.9641236105853213,orthosteric,orthosteric
75,-3.8951595435186555,THR,3.292676418963757,orthosteric,orthosteric
76,-3.584761171155569,ILE,3.7958623526150164,orthosteric,orthosteric
77,-4.755023709874081,THR,3.42282354204829,orthosteric,orthosteric
78,-2.7718601967124004,PRO,6.516042050201948,orthosteric,orthosteric
79,-2.799032897515869,ASP,6.465230390326394,orthosteric,orthosteric
80,-2.9637237009083517,GLU,11.921919560205058,orthosteric,orthosteric
81,-2.4929259040958396,LYS,9.202758499493507,orthosteric,orthosteric
82,-4.146126853057094,ARG,3.2157524780368285,orthosteric,orthosteric
83,-3.566080187135981,VAL,11.265073723682415,orthosteric,orthosteric
84,-2.5165533491200733,GLU,13.276744367502147,non-orthosteric,other
85,-2.8824431919931452,GLU,7.422132510269536,orthosteric,orthosteric
86,-4.32707313148642,PHE,7.692887949268465,orthosteric,orthosteric
87,-2.7046553091479026,LYS,15.862307965740673,non-orthosteric,other
88,-1.8237425953307405,LEU,9.91604694422127,non-orthosteric,other
89,-1.1691412883742345,LYS,17.246594475431955,non-orthosteric,other
90,-1.863425813810066,GLN,15.162588103618724,non-orthosteric,other
91,-4.483889931548633,MET,10.165930159114808,orthosteric,orthosteric
92,-2.8830729936359187,TRP,10.868615229181684,orthosteric,orthosteric
93,-2.775684069405165,LYS,11.520500813766734,orthosteric,orthosteric
94,-6.474158610811992,SER,6.907836564366588,orthosteric,orthosteric
95,-5.857079507638321,PRO,6.419295054754845,orthosteric,orthosteric
96,-5.208337456200065,ASN,3.3627652311750813,orthosteric,orthosteric
97,-6.601656727607103,GLY,9.57905449405107,orthosteric,orthosteric
98,-4.130646807096609,THR,11.37367372487887,orthosteric,orthosteric
99,-2.396932349639414,ILE,8.38264665842477,orthosteric,orthosteric
100,-4.902939425650125,ARG,7.3135384732699675,orthosteric,orthosteric
101,-5.126947537993479,ASN,14.538156038507774,non-orthosteric,other
102,-4.816636907481127,ILE,15.266546466047913,non-orthosteric,other
103,-1.3522794709314496,LEU,13.389710751170092,non-orthosteric,other
104,-2.8172776572845724,GLY,16.240792283629514,non-orthosteric,other
105,-3.16678774145913,GLY,15.760135151704763,non-orthosteric,other
106,-2.19936875541058,THR,15.48839672141697,non-orthosteric,other
107,-3.6708773566928095,VAL,9.118570611669352,orthosteric,orthosteric
108,-2.407268588943996,PHE,14.058892346127417,non-orthosteric,other
109,-5.328263589692828,ARG,6.795540449441827,orthosteric,orthosteric
110,-4.310210714150582,GLU,14.578555655482475,non-orthosteric,other
111,-2.566478648408501,ALA,13.301366095255029,non-orthosteric,allosteric
112,-2.9326777550016683,ILE,10.976840802343814,non-orthosteric,other
113,-1.9927215579433541,ILE,16.555466650022282,non-orthosteric,other
114,-2.1334737289683936,CYS,13.231092245162527,non-orthosteric,other
115,-1.668024493938824,LYS,19.76758976203219,non-orthosteric,other
116,-2.6171783654759757,ASN,15.545486193747692,non-orthosteric,other
117,-1.2431744814293637,ILE,11.758767622501944,non-orthosteric,other
118,-2.8733765307278745,PRO,15.154014715579498,non-orthosteric,other
119,-1.7383392588635367,ARG,14.343548166335971,non-orthosteric,allosteric
120,-2.3470360924771487,LEU,13.558094335119518,non-orthosteric,allosteric
121,-3.1249336949869715,VAL,8.323521970896696,orthosteric,orthosteric
122,-1.3053720299409912,SER,7.265734512077908,orthosteric,orthosteric
123,-2.4992967834528246,GLY,8.59753063385063,orthosteric,orthosteric
124,-0.07512180565901083,TRP,11.298735194702106,non-orthosteric,allosteric
126,-1.944358021020978,LYS,17.728190827041548,non-orthosteric,other
127,-2.932848354178711,PRO,19.24368514604206,non-orthosteric,other
128,-2.013734871195471,ILE,15.19915293692382,non-orthosteric,allosteric
129,-0.43957000247275246,ILE,16.760222134566117,non-orthosteric,other
130,-1.8530847260061671,ILE,15.876782703054166,non-orthosteric,allosteric
131,-4.8463447886244,GLY,15.93032256421696,non-orthosteric,other
132,-6.125965132231057,CYS,13.47658818099002,non-orthosteric,other
133,-3.7456488192847637,HIS,17.550177036144106,non-orthosteric,other
140,-1.0206650697681585,ARG,16.358474164786887,non-orthosteric,other
141,-3.10540130520509,ALA,20.50262124705034,non-orthosteric,other
142,-2.190643115330091,THR,23.09150913214639,non-orthosteric,other
143,-2.0127312728139577,ASP,20.243717296978833,non-orthosteric,other
144,-0.1910946915890701,PHE,26.161816336026824,non-orthosteric,other
145,-1.3322248294169476,VAL,25.859435512013793,non-orthosteric,other
146,-0.5026747377332272,VAL,30.766331776797834,non-orthosteric,other
147,-1.4797609923477406,PRO,32.20487646304516,non-orthosteric,other
148,-1.7618091081776548,GLY,35.89840701201099,non-orthosteric,other
149,-1.491093105932654,PRO,36.7510660933802,non-orthosteric,other
150,-3.378466508083429,GLY,37.13522120575021,non-orthosteric,other
151,-2.0479228088624133,LYS,36.39657338266887,non-orthosteric,other
152,-0.30650597267718105,VAL,32.116813291483325,non-orthosteric,other
153,-1.8109196930733713,GLU,36.5784524959709,non-orthosteric,other
154,-2.0743332133852377,ILE,30.044932501172305,non-orthosteric,other
155,-0.4456143338184564,THR,35.72997982087312,non-orthosteric,other
156,-1.6494152368591557,TYR,34.51004840622511,non-orthosteric,other
157,-0.5648471913790463,THR,37.123828762669405,non-orthosteric,other
158,-1.3641376261647347,PRO,39.07834794358636,non-orthosteric,other
159,-2.1993724098966307,SER,36.55327899108369,non-orthosteric,other
160,-0.8966276856052948,ASP,41.24341509865545,non-orthosteric,other
161,-1.4498155483309043,GLY,42.82995795001438,non-orthosteric,other
162,-0.7086316202635219,THR,42.383873654964574,non-orthosteric,other
163,-0.43639974078703725,GLN,44.58003535216185,non-orthosteric,other
164,-0.8156386060218965,LYS,38.76894115139076,non-orthosteric,other
165,-1.88538333878334,VAL,36.71533185196615,non-orthosteric,other
166,-1.8726167805191967,THR,38.168104498389745,non-orthosteric,other
169,-0.31046895316479173,VAL,29.572734621607115,non-orthosteric,other
170,-0.6126606091916358,HIS,27.894847606681775,non-orthosteric,other
172,-0.24251569181701882,PHE,30.02107336522131,non-orthosteric,other
173,-0.2379581173837888,GLU,32.45002155623321,non-orthosteric,other
174,-0.9462020567059763,GLU,32.95605822910258,non-orthosteric,other
175,-0.25137048096432313,GLY,33.14214739572558,non-orthosteric,other
176,-0.8288821257808578,GLY,32.67593802785163,non-orthosteric,other
177,-0.4636519013275091,GLY,29.999145421161586,non-orthosteric,other
178,-3.6445787380341983,VAL,25.89820957131979,non-orthosteric,other
179,-2.6481135487700285,ALA,28.937357757749755,non-orthosteric,other
180,-1.0372293617874249,MET,21.255382494794112,non-orthosteric,other
181,-2.4012415897660375,GLY,26.0755859378078,non-orthosteric,other
182,-2.1671570876182766,MET,21.153955918456482,non-orthosteric,other
183,-1.864627036293478,TYR,21.23243678902636,non-orthosteric,other
184,-2.447304555065644,ASN,21.146458426885577,non-orthosteric,other
186,-2.3668344268104793,ASP,28.473855833026903,non-orthosteric,other
187,-0.44992052859583964,LYS,24.224732526903164,non-orthosteric,other
188,-2.587754487304162,SER,20.966716814990374,non-orthosteric,other
189,-3.5132634605575106,ILE,24.42157867542555,non-orthosteric,other
191,-0.8428531347820858,ASP,20.802248460202566,non-orthosteric,other
192,-2.5219584701629216,PHE,18.778961952142087,non-orthosteric,other
193,-3.4892025458910965,ALA,24.894109724993182,non-orthosteric,other
194,-1.18016658818234,HIS,23.786224164419203,non-orthosteric,other
195,-0.4604403750300454,SER,18.68359764606378,non-orthosteric,other
196,-3.2459042274805965,SER,20.20515738617247,non-orthosteric,other
197,-2.4768305646411264,PHE,25.45247801295583,non-orthosteric,other
198,-1.0873498674296531,GLN,21.804333628891296,non-orthosteric,other
200,-2.3630966199765018,ALA,24.302324209836396,non-orthosteric,other
201,-1.476050744290835,LEU,26.171120381061257,non-orthosteric,other
202,-0.8854898448716195,SER,21.336945657708366,non-orthosteric,other
203,-0.6722518889120925,LYS,18.452890640764117,non-orthosteric,other
204,-0.6056159373929635,GLY,26.628402524372355,non-orthosteric,other
205,-0.7868245444625828,TRP,21.9059239019951,non-orthosteric,other
206,-1.4392052712236136,PRO,19.922298461773938,non-orthosteric,other
207,-1.21845344094009,LEU,21.865143722372373,non-orthosteric,other
208,-3.053796360489139,TYR,15.638165781190583,non-orthosteric,other
209,-1.932426210085211,LEU,19.759245962333686,non-orthosteric,other
210,-5.617772709655316,SER,14.888675327241172,non-orthosteric,other
211,-2.965984887717708,THR,18.116755393833632,non-orthosteric,other
212,-7.471473472885393,LYS,15.638338818429533,non-orthosteric,other
213,-4.717794586332724,ASN,17.14120033719926,non-orthosteric,other
214,-5.6238739115024945,THR,13.70045126993998,non-orthosteric,other
215,-6.9091978603465565,ILE,14.171193527716712,non-orthosteric,other
216,-6.185399100200366,LEU,20.9163162626692,non-orthosteric,other
217,-6.5008231078939085,LYS,19.58511582809762,non-orthosteric,other
218,-1.5286419331263312,LYS,25.945297011211878,non-orthosteric,other
219,-4.000001785746851,TYR,23.17553481583543,non-orthosteric,other
220,-6.040977289666346,ASP,19.44739830928549,non-orthosteric,other
221,-5.128523925768054,GLY,22.76895557551993,non-orthosteric,other
222,-1.8424169205722176,ARG,27.10076334718268,non-orthosteric,other
223,-4.800122368856895,PHE,22.324745978398052,non-orthosteric,other
224,-3.9311607031183966,LYS,19.08293876739115,non-orthosteric,other
225,-3.9823742197667986,ASP,24.846997786452995,non-orthosteric,other
226,-2.2338800842849054,ILE,27.940241140691683,non-orthosteric,other
227,-4.119364047886641,PHE,23.1486411912233,non-orthosteric,other
228,-3.2445034736507914,GLN,23.296940464361413,non-orthosteric,other
229,-2.8340836043253086,GLU,30.46383616683887,non-orthosteric,other
230,-1.2880487197290158,ILE,27.956943126887104,non-orthosteric,other
231,-1.5583080867783003,TYR,25.646072311369633,non-orthosteric,other
232,-2.6628691380315823,ASP,27.86547306255539,non-orthosteric,other
233,-2.0613806875953173,LYS,34.09078723057008,non-orthosteric,other
234,-0.9107278645450965,GLN,30.652613037064228,non-orthosteric,other
235,-1.3715303121433298,TYR,26.379187743370718,non-orthosteric,other
236,-1.1200378250657206,LYS,28.02696405249774,non-orthosteric,other
237,-1.701430397581901,SER,33.85308959312282,non-orthosteric,other
238,-2.0540313607184637,GLN,30.720516287979276,non-orthosteric,other
239,-1.8155233404869708,PHE,25.07061048319327,non-orthosteric,other
240,-2.274795085903624,GLU,28.4750171202758,non-orthosteric,other
241,-2.0356481661227783,ALA,33.18714361013915,non-orthosteric,other
242,-1.5117910044829164,GLN,29.858244506333595,non-orthosteric,other
243,-3.305794722034653,LYS,27.578781354512394,non-orthosteric,other
244,-1.7898202414414985,ILE,24.696834088603342,non-orthosteric,other
245,-1.7754351516908145,TRP,18.64082610830325,non-orthosteric,other
246,-2.4077569993020376,TYR,21.323201213701473,non-orthosteric,other
247,-4.249686960008766,GLU,15.51713401372818,non-orthosteric,other
248,-4.331808935400854,HIS,17.168016455024734,non-orthosteric,other
249,-3.257048823202883,ARG,12.196992088215849,non-orthosteric,other
250,-5.330621042475787,LEU,11.98236679458612,non-orthosteric,other
251,-7.155283975472761,ILE,12.836508053205124,non-orthosteric,other
252,-8.985712952333689,ASP,8.296530419398222,orthosteric,orthosteric
253,-5.850130803329096,ASP,8.000296869491784,orthosteric,orthosteric
254,-3.0357266784074,MET,11.516699266717007,orthosteric,orthosteric
255,-4.834970497468747,VAL,8.047809453509693,orthosteric,orthosteric
256,-4.417055644290912,ALA,4.436718381867392,orthosteric,orthosteric
257,-1.5878139453635876,GLN,9.288928678808984,orthosteric,orthosteric
258,-2.9201105708714525,ALA,10.695250581449695,orthosteric,orthosteric
259,-3.1558192678405277,MET,6.627309333356939,orthosteric,orthosteric
260,-3.1838213625696614,LYS,6.513755368449141,orthosteric,orthosteric
261,-0.1633997002153098,SER,12.334955411350299,non-orthosteric,other
262,-2.2658285979676696,GLU,12.860653988036534,non-orthosteric,other
263,-1.903289880015107,GLY,15.372185043122528,non-orthosteric,other
264,-2.334289698878594,GLY,19.067957966179808,non-orthosteric,other
265,-1.351611963112239,PHE,14.476612414511898,non-orthosteric,other
266,-1.225561589589451,ILE,20.224406171751987,non-orthosteric,other
267,-1.6644792761980192,TRP,12.889987820009761,non-orthosteric,allosteric
268,-4.6109674703688945,ALA,21.049983467927003,non-orthosteric,other
269,-3.609699963868037,CYS,17.55276513829089,non-orthosteric,allosteric
270,-5.600353900288415,LYS,20.347441755660586,non-orthosteric,other
276,-6.298897317601384,VAL,10.250200046828354,orthosteric,orthosteric
277,-4.799630182342298,GLN,15.041637178179771,non-orthosteric,other
278,-4.138257144350819,SER,11.032208029220621,non-orthosteric,allosteric
279,-6.893601989545866,ASP,5.692649734526092,orthosteric,orthosteric
280,-0.8971038446750921,SER,11.404438302696017,orthosteric,orthosteric
281,-1.718558353726527,VAL,12.644127846553909,orthosteric,orthosteric
282,-4.376305828456991,ALA,8.716779852674957,orthosteric,orthosteric
283,-3.93288605603545,GLN,4.094185511185344,orthosteric,orthosteric
284,-5.421143506490537,GLY,8.72087690544936,orthosteric,orthosteric
285,-2.0419569505224393,TYR,10.601957460771102,orthosteric,orthosteric
286,-3.430358983455492,GLY,6.6935276947212214,orthosteric,orthosteric
287,-5.780393380816369,SER,8.772251364387593,orthosteric,orthosteric
288,-4.894058129282582,LEU,3.7614025309716608,orthosteric,orthosteric
289,-6.941878923748488,GLY,4.002004497748599,orthosteric,orthosteric
291,-4.440222040535349,MET,8.480342504875614,orthosteric,orthosteric
292,-4.410761463103021,THR,10.10523799818688,orthosteric,orthosteric
293,-6.074329406435435,SER,7.069066274975786,orthosteric,orthosteric
294,-1.8992321536942658,VAL,11.937112087938186,orthosteric,orthosteric
295,-3.2031808651779192,LEU,10.668211143392314,orthosteric,orthosteric
296,-0.564980492632202,VAL,15.14463192025478,non-orthosteric,other
297,-2.397192795185793,CYS,16.173067396137323,non-orthosteric,other
298,-3.3357523107374893,PRO,19.329778322577834,non-orthosteric,other
299,-3.232796786098862,ASP,20.658888595469023,non-orthosteric,other
300,-2.0135150337618644,GLY,21.78368919627711,non-orthosteric,other
301,-2.0649406277206133,LYS,22.17356937887989,non-orthosteric,other
302,-1.1984371901229007,THR,16.814286960796164,non-orthosteric,other
303,-0.1605223797037998,VAL,14.92278734017208,non-orthosteric,other
304,-3.247326205094101,GLU,7.783915017521709,orthosteric,orthosteric
305,-2.5810942810876005,ALA,10.629737579075032,orthosteric,orthosteric
306,-7.780867826225067,GLU,3.0880877578203605,orthosteric,orthosteric
307,-7.228995121812341,ALA,5.859724054936375,orthosteric,orthosteric
308,-6.215487541347624,ALA,6.845646645861881,orthosteric,orthosteric
309,-6.943875787862707,HIS,3.4278818532732434,orthosteric,orthosteric
310,-6.989128243271983,GLY,2.8979518629542476,orthosteric,orthosteric
311,-6.274694600255017,THR,3.396890931425382,orthosteric,orthosteric
312,-5.9014139103671095,VAL,3.8071200401353242,orthosteric,orthosteric
313,-7.075859118364949,THR,3.1329714330009457,orthosteric,orthosteric
314,-5.134985968988208,ARG,4.166276635078378,orthosteric,orthosteric
315,-4.021851722329007,HIS,3.03636443794219,orthosteric,orthosteric
316,-1.423004910864723,TYR,8.563570750568948,orthosteric,orthosteric
317,-4.315117210432061,ARG,8.284657687557164,orthosteric,orthosteric
318,-0.6761302523513635,MET,6.492317998989267,non-orthosteric,other
320,-1.629978566762302,GLN,12.064328659316274,non-orthosteric,other
321,-1.1110219929159442,LYS,12.979111256168505,non-orthosteric,other
322,-2.3611535813623927,GLY,16.54122302007926,non-orthosteric,other
323,-0.5020443869892759,GLN,12.781860623555554,non-orthosteric,other
324,-1.318504545804906,GLU,12.810302845756613,non-orthosteric,other
325,-1.6336500424030178,THR,8.76183234260962,orthosteric,orthosteric
326,-2.540170308117668,SER,7.157067905224877,orthosteric,orthosteric
327,-3.7660931449991324,THR,3.5393752273529855,orthosteric,orthosteric
328,-4.488467070133378,ASN,3.329212068943645,orthosteric,orthosteric
329,-2.48720401715254,PRO,6.204377245139113,orthosteric,orthosteric
330,-0.9025561009863186,ILE,7.528708388561744,orthosteric,orthosteric
331,-3.090870505172526,ALA,6.264403403357736,orthosteric,orthosteric
332,-4.364535696405687,SER,6.055134185135782,orthosteric,orthosteric
333,-2.8964557290145585,ILE,9.938858083301119,orthosteric,orthosteric
334,-1.931659886304331,PHE,11.31987619190245,orthosteric,orthosteric
335,-2.8606414184174103,ALA,9.352923927842031,orthosteric,orthosteric
336,-0.749613019324789,TRP,12.653104836363285,non-orthosteric,other
337,-2.115812261636962,THR,14.788515307494526,non-orthosteric,other
338,-0.7148180848181198,ARG,13.99124190341944,non-orthosteric,other
339,-4.390605263144113,GLY,14.981233226940965,non-orthosteric,other
340,-1.7525939342168542,LEU,18.15997299006802,non-orthosteric,other
341,-1.1268990764424887,ALA,19.615497572072957,non-orthosteric,other
342,-0.1607548480312051,HIS,18.07896512524984,non-orthosteric,other
343,-1.7216071167489275,ARG,20.113329237100455,non-orthosteric,other
344,-0.6261511055374775,ALA,23.439333032319837,non-orthosteric,other
345,-1.2017942062251015,LYS,23.214309574053672,non-orthosteric,other
347,-1.0481437668549756,ASP,24.908473196886238,non-orthosteric,other
348,-0.6248718308065815,ASN,30.069964050527233,non-orthosteric,other
349,-1.0353809954811375,ASN,26.590961208651333,non-orthosteric,other
350,-0.5561980750320608,LYS,30.591807808627458,non-orthosteric,other
351,-1.4344472295426116,GLU,28.897728543953072,non-orthosteric,other
352,-0.02290061757533124,LEU,22.502816890336195,non-orthosteric,other
355,-0.6578552594619183,PHE,19.729005676921478,non-orthosteric,other
356,-0.8746594443948101,ALA,20.047429361391952,non-orthosteric,other
357,-1.4439793067482842,ASN,21.4924709375167,non-orthosteric,other
359,-2.211971024263886,LEU,15.311934071174681,non-orthosteric,other
360,-3.5254528905845,GLU,16.10410382480192,non-orthosteric,other
361,-0.9878688322815599,GLU,19.687486660312945,non-orthosteric,other
362,-0.2108384731406625,VAL,16.78171367888274,non-orthosteric,other
363,-0.40804304521590495,SER,12.810523057236965,non-orthosteric,other
365,-1.9533383733479117,GLU,18.86834889437865,non-orthosteric,other
366,-0.7761846538704003,THR,14.500029344797893,non-orthosteric,other
367,-0.697716213759147,ILE,10.360389423182898,non-orthosteric,other
368,-1.2861535264204624,GLU,17.29667352412018,non-orthosteric,other
369,-2.1867955693480994,ALA,18.891480460779142,non-orthosteric,other
370,-1.8312308919967677,GLY,16.507526798403205,non-orthosteric,other
372,-1.5040217206834718,MET,10.548595641126829,orthosteric,orthosteric
373,-1.8600182764539088,THR,5.58317911229794,orthosteric,orthosteric
374,-1.2385264941687821,LYS,7.3948026342830815,orthosteric,orthosteric
375,-3.7193323520340957,ASP,3.842838794433094,orthosteric,orthosteric
376,-1.1191943334166865,LEU,7.6729960901853715,orthosteric,orthosteric
377,-0.1209617511195038,ALA,10.762168972841858,orthosteric,orthosteric
378,-0.10233752818201047,ALA,8.446680117063742,non-orthosteric,other
379,-0.40860749519761796,CYS,9.467318574971477,non-orthosteric,other
380,-0.8484020074379401,ILE,13.673272651417435,non-orthosteric,other
381,-1.2753287726896563,LYS,14.636007857335962,non-orthosteric,other
382,-0.3043247841310244,GLY,12.021805396861152,non-orthosteric,other
383,-0.5059339613877984,LEU,5.917570109428362,non-orthosteric,other
384,-0.9878949225940303,PRO,11.20055328990492,non-orthosteric,other
385,-0.23311076858965762,ASN,15.285302908349575,non-orthosteric,other
389,-0.7672290781335667,SER,18.499685267593065,non-orthosteric,other
390,-1.3499645049778213,ASP,14.351385194468165,non-orthosteric,other
393,-1.7004623579458293,ASN,11.422886237724686,orthosteric,orthosteric
394,-1.8283197460590763,THR,7.310672267308935,orthosteric,orthosteric
396,-0.5938390046482525,GLU,13.78619936748341,non-orthosteric,other
397,-0.4473773945587425,PHE,9.307197644833812,orthosteric,orthosteric
399,-1.5308121107695936,ASP,16.609480605967185,non-orthosteric,other
400,-1.5266873309709634,LYS,15.418764055526628,non-orthosteric,other
403,-1.486777824000101,GLU,20.92708355218185,non-orthosteric,other
404,-0.8979334460736723,ASN,18.310173920528445,non-orthosteric,other
405,-0.20115536617380947,LEU,18.59258352139368,non-orthosteric,other
406,-1.0197660010157437,LYS,23.126243815198354,non-orthosteric,other
408,-1.372514840329485,LYS,21.25530298537285,non-orthosteric,other
410,-0.4919919576612348,ALA,28.335855360302784,non-orthosteric,other
411,-2.0730927993117216,GLN,26.94308328681036,non-orthosteric,other
413,-2.012650000306638,LYS,29.2321374175752,non-orthosteric,other
