new_position,comp_residual_avg,exp_residual_avg,site_type
2,1.4314710191030526,-0.7275572463480596,Binding site
3,-0.8041112010684248,-1.3370253804009886,Binding site
5,4.58747651187707,0.2243189873819752,Binding site
6,-3.064575051835095,1.1902144910249182,Binding site
7,-3.4958190570525343,-0.5791293693242013,Binding site
9,-2.994763511063619,0.6250502906562257,Binding site
10,-3.3272842024472187,1.1989644907373382,Binding site
11,-3.4755049574719328,0.09067755552849338,Binding site
12,-0.7988378216208343,-0.0818067951574321,Binding site
13,-2.9845296159458723,0.04243892856954154,Binding site
14,-2.2996528371758336,0.003218811042296911,Binding site
15,-1.300963635896279,3.0241652785043023,Binding site
16,-1.4325865829295843,1.1510336109695736,Non-orthosteric site
17,-0.5194792858005677,0.36823509013614764,Non-orthosteric site
18,-2.4193179672826304,-0.36652293819255055,Non-orthosteric site
19,-1.5375548073488599,-0.5875096618989516,Non-orthosteric site
20,-0.6954436369216559,0.6383408428453767,Non-orthosteric site
21,-2.549390711339452,0.5622339239850838,Non-orthosteric site
22,-2.4984276769911045,0.5788792248027526,Non-orthosteric site
23,0.014336031792618442,3.23779967915923,Non-orthosteric site
24,-4.69230867362748,2.018404848738098,Non-orthosteric site
25,-1.3294335591720765,1.9379175932254755,Non-orthosteric site
26,-3.4702662537794042,0.9060288685817265,Non-orthosteric site
27,-3.9528215063288377,1.7784697878506524,Non-orthosteric site
28,-1.7022834629274985,0.7771751846049293,Non-orthosteric site
29,0.27644227371247876,-0.4712536457233963,Non-orthosteric site
30,-0.07051434438739079,-0.39926535431664223,Non-orthosteric site
31,-0.13077741802071152,-0.27701844712832724,Non-orthosteric site
35,-1.7301963208326239,2.9673023608265785,Active site
36,-2.654708001742641,2.4691401791381926,Active site
37,-0.8952805754579014,-0.15720193425744902,Active site
38,-1.9897112997438677,3.115304328181118,Active site
39,-1.8989369066882391,1.734947780660527,Active site
40,-3.3280916781059897,-0.5245480778876448,Active site
41,-3.1586782062569254,-0.322160542566594,Active site
42,0.3774696847052361,-0.39010323432250954,Active site
43,-3.2070069690752625,0.15363129012040433,Active site
44,0.3410165448925113,-0.16781063025278753,Active site
45,-2.709001446569321,-0.10617309551673779,Active site
46,-4.409701520457942,0.859477691995089,Active site
47,-2.9608949085785206,2.1589388080878997,Active site
48,-3.7543872501074116,3.2210684369805582,Active site
49,-0.721839704071269,0.49523269256150565,Active site
50,1.3458161563210362,0.5229913495671243,Non-orthosteric site
51,0.7589251403991106,-0.3241321767876656,Non-orthosteric site
52,-0.7778135079726534,0.267433979347356,Non-orthosteric site
53,-2.297536468405358,1.3040142689546124,Non-orthosteric site
54,-0.03305271891674977,-0.30128040340480333,Non-orthosteric site
55,-0.8037151626234351,-0.23964891572220456,Non-orthosteric site
56,-2.3055565349584475,1.9927390743089886,Non-orthosteric site
57,-0.8439820847795492,2.1525427497965444,Non-orthosteric site
58,0.24171799360067325,-0.5636633331061622,Non-orthosteric site
59,-0.9468132476452329,-0.36295476916423475,Non-orthosteric site
60,-1.9358078171787838,0.40887802170264753,Non-orthosteric site
61,-3.6070009219003243,1.8922875179727434,Non-orthosteric site
62,-1.5150712742477808,-0.29715757595682024,Non-orthosteric site
63,1.6509610770636183,-0.41128519527813345,Non-orthosteric site
64,-1.07702346813321,-0.26736746408193457,Non-orthosteric site
65,-2.2960214563796706,-0.032203198398964475,Non-orthosteric site
66,-2.965717907396188,-0.5715429961889793,Non-orthosteric site
67,-1.1485734040827573,1.1226951492078574,Non-orthosteric site
68,-2.8569419841919164,1.3856884750480125,Non-orthosteric site
69,-3.3356296870423456,0.3871855162519986,Non-orthosteric site
71,-5.965892273695009,0.7310837060356744,Non-orthosteric site
72,-2.2461187693144407,-0.3866466229921563,Non-orthosteric site
73,-4.705681215425292,-0.14576225190007983,Non-orthosteric site
74,-2.185891505972555,0.48031286772223675,Non-orthosteric site
75,0.09475360547167178,-0.4522689923174096,Non-orthosteric site
76,-4.0310831268734315,0.19660305477455908,Non-orthosteric site
77,-2.6251868357964785,0.007863224537899283,Non-orthosteric site
78,-0.9752480205136607,-0.3962160093729045,Non-orthosteric site
79,0.34730533066426617,-0.5254128508345843,Non-orthosteric site
80,-0.9951901814947988,0.2695867155161218,Non-orthosteric site
81,-2.6678390575243727,1.4297935353133697,Non-orthosteric site
82,-1.3352644832557594,-0.4929459318402474,Non-orthosteric site
83,-0.02238747055737278,-0.3652193385836703,Non-orthosteric site
84,-2.0744670558966494,-0.47089798066421573,Non-orthosteric site
85,-0.6034803564886078,-0.048635178319888006,Non-orthosteric site
86,-2.4163930677244245,-0.5363433437777512,Non-orthosteric site
87,0.26562505639102074,-0.26487159355761053,Non-orthosteric site
88,-2.133068906403885,0.06491978704356893,Active site
89,1.0918690691659716,-0.1758669045463684,Active site
90,-2.2072705856625845,0.4047669985986374,Active site
91,-3.3792698383144852,-0.38890416704880076,Active site
92,-5.0975327101718575,4.034455341118501,Active site
93,-6.643578738414922,2.4158452392270773,Active site
94,-5.037430883657121,-0.35754314639854246,Active site
95,-2.751316104573811,2.5427902243114806,Active site
96,-2.2470647356830824,0.9680375371070099,Active site
97,-3.119229719035573,-0.40106212204758973,Active site
98,1.1349658078458367,-0.12088731007264604,Active site
100,2.180449447376933,0.3090280462215076,Non-orthosteric site
101,-0.8690797053874544,1.5536049482575307,Non-orthosteric site
102,-1.0441953184637063,0.3032124235098401,Non-orthosteric site
103,1.585793458164666,0.8433099230469856,Non-orthosteric site
104,-3.236283880723957,0.6820248445558161,Non-orthosteric site
105,-2.651809482416235,1.240061116791371,Non-orthosteric site
106,-0.9742828827634629,1.1822487542323301,Non-orthosteric site
107,0.4699357472943273,0.4473563584472292,Non-orthosteric site
108,1.1788525798902567,1.1967703555464677,Non-orthosteric site
109,-0.9988223311114659,0.12575238330141084,Non-orthosteric site
110,-0.891924332796961,0.08777656826388047,Non-orthosteric site
111,-2.349136666509364,0.9143391790331734,Non-orthosteric site
112,-0.26935067633698395,-0.2720596462106819,Non-orthosteric site
114,-2.0379139681096525,-0.21586967597387546,Non-orthosteric site
115,1.0135400572101831,-0.4034698794366606,Non-orthosteric site
116,-1.160075072188551,0.4146605546113018,Non-orthosteric site
117,1.0384437156486008,0.035370807514128716,Non-orthosteric site
118,-1.877031300751046,0.6170400605569096,Non-orthosteric site
119,-0.18925596490718632,0.6143127429418502,Non-orthosteric site
120,-1.2083285848326986,0.4062592520394601,Non-orthosteric site
121,-2.201917613474347,1.1788128927756603,Non-orthosteric site
122,-2.525745257651719,1.451746063068995,Non-orthosteric site
123,-4.528186083429004,2.219283874002366,Active site
124,-3.763857699658754,2.918276523644867,Active site
125,-6.1550135154829295,1.0290003138180865,Active site
126,-5.289390600112135,3.0970221927113575,Active site
127,-1.4961622601373117,2.2251977219350696,Active site
128,-4.175796332182784,1.3209251737814944,Active site
129,-4.09091330394498,2.520909118101313,Active site
130,-1.4579686417545226,2.974754142562318,Active site
131,-2.5248029112639827,3.190927125132381,Non-orthosteric site
132,-3.0653436005223327,3.8416121540917576,Non-orthosteric site
133,-0.932771868587885,1.2572830981082803,Non-orthosteric site
134,-2.054708491450791,1.3728809725549969,Non-orthosteric site
135,-0.5769390494231539,0.1484253379849605,Non-orthosteric site
136,-4.9527329637638555,1.786051136188395,Non-orthosteric site
137,-2.4271168152847196,-9.553344642243555e-5,Non-orthosteric site
138,0.7082008575760916,-0.3678094578512897,Non-orthosteric site
139,-0.5442702702460567,-0.23325844897003145,Non-orthosteric site
140,1.027529301563888,-0.007671879778064855,Non-orthosteric site
141,-0.4188851068803583,0.07414056289630155,Non-orthosteric site
142,2.0013174650531322,-0.19907470064428912,Non-orthosteric site
143,2.716873747810154,0.8237438693888317,Non-orthosteric site
144,-0.7839429258363761,-0.007770613785594127,Non-orthosteric site
145,2.3545222705482196,-0.6704706530886799,Non-orthosteric site
146,1.7663808820654952,0.06358570498919079,Non-orthosteric site
147,1.9736149793642968,-0.486615692618753,Non-orthosteric site
148,-2.164668029588099,0.028337163829250972,Non-orthosteric site
149,-1.4299673918716138,-0.24797784214498886,Non-orthosteric site
150,1.2735496659502683,-0.8356584324715747,Non-orthosteric site
151,-1.1410125958710218,0.48159331250579296,Binding site
152,-3.6272998025677747,1.2342865631725288,Binding site
153,-2.1604554983562947,-0.06824590538466485,Binding site
154,-0.3071369336256815,0.3140654484626031,Binding site
155,-2.667274165940765,1.702422019773789,Binding site
156,-2.3114507877196697,1.1742842414670953,Binding site
157,-1.2146769770132853,0.045647365782814836,Binding site
158,-0.9278854711562516,-0.2538872853368048,Binding site
159,-6.597656073123176,3.5159999030594173,Binding site
160,-4.8952579732153545,1.3716835497431048,Binding site
161,-1.32324647740068,-0.07279703239409066,Binding site
162,-3.0891683955230054,1.0381777913067378,Binding site
163,-0.06493141042877149,-0.12312229692139887,Binding site
164,-2.4858930413236244,-0.09597995563528709,Binding site
165,-2.034362730590021,3.4014599287278857,Binding site
166,-2.773946704121867,2.054257797233034,Binding site
167,-5.611590177389127,0.40760907437252425,Binding site
168,-5.858924909935295,-0.033246500019997016,Binding site
169,-3.779430528976457,-1.2608193704333481,Binding site
170,-3.7306301034493705,1.9545901115632185,Binding site
171,-5.504353978585623,3.125657766493058,Binding site
172,0.3695845618527276,-0.25524529882313907,Binding site
173,-2.0110455083994303,0.23481986514449837,Binding site
174,-8.818359973132132,-1.8614877950337576,Binding site
175,-0.8696411566688402,0.5636164883380024,Non-orthosteric site
176,0.3016593617608443,-0.28472168538812903,Non-orthosteric site
177,-2.230702786119851,0.8431803429929963,Non-orthosteric site
178,-0.2053794309800514,0.9469988988084055,Non-orthosteric site
179,-2.0782600214397178,-0.15936678604110746,Non-orthosteric site
180,4.61538572235967,0.35811238752838837,Non-orthosteric site
181,0.3440900591685754,-0.11163558247991934,Non-orthosteric site
182,3.7038920020125694,0.15886948644975485,Non-orthosteric site
183,1.4805264397579059,0.04830355618766046,Non-orthosteric site
184,0.7225568235095192,-0.7189519451042481,Non-orthosteric site
185,2.439978070389774,-0.315365601150115,Non-orthosteric site
186,0.0387345091872362,-0.19796306819591028,Non-orthosteric site
187,1.467511667493636,-0.02636051663210684,Non-orthosteric site
188,0.6652482751843909,-0.47087379421827746,Non-orthosteric site
189,0.9069657767262553,0.007004904480616955,Non-orthosteric site
190,-0.9388363118986911,-0.15666222627719248,Non-orthosteric site
191,0.15940925133615913,-0.12125308318667194,Non-orthosteric site
192,-2.9522446241029154,0.07927681354775719,Non-orthosteric site
193,0.22517039063886024,-0.12210874619548778,Non-orthosteric site
194,1.7759625548287081,-0.6087159620821352,Non-orthosteric site
195,-2.340752045376286,0.20498780575221565,Non-orthosteric site
196,0.5824714721955759,-0.15425584793670039,Non-orthosteric site
197,-0.5199761916142123,-0.10650628653547828,Non-orthosteric site
199,5.450427568460811,-0.014884416115832605,Non-orthosteric site
201,-4.275177444075656,0.022511021624801508,Binding site
202,0.061026181816082214,-0.474571815957207,Binding site
203,0.5521262471361474,-0.3619828831011448,Binding site
204,0.33710627017866734,-0.10905228574929571,Binding site
205,-0.39255757572172456,-0.3249366863538997,Binding site
206,-1.6135409300003039,-0.07345070876827599,Binding site
207,-2.5266621926167474,0.2743244387441991,Binding site
208,-1.1278241227436947,-0.007469498391477369,Binding site
209,1.4722996525735113,-0.09773970561754602,Binding site
210,1.4228594112857245,-0.10785121737238132,Binding site
211,-0.16747353763279982,0.06489752063332543,Binding site
212,0.8603295802687416,-0.6088092762448587,Binding site
213,-1.844050522593908,0.37045421035117976,Non-orthosteric site
214,0.5812313390531294,-0.7977143651789095,Non-orthosteric site
215,2.4122013089662637,0.028348284234227326,Non-orthosteric site
216,1.1504837183191352,-0.026026044941792142,Non-orthosteric site
217,3.5662920755076453,0.5487979220423608,Non-orthosteric site
218,3.505926275535705,0.22907291837731944,Non-orthosteric site
219,-1.6155988545403055,0.9902103441713602,Non-orthosteric site
220,-0.9016929181555522,-0.3208426799065845,Non-orthosteric site
221,-1.9729496123939727,-0.23557462787085381,Non-orthosteric site
222,-2.0402218423081147,0.2947205520328771,Non-orthosteric site
223,-2.0031968145279038,-0.1424771196081629,Non-orthosteric site
224,1.9171953045805497,-0.1832892540954253,Non-orthosteric site
225,2.102388889037549,-0.17495390048593354,Non-orthosteric site
226,0.36688923703141096,-0.4138000270302634,Binding site
227,4.607638340583872,-0.5654673214123058,Binding site
228,3.587205545855543,-0.08097199192647951,Binding site
229,4.102699389928691,-0.16613469570484524,Binding site
230,9.473976388353693,-0.3306145589054047,Binding site
231,3.066314648378275,-0.2940623101990794,Binding site
232,6.896353786124035,-0.080615838670637735,Binding site
233,1.883238985853188,0.22337732440708422,Binding site
234,0.001369794514891609,-0.08636846488844979,Binding site
235,-2.3381501732807664,-0.15801238284615415,Binding site
236,0.0977801212428897,-0.1085569614280569,Binding site
237,-0.611556970043666,-7.993404119651798e-4,Binding site
238,4.087179159808159,-0.43501771421737584,Binding site
239,2.2464200461518153,-0.056786287745821395,Non-orthosteric site
240,6.315347834594588,-0.683578127761755,Non-orthosteric site
241,2.109455074634668,0.42831515209514465,Non-orthosteric site
242,2.682608428085196,-1.7450674094866396,Non-orthosteric site
243,-1.1473303262536874,-0.011145924304147903,Non-orthosteric site
244,-0.603139542432789,-0.054034746963805114,Non-orthosteric site
245,-0.7150286038568687,-0.05400842643854582,Non-orthosteric site
246,1.1708105689406274,-0.5353086026653692,Non-orthosteric site
247,1.6875509542447986,-0.5694635989798971,Non-orthosteric site
248,-2.785038380068137,-0.017075603161314762,Non-orthosteric site
249,0.8125616225697643,0.6389111014554543,Non-orthosteric site
250,0.41218885649498205,0.2807059968713853,Non-orthosteric site
251,-2.2811359976270253,-0.5275978477556873,Non-orthosteric site
252,-1.5729819166374615,1.3625311463667318,Non-orthosteric site
253,-1.8526963051007357,0.822199352481239,Non-orthosteric site
254,0.5145163753654645,-0.37143630078730316,Non-orthosteric site
255,0.28010635478713475,1.370307006010766,Non-orthosteric site
256,-1.7680816320661084,0.5157589840472543,Non-orthosteric site
257,-1.3576975027040588,1.205810883501956,Non-orthosteric site
258,-0.7676686643219899,-0.9883841415816564,Binding site
259,0.6515693475146564,-0.25915657252618157,Binding site
260,-3.9662514211288205,0.4562868212049928,Binding site
261,-0.9778189493887588,-0.15280657594120134,Binding site
262,-2.3652699804958814,0.4143227058768799,Binding site
263,-3.3457702973287233,0.01365244858855999,Binding site
264,-1.6763972875181423,1.214063397160203,Binding site
265,-0.31627930160862405,0.3053456524444882,Binding site
266,-2.4347776018367338,0.07367548929781295,Binding site
267,0.09081434907563768,1.8666260503664682,Binding site
268,-2.19795966993817,-0.5684653609026971,Binding site
269,-0.16756347707294594,0.07650732852967099,Non-orthosteric site
270,1.4804055974253663,-1.0249944864273195,Non-orthosteric site
271,0.10438214081500163,0.8706364741293169,Non-orthosteric site
272,-3.7098181072328336,0.2194226049991817,Non-orthosteric site
273,-1.0023613317534439,0.10654736336121064,Non-orthosteric site
274,-2.6879387524948113,-0.622205069009494,Non-orthosteric site
275,0.11223550200540089,0.9725099266633407,Non-orthosteric site
276,-1.0791957850449494,1.605336897731531,Non-orthosteric site
277,-0.4410346485391674,0.4135704189622289,Non-orthosteric site
278,0.15882517452274048,0.06639714559098396,Non-orthosteric site
279,-1.6540731097466121,-0.3537765404960438,Non-orthosteric site
280,2.862609455372838,-0.5399440648371456,Non-orthosteric site
281,1.8105856305538452,-0.30654451949576045,Non-orthosteric site
282,-0.3605694420976624,-0.17359901892999693,Non-orthosteric site
284,1.9487505721308436,-0.05894867441962895,Non-orthosteric site
285,2.1048522304207786,-0.3917614934564302,Non-orthosteric site
286,5.308676445593978,0.08751531125587207,Non-orthosteric site
287,4.1070209502126165,-0.3585113105384863,Non-orthosteric site
288,4.0661006465845215,-0.45870069908220273,Non-orthosteric site
289,5.65247164027145,-0.33279281777432496,Non-orthosteric site
291,3.8048997627276027,-0.2351022337060594,Non-orthosteric site
292,3.564075822383947,-0.4434030253397381,Non-orthosteric site
293,4.104223284320233,-0.10792616884200687,Non-orthosteric site
294,4.554236685615493,-0.12803257106595675,Non-orthosteric site
295,4.026010355079994,-0.18436213679833893,Non-orthosteric site
296,7.955428142097119,-0.0012526243506142815,Non-orthosteric site
297,6.731944156978281,0.9377253349338819,Non-orthosteric site
298,6.116247341273457,-0.3420813783334977,Non-orthosteric site
299,5.301564674816596,-0.27928231828648975,Non-orthosteric site
300,8.807745977867144,-0.7693955752256438,Non-orthosteric site
301,5.540753732793957,-0.14891092643699805,Non-orthosteric site
302,3.7343233522959824,-0.17000937682723874,Non-orthosteric site
303,4.444859647491412,-0.06801749346553061,Non-orthosteric site
304,10.13934373632581,-0.17735232682697077,Non-orthosteric site
305,4.236384627853063,-0.20568315599248185,Non-orthosteric site
306,7.993765606407113,-0.070761151167679,Non-orthosteric site
307,5.131550230578675,0.08043872273812855,Non-orthosteric site
308,4.841778912800037,-0.05314149315710992,Non-orthosteric site
309,8.11962241672986,0.2041164905735379,Non-orthosteric site
310,3.54738574982628,-6.131716118044223e-4,Non-orthosteric site
311,9.052388178836939,0.08914474536797137,Non-orthosteric site
312,3.436220864747728,-0.19154983168267092,Non-orthosteric site
313,1.27300476398322,0.04229897707462649,Non-orthosteric site
314,1.4559431757028758,-0.24991125002080455,Non-orthosteric site
315,4.893989001935909,0.03802258038524106,Non-orthosteric site
316,2.75203749183987,0.19875023788943677,Non-orthosteric site
318,0.6874964136728243,-0.31492090039014614,Non-orthosteric site
319,0.5547824094906257,0.2274169244586315,Non-orthosteric site
320,-0.3539159934760914,0.05347907200264035,Non-orthosteric site
321,-0.6212740615904977,-0.1501404599259489,Non-orthosteric site
322,-0.4020215212598064,-0.1377197562192013,Non-orthosteric site
323,-0.8071058575510843,-0.17161236551538447,Non-orthosteric site
325,-0.2927404250945038,0.4821096474981015,Non-orthosteric site
326,0.18197124382169783,0.049208478670814904,Non-orthosteric site
329,-0.46961190516906104,-0.29717562941598574,Binding site
330,-3.5631960698382708,-0.02690166207579643,Binding site
331,-0.29321768382813485,-0.8576121198660654,Binding site
332,-2.4009600714262627,0.36904371585866563,Binding site
333,-0.46921889807059003,2.3572991334708573,Binding site
334,0.24749184901338594,0.7517096708820868,Binding site
337,1.1753874535466782,-0.19448567593892768,Non-orthosteric site
338,0.6715361029477478,-0.44075791769197575,Non-orthosteric site
339,-0.45261294160919796,0.3837662274223305,Non-orthosteric site
340,-1.5648734713648462,-0.0160092387006385,Non-orthosteric site
341,0.025739906457081574,-0.6906044234587706,Non-orthosteric site
342,-3.6268151646563282,0.700323360367032,Non-orthosteric site
343,-1.3906103060709825,-0.1242497244136791,Non-orthosteric site
344,-1.484484532174469,0.253740614408533,Non-orthosteric site
345,-0.11114934528546527,0.5332204027610778,Non-orthosteric site
346,0.9460361531156689,0.9111249017710531,Non-orthosteric site
347,-2.518647204055677,1.1541066138427125,Non-orthosteric site
348,1.7514484010369014,-0.41319522269066733,Non-orthosteric site
349,-1.5975460008262896,-0.41423604627289345,Non-orthosteric site
351,0.8582772525632771,0.0055046931274866095,Non-orthosteric site
352,-1.151790315128613,-0.10548467988926015,Non-orthosteric site
354,1.661194167547591,-0.0677234431196166,Non-orthosteric site
355,2.687227071655853,-0.25541509339810325,Non-orthosteric site
356,4.121956843958804,-0.3341385586679245,Non-orthosteric site
357,4.081701488242937,-0.21824114376121506,Non-orthosteric site
358,3.7664704965761695,-0.26372628024113387,Non-orthosteric site
359,3.8273639202979375,-0.12907275665866627,Non-orthosteric site
360,2.1222110538311902,0.09627500588042631,Non-orthosteric site
361,2.3188787187435813,-0.11153497248476167,Non-orthosteric site
362,1.18332413572347,0.013704185655739817,Non-orthosteric site
363,1.710025742894088,-0.1327640231631179,Non-orthosteric site
364,0.6996987323231778,0.044915582182971314,Non-orthosteric site
365,1.6216936825250583,-0.08498370031093685,Non-orthosteric site
366,0.05694186058542616,-0.21466110194037286,Non-orthosteric site
367,-1.697896751444775,-0.055748639330539924,Non-orthosteric site
368,-1.4617446873135433,-0.32466184251165064,Non-orthosteric site
369,-1.1577508137541344,-0.05366132718191448,Non-orthosteric site
370,-1.6644343355708422,-0.06585013148681346,Non-orthosteric site
371,-1.7872265044301052,-0.3078879095968767,Non-orthosteric site
372,-2.9628017921647496,-0.15835182437345555,Non-orthosteric site
373,-3.2937476015303453,-0.4698242292663044,Non-orthosteric site
375,-1.974153414526361,-0.43307351655937654,Non-orthosteric site
376,-1.312921068504644,-0.1329175317705491,Non-orthosteric site
377,-4.23918899824417,-0.507823398728133,Non-orthosteric site
378,-1.217099208040345,-0.43799237416276493,Non-orthosteric site
379,-5.503275194784213,-0.6157763345433513,Non-orthosteric site
380,-3.695699926645286,-1.7352013546670273,Non-orthosteric site
383,-1.3315196114143175,-0.2889131017308644,Non-orthosteric site
384,-2.54090673928445,0.009580048159956722,Non-orthosteric site
385,-2.856255742141064,-0.05906153605632325,Non-orthosteric site
386,-2.229272167668258,0.3086050025821866,Non-orthosteric site
387,-0.4426918704618483,-0.2505869695148647,Non-orthosteric site
388,-1.993309560523425,-0.12959752331184624,Non-orthosteric site
389,-0.16540180194315646,-0.17581768399391073,Non-orthosteric site
390,-1.61627967319148,-0.47223446764527965,Non-orthosteric site
391,0.45231659690858095,-0.05897916311038219,Non-orthosteric site
392,-3.712170603190261,0.8537089556398034,Non-orthosteric site
393,-0.3679288302784709,0.5850958628210772,Non-orthosteric site
394,0.9327727446311034,0.01394295582863539,Non-orthosteric site
395,1.5273219229695236,0.5304895461448242,Non-orthosteric site
396,2.783986328418123,-0.15834708705976736,Non-orthosteric site
397,2.6198294994583704,0.3267863712588321,Non-orthosteric site
398,3.1971975258906973,0.11452161807951314,Non-orthosteric site
399,1.2967981055477944,-0.0724492271930441,Non-orthosteric site
400,-0.017928287644775054,1.0968215694481076,Non-orthosteric site
401,0.011699916326533888,2.565941097713424,Non-orthosteric site
402,1.4401433034917628,-0.07118937444325055,Non-orthosteric site
403,0.3795174590941439,1.8705483068372626,Non-orthosteric site
