min_dist_to_ligand,Exp_residual_norm,Residual_Type,Value,Abs_Value
14.025613890307973,0.2416666666666667,Comp_residual_norm,0.5349999999999999,0.5349999999999999
14.025613890307973,0.2416666666666667,Delta_Pathogenicity,-0.2300000000000001,0.2300000000000001
14.025613890307973,0.7033333333333334,Comp_residual_norm,0.45499999999999996,0.45499999999999996
14.025613890307973,0.7033333333333334,Delta_Pathogenicity,0.11999999999999988,0.11999999999999988
14.025613890307973,0.45333333333333337,Comp_residual_norm,0.5483333333333333,0.5483333333333333
14.025613890307973,0.45333333333333337,Delta_Pathogenicity,-0.07833333333333325,0.07833333333333325
14.025613890307973,0.28,Comp_residual_norm,0.36,0.36
14.025613890307973,0.28,Delta_Pathogenicity,-0.040000000000000036,0.040000000000000036
11.591896350468286,0.31000000000000005,Comp_residual_norm,0.5666666666666667,0.5666666666666667
11.591896350468286,0.31000000000000005,Delta_Pathogenicity,-0.11833333333333329,0.11833333333333329
2.5526670366500985,0.7666666666666666,Comp_residual_norm,0.74,0.74
2.5526670366500985,0.7666666666666666,Delta_Pathogenicity,0.02499999999999991,0.02499999999999991
2.5526670366500985,0.7583333333333333,Comp_residual_norm,0.8583333333333334,0.8583333333333334
2.5526670366500985,0.7583333333333333,Delta_Pathogenicity,-0.1233333333333333,0.1233333333333333
2.5526670366500985,0.9583333333333334,Comp_residual_norm,0.8516666666666667,0.8516666666666667
2.5526670366500985,0.9583333333333334,Delta_Pathogenicity,0.17500000000000004,0.17500000000000004
2.5526670366500985,0.6416666666666666,Comp_residual_norm,0.5983333333333334,0.5983333333333334
2.5526670366500985,0.6416666666666666,Delta_Pathogenicity,-0.0050000000000001155,0.0050000000000001155
3.0521569422295416,0.2716666666666666,Comp_residual_norm,0.3816666666666667,0.3816666666666667
3.0521569422295416,0.2716666666666666,Delta_Pathogenicity,-0.14,0.14
3.0521569422295416,0.33666666666666667,Comp_residual_norm,0.735,0.735
3.0521569422295416,0.33666666666666667,Delta_Pathogenicity,-0.31333333333333335,0.31333333333333335
5.8570334641352355,0.41333333333333333,Comp_residual_norm,0.7283333333333333,0.7283333333333333
5.8570334641352355,0.41333333333333333,Delta_Pathogenicity,-0.23166666666666658,0.23166666666666658
5.8570334641352355,0.3916666666666667,Comp_residual_norm,0.5233333333333333,0.5233333333333333
5.8570334641352355,0.3916666666666667,Delta_Pathogenicity,-0.09999999999999998,0.09999999999999998
5.8570334641352355,0.6316666666666666,Comp_residual_norm,0.7050000000000001,0.7050000000000001
5.8570334641352355,0.6316666666666666,Delta_Pathogenicity,-0.06333333333333346,0.06333333333333346
6.597379631338491,0.45833333333333337,Comp_residual_norm,0.14,0.14
6.597379631338491,0.45833333333333337,Delta_Pathogenicity,0.2583333333333333,0.2583333333333333
3.511304031268155,0.22999999999999998,Comp_residual_norm,0.585,0.585
3.511304031268155,0.22999999999999998,Delta_Pathogenicity,-0.2466666666666667,0.2466666666666667
3.511304031268155,0.33166666666666667,Comp_residual_norm,0.51,0.51
3.511304031268155,0.33166666666666667,Delta_Pathogenicity,-0.16833333333333333,0.16833333333333333
9.313566610058682,0.23333333333333328,Comp_residual_norm,0.026666666666666616,0.026666666666666616
9.313566610058682,0.23333333333333328,Delta_Pathogenicity,0.10999999999999999,0.10999999999999999
9.313566610058682,0.35,Comp_residual_norm,0.18000000000000005,0.18000000000000005
9.313566610058682,0.35,Delta_Pathogenicity,0.03833333333333333,0.03833333333333333
10.808742803860211,0.44999999999999996,Comp_residual_norm,0.5,0.5
10.808742803860211,0.44999999999999996,Delta_Pathogenicity,-0.03499999999999992,0.03499999999999992
16.063564423875544,0.345,Comp_residual_norm,0.31499999999999995,0.31499999999999995
16.063564423875544,0.345,Delta_Pathogenicity,0.0050000000000000044,0.0050000000000000044
16.063564423875544,0.53,Comp_residual_norm,0.06833333333333336,0.06833333333333336
16.063564423875544,0.53,Delta_Pathogenicity,0.3933333333333333,0.3933333333333333
15.898934964330158,0.1216666666666667,Comp_residual_norm,0.29333333333333333,0.29333333333333333
15.898934964330158,0.1216666666666667,Delta_Pathogenicity,-0.18166666666666664,0.18166666666666664
15.080307258142984,0.21499999999999997,Comp_residual_norm,0.025000000000000022,0.025000000000000022
15.080307258142984,0.21499999999999997,Delta_Pathogenicity,0.008333333333333304,0.008333333333333304
15.080307258142984,0.2616666666666667,Comp_residual_norm,0.5033333333333334,0.5033333333333334
15.080307258142984,0.2616666666666667,Delta_Pathogenicity,-0.1200000000000001,0.1200000000000001
19.235938292685386,0.3416666666666667,Comp_residual_norm,0.42666666666666664,0.42666666666666664
19.235938292685386,0.3416666666666667,Delta_Pathogenicity,-0.07499999999999996,0.07499999999999996
19.235938292685386,0.5983333333333334,Comp_residual_norm,0.07333333333333336,0.07333333333333336
19.235938292685386,0.5983333333333334,Delta_Pathogenicity,0.29499999999999993,0.29499999999999993
20.599113912981792,0.475,Comp_residual_norm,0.6133333333333333,0.6133333333333333
20.599113912981792,0.475,Delta_Pathogenicity,-0.10999999999999999,0.10999999999999999
20.599113912981792,0.5,Comp_residual_norm,0.64,0.64
20.599113912981792,0.5,Delta_Pathogenicity,-0.15666666666666673,0.15666666666666673
20.599113912981792,0.07666666666666666,Comp_residual_norm,0.30833333333333335,0.30833333333333335
20.599113912981792,0.07666666666666666,Delta_Pathogenicity,-0.06666666666666665,0.06666666666666665
10.27797621129763,0.09999999999999998,Comp_residual_norm,0.18999999999999995,0.18999999999999995
10.27797621129763,0.09999999999999998,Delta_Pathogenicity,-0.06333333333333324,0.06333333333333324
10.27797621129763,0.62,Comp_residual_norm,0.3483333333333334,0.3483333333333334
10.27797621129763,0.62,Delta_Pathogenicity,0.20666666666666667,0.20666666666666667
10.27797621129763,0.30333333333333334,Comp_residual_norm,0.01666666666666672,0.01666666666666672
10.27797621129763,0.30333333333333334,Delta_Pathogenicity,0.18000000000000005,0.18000000000000005
6.763117106778501,0.1166666666666667,Comp_residual_norm,0.18166666666666664,0.18166666666666664
6.763117106778501,0.1166666666666667,Delta_Pathogenicity,-0.018333333333333313,0.018333333333333313
6.763117106778501,0.011666666666666714,Comp_residual_norm,0.5416666666666667,0.5416666666666667
6.763117106778501,0.011666666666666714,Delta_Pathogenicity,-0.3716666666666667,0.3716666666666667
6.763117106778501,0.5216666666666667,Comp_residual_norm,0.6799999999999999,0.6799999999999999
6.763117106778501,0.5216666666666667,Delta_Pathogenicity,-0.09833333333333338,0.09833333333333338
12.665774117676344,0.4,Comp_residual_norm,0.20166666666666666,0.20166666666666666
12.665774117676344,0.4,Delta_Pathogenicity,0.21499999999999997,0.21499999999999997
12.665774117676344,0.4983333333333333,Comp_residual_norm,0.755,0.755
12.665774117676344,0.4983333333333333,Delta_Pathogenicity,-0.21833333333333338,0.21833333333333338
12.665774117676344,0.8516666666666667,Comp_residual_norm,0.745,0.745
12.665774117676344,0.8516666666666667,Delta_Pathogenicity,0.1266666666666667,0.1266666666666667
17.1445859092601,0.6116666666666667,Comp_residual_norm,0.32166666666666666,0.32166666666666666
17.1445859092601,0.6116666666666667,Delta_Pathogenicity,0.2566666666666666,0.2566666666666666
17.1445859092601,0.885,Comp_residual_norm,0.5316666666666667,0.5316666666666667
17.1445859092601,0.885,Delta_Pathogenicity,0.30666666666666664,0.30666666666666664
17.1445859092601,0.8466666666666667,Comp_residual_norm,0.1283333333333333,0.1283333333333333
17.1445859092601,0.8466666666666667,Delta_Pathogenicity,0.59,0.59
17.1445859092601,0.3583333333333333,Comp_residual_norm,0.29166666666666663,0.29166666666666663
17.1445859092601,0.3583333333333333,Delta_Pathogenicity,0.06500000000000006,0.06500000000000006
16.669868655751312,0.635,Comp_residual_norm,0.41000000000000003,0.41000000000000003
16.669868655751312,0.635,Delta_Pathogenicity,0.14,0.14
16.669868655751312,0.7,Comp_residual_norm,0.5166666666666666,0.5166666666666666
16.669868655751312,0.7,Delta_Pathogenicity,0.09999999999999998,0.09999999999999998
16.669868655751312,0.8983333333333333,Comp_residual_norm,0.11833333333333329,0.11833333333333329
16.669868655751312,0.8983333333333333,Delta_Pathogenicity,0.6566666666666666,0.6566666666666666
11.54291198095177,0.8883333333333333,Comp_residual_norm,0.3466666666666667,0.3466666666666667
11.54291198095177,0.8883333333333333,Delta_Pathogenicity,0.44666666666666666,0.44666666666666666
11.54291198095177,0.6633333333333333,Comp_residual_norm,0.565,0.565
11.54291198095177,0.6633333333333333,Delta_Pathogenicity,-0.009999999999999898,0.009999999999999898
11.54291198095177,0.06666666666666665,Comp_residual_norm,0.22166666666666668,0.22166666666666668
11.54291198095177,0.06666666666666665,Delta_Pathogenicity,-0.05833333333333335,0.05833333333333335
11.54291198095177,0.23833333333333329,Comp_residual_norm,0.4933333333333333,0.4933333333333333
11.54291198095177,0.23833333333333329,Delta_Pathogenicity,-0.11999999999999988,0.11999999999999988
11.54291198095177,0.5133333333333333,Comp_residual_norm,0.8816666666666667,0.8816666666666667
11.54291198095177,0.5133333333333333,Delta_Pathogenicity,-0.34166666666666656,0.34166666666666656
16.21259562809114,0.52,Comp_residual_norm,0.7483333333333333,0.7483333333333333
16.21259562809114,0.52,Delta_Pathogenicity,-0.12,0.12
16.21259562809114,0.615,Comp_residual_norm,0.775,0.775
16.21259562809114,0.615,Delta_Pathogenicity,-0.1266666666666667,0.1266666666666667
16.21259562809114,0.8833333333333333,Comp_residual_norm,0.4866666666666667,0.4866666666666667
16.21259562809114,0.8833333333333333,Delta_Pathogenicity,0.32833333333333337,0.32833333333333337
16.21259562809114,0.7766666666666666,Comp_residual_norm,0.75,0.75
16.21259562809114,0.7766666666666666,Delta_Pathogenicity,0.016666666666666607,0.016666666666666607
16.21259562809114,0.1283333333333333,Comp_residual_norm,0.8966666666666667,0.8966666666666667
16.21259562809114,0.1283333333333333,Delta_Pathogenicity,-0.3716666666666667,0.3716666666666667
13.269182378730049,0.8049999999999999,Comp_residual_norm,0.885,0.885
13.269182378730049,0.8049999999999999,Delta_Pathogenicity,-0.07333333333333336,0.07333333333333336
13.269182378730049,0.74,Comp_residual_norm,1,1
13.269182378730049,0.74,Delta_Pathogenicity,-0.24,0.24
13.269182378730049,0.9333333333333333,Comp_residual_norm,0.905,0.905
13.269182378730049,0.9333333333333333,Delta_Pathogenicity,0.04166666666666674,0.04166666666666674
13.269182378730049,0.795,Comp_residual_norm,0.87,0.87
13.269182378730049,0.795,Delta_Pathogenicity,-0.06500000000000006,0.06500000000000006
13.269182378730049,0.5066666666666666,Comp_residual_norm,0.8333333333333334,0.8333333333333334
13.269182378730049,0.5066666666666666,Delta_Pathogenicity,-0.27,0.27
13.269182378730049,0.6950000000000001,Comp_residual_norm,0.9416666666666667,0.9416666666666667
13.269182378730049,0.6950000000000001,Delta_Pathogenicity,-0.31666666666666665,0.31666666666666665
13.269182378730049,0.7466666666666666,Comp_residual_norm,0.8666666666666667,0.8666666666666667
13.269182378730049,0.7466666666666666,Delta_Pathogenicity,-0.18333333333333335,0.18333333333333335
7.3139312274590065,0.19999999999999996,Comp_residual_norm,0.9566666666666667,0.9566666666666667
7.3139312274590065,0.19999999999999996,Delta_Pathogenicity,-0.30666666666666664,0.30666666666666664
7.3139312274590065,0.84,Comp_residual_norm,0.45999999999999996,0.45999999999999996
7.3139312274590065,0.84,Delta_Pathogenicity,0.2833333333333333,0.2833333333333333
7.3139312274590065,0.5733333333333333,Comp_residual_norm,0.8200000000000001,0.8200000000000001
7.3139312274590065,0.5733333333333333,Delta_Pathogenicity,-0.08833333333333326,0.08833333333333326
7.3139312274590065,0.18166666666666664,Comp_residual_norm,0.24,0.24
7.3139312274590065,0.18166666666666664,Delta_Pathogenicity,-0.03499999999999992,0.03499999999999992
9.557408958499158,0.32333333333333336,Comp_residual_norm,0.605,0.605
9.557408958499158,0.32333333333333336,Delta_Pathogenicity,-0.08499999999999996,0.08499999999999996
9.557408958499158,0.7216666666666667,Comp_residual_norm,0.4816666666666667,0.4816666666666667
9.557408958499158,0.7216666666666667,Delta_Pathogenicity,0.14666666666666672,0.14666666666666672
3.692368751898972,0.5266666666666666,Comp_residual_norm,0.7833333333333333,0.7833333333333333
3.692368751898972,0.5266666666666666,Delta_Pathogenicity,-0.2466666666666667,0.2466666666666667
3.692368751898972,0.5533333333333333,Comp_residual_norm,0.3866666666666667,0.3866666666666667
3.692368751898972,0.5533333333333333,Delta_Pathogenicity,-0.0016666666666667052,0.0016666666666667052
5.213757666021695,0.655,Comp_residual_norm,0.56,0.56
5.213757666021695,0.655,Delta_Pathogenicity,-0.01333333333333342,0.01333333333333342
5.213757666021695,0.6583333333333333,Comp_residual_norm,0.20999999999999996,0.20999999999999996
5.213757666021695,0.6583333333333333,Delta_Pathogenicity,0.2533333333333334,0.2533333333333334
4.355165209265889,0.8583333333333334,Comp_residual_norm,0.021666666666666612,0.021666666666666612
4.355165209265889,0.8583333333333334,Delta_Pathogenicity,0.5516666666666667,0.5516666666666667
9.4404830914524691,0.11833333333333329,Comp_residual_norm,0.018333333333333313,0.018333333333333313
9.4404830914524691,0.11833333333333329,Delta_Pathogenicity,0.03833333333333333,0.03833333333333333
9.4404830914524691,0.78,Comp_residual_norm,0.21833333333333338,0.21833333333333338
9.4404830914524691,0.78,Delta_Pathogenicity,0.5233333333333333,0.5233333333333333
5.007736914016151,0.5766666666666667,Comp_residual_norm,0.040000000000000036,0.040000000000000036
5.007736914016151,0.5766666666666667,Delta_Pathogenicity,0.2433333333333333,0.2433333333333333
5.007736914016151,0.06333333333333335,Comp_residual_norm,0.07833333333333337,0.07833333333333337
5.007736914016151,0.06333333333333335,Delta_Pathogenicity,-0.1166666666666667,0.1166666666666667
5.007736914016151,0.6816666666666666,Comp_residual_norm,0.18666666666666665,0.18666666666666665
5.007736914016151,0.6816666666666666,Delta_Pathogenicity,0.22666666666666668,0.22666666666666668
5.522388794715562,0.7833333333333333,Comp_residual_norm,0.5566666666666666,0.5566666666666666
5.522388794715562,0.7833333333333333,Delta_Pathogenicity,0.19499999999999995,0.19499999999999995
5.522388794715562,0.8416666666666667,Comp_residual_norm,0.6333333333333333,0.6333333333333333
5.522388794715562,0.8416666666666667,Delta_Pathogenicity,0.17499999999999993,0.17499999999999993
5.522388794715562,0.8533333333333333,Comp_residual_norm,0.8433333333333333,0.8433333333333333
5.522388794715562,0.8533333333333333,Delta_Pathogenicity,0.018333333333333313,0.018333333333333313
5.522388794715562,0.94,Comp_residual_norm,0.7466666666666666,0.7466666666666666
5.522388794715562,0.94,Delta_Pathogenicity,0.2566666666666666,0.2566666666666666
5.522388794715562,0.10999999999999999,Comp_residual_norm,0.6783333333333333,0.6783333333333333
5.522388794715562,0.10999999999999999,Delta_Pathogenicity,-0.43000000000000005,0.43000000000000005
4.433422831176833,0.7233333333333334,Comp_residual_norm,0.8266666666666667,0.8266666666666667
4.433422831176833,0.7233333333333334,Delta_Pathogenicity,-0.1416666666666666,0.1416666666666666
4.433422831176833,0.7616666666666667,Comp_residual_norm,0.685,0.685
4.433422831176833,0.7616666666666667,Delta_Pathogenicity,0.1283333333333334,0.1283333333333334
4.433422831176833,0.755,Comp_residual_norm,0.8616666666666667,0.8616666666666667
4.433422831176833,0.755,Delta_Pathogenicity,-0.15000000000000002,0.15000000000000002
3.911639809593924,0.8866666666666667,Comp_residual_norm,0.9066666666666666,0.9066666666666666
3.911639809593924,0.8866666666666667,Delta_Pathogenicity,-0.05499999999999994,0.05499999999999994
3.911639809593924,0.8616666666666667,Comp_residual_norm,0.7983333333333333,0.7983333333333333
3.911639809593924,0.8616666666666667,Delta_Pathogenicity,0.07333333333333325,0.07333333333333325
3.911639809593924,0.7716666666666667,Comp_residual_norm,0.945,0.945
3.911639809593924,0.7716666666666667,Delta_Pathogenicity,-0.2650000000000001,0.2650000000000001
3.911639809593924,0.95,Comp_residual_norm,0.865,0.865
3.911639809593924,0.95,Delta_Pathogenicity,0.10666666666666658,0.10666666666666658
3.911639809593924,0.7983333333333333,Comp_residual_norm,0.9216666666666666,0.9216666666666666
3.911639809593924,0.7983333333333333,Delta_Pathogenicity,-0.08333333333333337,0.08333333333333337
4.640148920024012,0.6733333333333333,Comp_residual_norm,0.965,0.965
4.640148920024012,0.6733333333333333,Delta_Pathogenicity,-0.4033333333333333,0.4033333333333333
2.917345711430168,0.7683333333333333,Comp_residual_norm,0.8383333333333334,0.8383333333333334
2.917345711430168,0.7683333333333333,Delta_Pathogenicity,-0.08666666666666667,0.08666666666666667
2.917345711430168,0.8383333333333334,Comp_residual_norm,0.5516666666666667,0.5516666666666667
2.917345711430168,0.8383333333333334,Delta_Pathogenicity,0.2566666666666666,0.2566666666666666
2.917345711430168,0.9,Comp_residual_norm,0.9283333333333333,0.9283333333333333
2.917345711430168,0.9,Delta_Pathogenicity,-0.043333333333333224,0.043333333333333224
2.917345711430168,0.9416666666666667,Comp_residual_norm,0.7933333333333333,0.7933333333333333
2.917345711430168,0.9416666666666667,Delta_Pathogenicity,0.2633333333333333,0.2633333333333333
2.917345711430168,0.895,Comp_residual_norm,0.8733333333333333,0.8733333333333333
2.917345711430168,0.895,Delta_Pathogenicity,0.021666666666666612,0.021666666666666612
2.917345711430168,0.89,Comp_residual_norm,0.6666666666666667,0.6666666666666667
2.917345711430168,0.89,Delta_Pathogenicity,0.21166666666666667,0.21166666666666667
7.456672850541316,0.7416666666666667,Comp_residual_norm,0.44333333333333336,0.44333333333333336
7.456672850541316,0.7416666666666667,Delta_Pathogenicity,0.17000000000000004,0.17000000000000004
7.456672850541316,0.41500000000000004,Comp_residual_norm,0.5916666666666667,0.5916666666666667
7.456672850541316,0.41500000000000004,Delta_Pathogenicity,-0.04500000000000004,0.04500000000000004
7.456672850541316,0.06833333333333336,Comp_residual_norm,0.08833333333333337,0.08833333333333337
7.456672850541316,0.06833333333333336,Delta_Pathogenicity,-0.030000000000000027,0.030000000000000027
7.456672850541316,0.5516666666666667,Comp_residual_norm,0.1433333333333333,0.1433333333333333
7.456672850541316,0.5516666666666667,Delta_Pathogenicity,0.12,0.12
7.456672850541316,0.43833333333333335,Comp_residual_norm,0.15666666666666662,0.15666666666666662
7.456672850541316,0.43833333333333335,Delta_Pathogenicity,0.1266666666666666,0.1266666666666666
7.456672850541316,0.355,Comp_residual_norm,0.06666666666666665,0.06666666666666665
7.456672850541316,0.355,Delta_Pathogenicity,0.11333333333333329,0.11333333333333329
4.0045034648505435,0.9183333333333333,Comp_residual_norm,0.030000000000000027,0.030000000000000027
4.0045034648505435,0.9183333333333333,Delta_Pathogenicity,0.6416666666666667,0.6416666666666667
4.0045034648505435,0.925,Comp_residual_norm,0.6766666666666667,0.6766666666666667
4.0045034648505435,0.925,Delta_Pathogenicity,0.32666666666666666,0.32666666666666666
4.0045034648505435,0.7083333333333333,Comp_residual_norm,0.6083333333333334,0.6083333333333334
4.0045034648505435,0.7083333333333333,Delta_Pathogenicity,0.1283333333333334,0.1283333333333334
4.0045034648505435,0.7266666666666667,Comp_residual_norm,0,0
4.0045034648505435,0.7266666666666667,Delta_Pathogenicity,0.5066666666666666,0.5066666666666666
4.0045034648505435,0.8116666666666666,Comp_residual_norm,0.5700000000000001,0.5700000000000001
4.0045034648505435,0.8116666666666666,Delta_Pathogenicity,0.1416666666666666,0.1416666666666666
10.714014840385463,0.8283333333333334,Comp_residual_norm,0.88,0.88
10.714014840385463,0.8283333333333334,Delta_Pathogenicity,-0.021666666666666723,0.021666666666666723
10.714014840385463,0.6083333333333334,Comp_residual_norm,0.785,0.785
10.714014840385463,0.6083333333333334,Delta_Pathogenicity,-0.04166666666666674,0.04166666666666674
10.714014840385463,0.6166666666666667,Comp_residual_norm,0.78,0.78
10.714014840385463,0.6166666666666667,Delta_Pathogenicity,-0.033333333333333326,0.033333333333333326
11.867275719389013,0.1316666666666667,Comp_residual_norm,0.63,0.63
11.867275719389013,0.1316666666666667,Delta_Pathogenicity,-0.42166666666666675,0.42166666666666675
11.867275719389013,0.6916666666666667,Comp_residual_norm,0.8166666666666667,0.8166666666666667
11.867275719389013,0.6916666666666667,Delta_Pathogenicity,-0.01666666666666672,0.01666666666666672
11.867275719389013,0.9216666666666666,Comp_residual_norm,0.765,0.765
11.867275719389013,0.9216666666666666,Delta_Pathogenicity,0.19833333333333325,0.19833333333333325
12.952688755621358,0.5966666666666667,Comp_residual_norm,0.895,0.895
12.952688755621358,0.5966666666666667,Delta_Pathogenicity,-0.19999999999999996,0.19999999999999996
12.952688755621358,0.1233333333333333,Comp_residual_norm,0.33333333333333337,0.33333333333333337
12.952688755621358,0.1233333333333333,Delta_Pathogenicity,-0.14166666666666672,0.14166666666666672
12.952688755621358,0.54,Comp_residual_norm,0.28,0.28
12.952688755621358,0.54,Delta_Pathogenicity,0.06999999999999995,0.06999999999999995
12.952688755621358,0.8,Comp_residual_norm,0.5900000000000001,0.5900000000000001
12.952688755621358,0.8,Delta_Pathogenicity,0.20333333333333337,0.20333333333333337
12.952688755621358,0.03833333333333333,Comp_residual_norm,0.3966666666666666,0.3966666666666666
12.952688755621358,0.03833333333333333,Delta_Pathogenicity,-0.29999999999999993,0.29999999999999993
12.952688755621358,0.7066666666666667,Comp_residual_norm,0.8866666666666667,0.8866666666666667
12.952688755621358,0.7066666666666667,Delta_Pathogenicity,-0.09833333333333327,0.09833333333333327
15.533852419795931,0.7050000000000001,Comp_residual_norm,0.10166666666666668,0.10166666666666668
15.533852419795931,0.7050000000000001,Delta_Pathogenicity,0.3516666666666667,0.3516666666666667
12.687234292784222,0.4916666666666667,Comp_residual_norm,0.5333333333333333,0.5333333333333333
12.687234292784222,0.4916666666666667,Delta_Pathogenicity,-0.04833333333333334,0.04833333333333334
15.344564281855643,0.8716666666666667,Comp_residual_norm,0.9299999999999999,0.9299999999999999
15.344564281855643,0.8716666666666667,Delta_Pathogenicity,-0.09333333333333338,0.09333333333333338
15.344564281855643,0.2466666666666667,Comp_residual_norm,0.79,0.79
15.344564281855643,0.2466666666666667,Delta_Pathogenicity,-0.43000000000000005,0.43000000000000005
15.344564281855643,0.19333333333333336,Comp_residual_norm,0.8466666666666667,0.8466666666666667
15.344564281855643,0.19333333333333336,Delta_Pathogenicity,-0.5516666666666666,0.5516666666666666
15.344564281855643,0.25,Comp_residual_norm,0.875,0.875
15.344564281855643,0.25,Delta_Pathogenicity,-0.5516666666666666,0.5516666666666666
10.66097279801426,0.6,Comp_residual_norm,0.855,0.855
10.66097279801426,0.6,Delta_Pathogenicity,-0.20666666666666678,0.20666666666666678
10.66097279801426,0.7116666666666667,Comp_residual_norm,0.575,0.575
10.66097279801426,0.7116666666666667,Delta_Pathogenicity,0.06500000000000006,0.06500000000000006
10.66097279801426,0.745,Comp_residual_norm,0.9766666666666667,0.9766666666666667
10.66097279801426,0.745,Delta_Pathogenicity,-0.15000000000000002,0.15000000000000002
13.189606893308078,0.61,Comp_residual_norm,0.69,0.69
13.189606893308078,0.61,Delta_Pathogenicity,-0.07333333333333347,0.07333333333333347
13.189606893308078,0.2666666666666667,Comp_residual_norm,0.71,0.71
13.189606893308078,0.2666666666666667,Delta_Pathogenicity,-0.15833333333333333,0.15833333333333333
13.189606893308078,0.3566666666666667,Comp_residual_norm,0.5633333333333334,0.5633333333333334
13.189606893308078,0.3566666666666667,Delta_Pathogenicity,-0.15833333333333333,0.15833333333333333
8.430582660765504,0.8016666666666666,Comp_residual_norm,0.825,0.825
8.430582660765504,0.8016666666666666,Delta_Pathogenicity,-0.06999999999999995,0.06999999999999995
8.430582660765504,0.55,Comp_residual_norm,0.7033333333333334,0.7033333333333334
8.430582660765504,0.55,Delta_Pathogenicity,-0.16166666666666674,0.16166666666666674
8.430582660765504,0.8133333333333334,Comp_residual_norm,0.9433333333333334,0.9433333333333334
8.430582660765504,0.8133333333333334,Delta_Pathogenicity,-0.15666666666666662,0.15666666666666662
8.430582660765504,0.5616666666666666,Comp_residual_norm,0.10499999999999998,0.10499999999999998
8.430582660765504,0.5616666666666666,Delta_Pathogenicity,0.15166666666666662,0.15166666666666662
7.294666681898495,0.2483333333333333,Comp_residual_norm,0.6,0.6
7.294666681898495,0.2483333333333333,Delta_Pathogenicity,-0.2866666666666666,0.2866666666666666
13.966042710803944,0.585,Comp_residual_norm,0.84,0.84
13.966042710803944,0.585,Delta_Pathogenicity,-0.2566666666666667,0.2566666666666667
13.966042710803944,0.5900000000000001,Comp_residual_norm,0.8366666666666667,0.8366666666666667
13.966042710803944,0.5900000000000001,Delta_Pathogenicity,-0.2666666666666666,0.2666666666666666
13.103750989697568,0.5449999999999999,Comp_residual_norm,0.9516666666666667,0.9516666666666667
13.103750989697568,0.5449999999999999,Delta_Pathogenicity,-0.255,0.255
13.103750989697568,0.42833333333333334,Comp_residual_norm,0.89,0.89
13.103750989697568,0.42833333333333334,Delta_Pathogenicity,-0.375,0.375
13.103750989697568,0.41666666666666663,Comp_residual_norm,0.1216666666666667,0.1216666666666667
13.103750989697568,0.41666666666666663,Delta_Pathogenicity,0.16333333333333333,0.16333333333333333
13.103750989697568,0.3716666666666667,Comp_residual_norm,0.595,0.595
13.103750989697568,0.3716666666666667,Delta_Pathogenicity,-0.21500000000000008,0.21500000000000008
15.552723298509491,0.525,Comp_residual_norm,0.43333333333333335,0.43333333333333335
15.552723298509491,0.525,Delta_Pathogenicity,0.06833333333333336,0.06833333333333336
17.886109498714358,0.03500000000000003,Comp_residual_norm,0.8133333333333334,0.8133333333333334
17.886109498714358,0.03500000000000003,Delta_Pathogenicity,-0.3883333333333334,0.3883333333333334
17.886109498714358,0.22666666666666668,Comp_residual_norm,0.7683333333333333,0.7683333333333333
17.886109498714358,0.22666666666666668,Delta_Pathogenicity,-0.4183333333333332,0.4183333333333332
17.886109498714358,0.22499999999999998,Comp_residual_norm,0.81,0.81
17.886109498714358,0.22499999999999998,Delta_Pathogenicity,-0.33333333333333337,0.33333333333333337
17.886109498714358,0.485,Comp_residual_norm,0.97,0.97
17.886109498714358,0.485,Delta_Pathogenicity,-0.3566666666666667,0.3566666666666667
16.414337330516883,0.08333333333333337,Comp_residual_norm,0.6183333333333334,0.6183333333333334
16.414337330516883,0.08333333333333337,Delta_Pathogenicity,-0.41000000000000003,0.41000000000000003
16.414337330516883,0.06000000000000005,Comp_residual_norm,0.30500000000000005,0.30500000000000005
16.414337330516883,0.06000000000000005,Delta_Pathogenicity,-0.22999999999999998,0.22999999999999998
20.043128248853773,0.32666666666666666,Comp_residual_norm,0.2583333333333333,0.2583333333333333
20.043128248853773,0.32666666666666666,Delta_Pathogenicity,0.08499999999999996,0.08499999999999996
20.043128248853773,0.3483333333333334,Comp_residual_norm,0.385,0.385
20.043128248853773,0.3483333333333334,Delta_Pathogenicity,-0.05166666666666675,0.05166666666666675
20.043128248853773,0.013333333333333308,Comp_residual_norm,0.255,0.255
20.043128248853773,0.013333333333333308,Delta_Pathogenicity,-0.20666666666666667,0.20666666666666667
20.043128248853773,0.17500000000000004,Comp_residual_norm,0.6950000000000001,0.6950000000000001
20.043128248853773,0.17500000000000004,Delta_Pathogenicity,-0.40666666666666673,0.40666666666666673
20.23356730781797,0.04833333333333334,Comp_residual_norm,0.4033333333333333,0.4033333333333333
20.23356730781797,0.04833333333333334,Delta_Pathogenicity,-0.2616666666666667,0.2616666666666667
20.23356730781797,0.14500000000000002,Comp_residual_norm,0.835,0.835
20.23356730781797,0.14500000000000002,Delta_Pathogenicity,-0.5650000000000001,0.5650000000000001
18.646216586750246,0.4016666666666666,Comp_residual_norm,0.665,0.665
18.646216586750246,0.4016666666666666,Delta_Pathogenicity,-0.18499999999999994,0.18499999999999994
18.646216586750246,0.29000000000000004,Comp_residual_norm,0.44833333333333336,0.44833333333333336
18.646216586750246,0.29000000000000004,Delta_Pathogenicity,-0.16833333333333333,0.16833333333333333
21.345962545643143,0.17166666666666663,Comp_residual_norm,0.6316666666666666,0.6316666666666666
21.345962545643143,0.17166666666666663,Delta_Pathogenicity,-0.375,0.375
21.345962545643143,0.01666666666666672,Comp_residual_norm,0.4,0.4
21.345962545643143,0.01666666666666672,Delta_Pathogenicity,-0.33666666666666656,0.33666666666666656
17.97159856551442,0.10166666666666668,Comp_residual_norm,0.6016666666666667,0.6016666666666667
17.97159856551442,0.10166666666666668,Delta_Pathogenicity,-0.3816666666666667,0.3816666666666667
17.97159856551442,0.5666666666666667,Comp_residual_norm,0.65,0.65
17.97159856551442,0.5666666666666667,Delta_Pathogenicity,-0.07666666666666666,0.07666666666666666
17.97159856551442,0.9833333333333333,Comp_residual_norm,0.7516666666666667,0.7516666666666667
17.97159856551442,0.9833333333333333,Delta_Pathogenicity,0.35,0.35
20.11454401670592,0.4733333333333334,Comp_residual_norm,0.053333333333333344,0.053333333333333344
20.11454401670592,0.4733333333333334,Delta_Pathogenicity,0.31500000000000006,0.31500000000000006
18.28237320481124,0.42166666666666663,Comp_residual_norm,0.30666666666666664,0.30666666666666664
18.28237320481124,0.42166666666666663,Delta_Pathogenicity,0.010000000000000009,0.010000000000000009
13.756124054398462,0.9966666666666667,Comp_residual_norm,0.7533333333333333,0.7533333333333333
13.756124054398462,0.9966666666666667,Delta_Pathogenicity,0.32499999999999996,0.32499999999999996
13.756124054398462,0.6866666666666666,Comp_residual_norm,0.53,0.53
13.756124054398462,0.6866666666666666,Delta_Pathogenicity,0.07999999999999996,0.07999999999999996
13.756124054398462,0.7533333333333333,Comp_residual_norm,0.72,0.72
13.756124054398462,0.7533333333333333,Delta_Pathogenicity,0.09500000000000008,0.09500000000000008
13.756124054398462,0.7733333333333333,Comp_residual_norm,0.6816666666666666,0.6816666666666666
13.756124054398462,0.7733333333333333,Delta_Pathogenicity,0.1366666666666666,0.1366666666666666
13.756124054398462,0.6533333333333333,Comp_residual_norm,0.8116666666666666,0.8116666666666666
13.756124054398462,0.6533333333333333,Delta_Pathogenicity,-0.07166666666666677,0.07166666666666677
15.06505194149692,0.00666666666666671,Comp_residual_norm,0.2733333333333333,0.2733333333333333
15.06505194149692,0.00666666666666671,Delta_Pathogenicity,-0.2483333333333334,0.2483333333333334
15.06505194149692,0.645,Comp_residual_norm,0.43500000000000005,0.43500000000000005
15.06505194149692,0.645,Delta_Pathogenicity,0.10000000000000009,0.10000000000000009
15.06505194149692,0.19499999999999995,Comp_residual_norm,0.3383333333333334,0.3383333333333334
15.06505194149692,0.19499999999999995,Delta_Pathogenicity,-0.1266666666666667,0.1266666666666667
15.06505194149692,0.6483333333333333,Comp_residual_norm,0.3666666666666667,0.3666666666666667
15.06505194149692,0.6483333333333333,Delta_Pathogenicity,0.11666666666666659,0.11666666666666659
9.248336066558135,0.08499999999999996,Comp_residual_norm,0.2533333333333333,0.2533333333333333
9.248336066558135,0.08499999999999996,Delta_Pathogenicity,-0.05166666666666653,0.05166666666666653
9.248336066558135,0.42666666666666664,Comp_residual_norm,0.42333333333333334,0.42333333333333334
9.248336066558135,0.42666666666666664,Delta_Pathogenicity,-0.008333333333333304,0.008333333333333304
18.85611102534136,0.28500000000000003,Comp_residual_norm,0.18833333333333335,0.18833333333333335
18.85611102534136,0.28500000000000003,Delta_Pathogenicity,0.07999999999999996,0.07999999999999996
18.85611102534136,0.6683333333333333,Comp_residual_norm,0.3566666666666667,0.3566666666666667
18.85611102534136,0.6683333333333333,Delta_Pathogenicity,0.1200000000000001,0.1200000000000001
21.840655690706726,0.385,Comp_residual_norm,0.31999999999999995,0.31999999999999995
21.840655690706726,0.385,Delta_Pathogenicity,0.05666666666666664,0.05666666666666664
21.840655690706726,0.05166666666666664,Comp_residual_norm,0.2783333333333333,0.2783333333333333
21.840655690706726,0.05166666666666664,Delta_Pathogenicity,-0.1466666666666666,0.1466666666666666
24.677153745924592,0.018333333333333313,Comp_residual_norm,0.18333333333333335,0.18333333333333335
24.677153745924592,0.018333333333333313,Delta_Pathogenicity,-0.17833333333333334,0.17833333333333334
20.931957051360484,0.09333333333333338,Comp_residual_norm,0.00666666666666671,0.00666666666666671
20.931957051360484,0.09333333333333338,Delta_Pathogenicity,-0.06999999999999995,0.06999999999999995
16.759300492562332,0.6883333333333334,Comp_residual_norm,0.2683333333333333,0.2683333333333333
16.759300492562332,0.6883333333333334,Delta_Pathogenicity,0.27,0.27
16.759300492562332,0.8316666666666667,Comp_residual_norm,0.015000000000000013,0.015000000000000013
16.759300492562332,0.8316666666666667,Delta_Pathogenicity,0.4716666666666667,0.4716666666666667
16.759300492562332,0.5916666666666667,Comp_residual_norm,0.43166666666666664,0.43166666666666664
16.759300492562332,0.5916666666666667,Delta_Pathogenicity,0.12499999999999989,0.12499999999999989
13.927798605666293,0.9866666666666667,Comp_residual_norm,0.6699999999999999,0.6699999999999999
13.927798605666293,0.9866666666666667,Delta_Pathogenicity,0.29333333333333333,0.29333333333333333
13.927798605666293,0.9733333333333334,Comp_residual_norm,0.635,0.635
13.927798605666293,0.9733333333333334,Delta_Pathogenicity,0.33000000000000007,0.33000000000000007
13.927798605666293,0.17666666666666664,Comp_residual_norm,0.5883333333333334,0.5883333333333334
13.927798605666293,0.17666666666666664,Delta_Pathogenicity,-0.17666666666666675,0.17666666666666675
13.927798605666293,0.8216666666666667,Comp_residual_norm,0.6166666666666667,0.6166666666666667
13.927798605666293,0.8216666666666667,Delta_Pathogenicity,0.20500000000000007,0.20500000000000007
13.927798605666293,0.7483333333333333,Comp_residual_norm,0.6616666666666666,0.6616666666666666
13.927798605666293,0.7483333333333333,Delta_Pathogenicity,0.07499999999999996,0.07499999999999996
22.71714379053846,0.03166666666666662,Comp_residual_norm,0.2283333333333334,0.2283333333333334
22.71714379053846,0.03166666666666662,Delta_Pathogenicity,-0.18833333333333335,0.18833333333333335
22.71714379053846,0.21999999999999997,Comp_residual_norm,0.16000000000000003,0.16000000000000003
22.71714379053846,0.21999999999999997,Delta_Pathogenicity,0.06833333333333336,0.06833333333333336
24.66015389246385,0.575,Comp_residual_norm,0.7583333333333333,0.7583333333333333
24.66015389246385,0.575,Delta_Pathogenicity,-0.1433333333333333,0.1433333333333333
19.2387540396981,0.3766666666666667,Comp_residual_norm,0.2466666666666667,0.2466666666666667
19.2387540396981,0.3766666666666667,Delta_Pathogenicity,0.08500000000000008,0.08500000000000008
19.2387540396981,0.3633333333333333,Comp_residual_norm,0.43000000000000005,0.43000000000000005
19.2387540396981,0.3633333333333333,Delta_Pathogenicity,-0.046666666666666745,0.046666666666666745
19.2387540396981,0.6566666666666667,Comp_residual_norm,0.7,0.7
19.2387540396981,0.6566666666666667,Delta_Pathogenicity,-0.004999999999999893,0.004999999999999893
22.574725756916735,0.5233333333333333,Comp_residual_norm,0.10833333333333328,0.10833333333333328
22.574725756916735,0.5233333333333333,Delta_Pathogenicity,0.13833333333333342,0.13833333333333342
15.43466118837728,0.675,Comp_residual_norm,0.8183333333333334,0.8183333333333334
15.43466118837728,0.675,Delta_Pathogenicity,-0.00666666666666671,0.00666666666666671
15.43466118837728,0.1266666666666667,Comp_residual_norm,0.5366666666666666,0.5366666666666666
15.43466118837728,0.1266666666666667,Delta_Pathogenicity,-0.17500000000000004,0.17500000000000004
15.43466118837728,0.625,Comp_residual_norm,0.41500000000000004,0.41500000000000004
15.43466118837728,0.625,Delta_Pathogenicity,0.17333333333333345,0.17333333333333345
17.435991626517833,0.5833333333333333,Comp_residual_norm,0.485,0.485
17.435991626517833,0.5833333333333333,Delta_Pathogenicity,0.018333333333333313,0.018333333333333313
17.435991626517833,0.1333333333333333,Comp_residual_norm,0.13666666666666671,0.13666666666666671
17.435991626517833,0.1333333333333333,Delta_Pathogenicity,-0.0033333333333332993,0.0033333333333332993
17.435991626517833,0.6616666666666666,Comp_residual_norm,0.5283333333333333,0.5283333333333333
17.435991626517833,0.6616666666666666,Delta_Pathogenicity,0.07000000000000006,0.07000000000000006
12.410101288869482,0.15666666666666662,Comp_residual_norm,0.6583333333333333,0.6583333333333333
12.410101288869482,0.15666666666666662,Delta_Pathogenicity,-0.25,0.25
12.410101288869482,0.30833333333333335,Comp_residual_norm,0.23333333333333328,0.23333333333333328
12.410101288869482,0.30833333333333335,Delta_Pathogenicity,-0.03166666666666662,0.03166666666666662
12.410101288869482,0.2316666666666667,Comp_residual_norm,0.5783333333333334,0.5783333333333334
12.410101288869482,0.2316666666666667,Delta_Pathogenicity,-0.17833333333333334,0.17833333333333334
12.410101288869482,0.83,Comp_residual_norm,0.6533333333333333,0.6533333333333333
12.410101288869482,0.83,Delta_Pathogenicity,0.11833333333333329,0.11833333333333329
12.410101288869482,0.4966666666666667,Comp_residual_norm,0.13,0.13
12.410101288869482,0.4966666666666667,Delta_Pathogenicity,0.19333333333333336,0.19333333333333336
12.13743012338279,0.81,Comp_residual_norm,0.023333333333333317,0.023333333333333317
12.13743012338279,0.81,Delta_Pathogenicity,0.44333333333333325,0.44333333333333325
12.13743012338279,0.9033333333333333,Comp_residual_norm,0.6966666666666667,0.6966666666666667
12.13743012338279,0.9033333333333333,Delta_Pathogenicity,0.22499999999999998,0.22499999999999998
9.887768100031472,0.45999999999999996,Comp_residual_norm,0.21499999999999997,0.21499999999999997
9.887768100031472,0.45999999999999996,Delta_Pathogenicity,0.10333333333333328,0.10333333333333328
7.9482026270094535,0.17333333333333334,Comp_residual_norm,0.04500000000000004,0.04500000000000004
7.9482026270094535,0.17333333333333334,Delta_Pathogenicity,0.03166666666666662,0.03166666666666662
4.151473232480252,0.3783333333333333,Comp_residual_norm,0.03166666666666662,0.03166666666666662
4.151473232480252,0.3783333333333333,Delta_Pathogenicity,0.19166666666666665,0.19166666666666665
6.981377013168673,0.18999999999999995,Comp_residual_norm,0.16833333333333333,0.16833333333333333
6.981377013168673,0.18999999999999995,Delta_Pathogenicity,-0.02499999999999991,0.02499999999999991
6.981377013168673,0.255,Comp_residual_norm,0.25,0.25
6.981377013168673,0.255,Delta_Pathogenicity,-0.03833333333333333,0.03833333333333333
10.885082728211117,0.3966666666666666,Comp_residual_norm,0.17500000000000004,0.17500000000000004
10.885082728211117,0.3966666666666666,Delta_Pathogenicity,0.22999999999999998,0.22999999999999998
11.663508048610414,0.6216666666666666,Comp_residual_norm,0.04833333333333334,0.04833333333333334
11.663508048610414,0.6216666666666666,Delta_Pathogenicity,0.41999999999999993,0.41999999999999993
11.663508048610414,0.6383333333333333,Comp_residual_norm,0.4916666666666667,0.4916666666666667
11.663508048610414,0.6383333333333333,Delta_Pathogenicity,0.16166666666666674,0.16166666666666674
8.26771806485925,0.026666666666666616,Comp_residual_norm,0.15833333333333333,0.15833333333333333
8.26771806485925,0.026666666666666616,Delta_Pathogenicity,-0.03499999999999992,0.03499999999999992
8.26771806485925,0.3516666666666667,Comp_residual_norm,0.45166666666666666,0.45166666666666666
8.26771806485925,0.3516666666666667,Delta_Pathogenicity,-0.018333333333333313,0.018333333333333313
8.647001445587943,0.5366666666666666,Comp_residual_norm,0.4016666666666666,0.4016666666666666
8.647001445587943,0.5366666666666666,Delta_Pathogenicity,0.09166666666666667,0.09166666666666667
13.191294326183458,0.6516666666666666,Comp_residual_norm,0.8833333333333333,0.8833333333333333
13.191294326183458,0.6516666666666666,Delta_Pathogenicity,-0.14666666666666672,0.14666666666666672
13.191294326183458,0.2783333333333333,Comp_residual_norm,0.8783333333333333,0.8783333333333333
13.191294326183458,0.2783333333333333,Delta_Pathogenicity,-0.5266666666666667,0.5266666666666667
13.191294326183458,0.20166666666666666,Comp_residual_norm,0.17000000000000004,0.17000000000000004
13.191294326183458,0.20166666666666666,Delta_Pathogenicity,0.06666666666666665,0.06666666666666665
17.117109130925115,0.2633333333333333,Comp_residual_norm,0.22999999999999998,0.22999999999999998
17.117109130925115,0.2633333333333333,Delta_Pathogenicity,0.015000000000000013,0.015000000000000013
14.31103675489655,0.008333333333333304,Comp_residual_norm,0.14166666666666672,0.14166666666666672
14.31103675489655,0.008333333333333304,Delta_Pathogenicity,-0.17666666666666664,0.17666666666666664
14.426805155681558,0.15833333333333333,Comp_residual_norm,0.1166666666666667,0.1166666666666667
14.426805155681558,0.15833333333333333,Delta_Pathogenicity,-0.05666666666666664,0.05666666666666664
14.426805155681558,0.8633333333333333,Comp_residual_norm,0.845,0.845
14.426805155681558,0.8633333333333333,Delta_Pathogenicity,-0.020000000000000018,0.020000000000000018
14.426805155681558,0.8233333333333334,Comp_residual_norm,0.7150000000000001,0.7150000000000001
14.426805155681558,0.8233333333333334,Delta_Pathogenicity,0.053333333333333344,0.053333333333333344
14.426805155681558,0.19833333333333336,Comp_residual_norm,0.7083333333333333,0.7083333333333333
14.426805155681558,0.19833333333333336,Delta_Pathogenicity,-0.3999999999999999,0.3999999999999999
14.426805155681558,0.6666666666666667,Comp_residual_norm,0.7666666666666666,0.7666666666666666
14.426805155681558,0.6666666666666667,Delta_Pathogenicity,-0.07166666666666666,0.07166666666666666
20.073924329836455,0.8066666666666666,Comp_residual_norm,0.83,0.83
20.073924329836455,0.8066666666666666,Delta_Pathogenicity,-0.06499999999999995,0.06499999999999995
20.073924329836455,0.5033333333333334,Comp_residual_norm,0.6683333333333333,0.6683333333333333
20.073924329836455,0.5033333333333334,Delta_Pathogenicity,-0.14500000000000002,0.14500000000000002
20.073924329836455,0.4633333333333334,Comp_residual_norm,0.8416666666666667,0.8416666666666667
20.073924329836455,0.4633333333333334,Delta_Pathogenicity,-0.2833333333333333,0.2833333333333333
20.073924329836455,0.6599999999999999,Comp_residual_norm,0.31000000000000005,0.31000000000000005
20.073924329836455,0.6599999999999999,Delta_Pathogenicity,0.22833333333333328,0.22833333333333328
20.073924329836455,0.22166666666666668,Comp_residual_norm,0.31166666666666665,0.31166666666666665
20.073924329836455,0.22166666666666668,Delta_Pathogenicity,-0.05500000000000005,0.05500000000000005
18.016938280407132,0.86,Comp_residual_norm,0.7883333333333333,0.7883333333333333
18.016938280407132,0.86,Delta_Pathogenicity,0.08166666666666667,0.08166666666666667
18.016938280407132,0.5183333333333333,Comp_residual_norm,0.8483333333333334,0.8483333333333334
18.016938280407132,0.5183333333333333,Delta_Pathogenicity,-0.2816666666666666,0.2816666666666666
18.016938280407132,0.15166666666666662,Comp_residual_norm,0.675,0.675
18.016938280407132,0.15166666666666662,Delta_Pathogenicity,-0.3616666666666667,0.3616666666666667
18.016938280407132,0.7150000000000001,Comp_residual_norm,0.815,0.815
18.016938280407132,0.7150000000000001,Delta_Pathogenicity,0.01666666666666672,0.01666666666666672
18.016938280407132,0.7916666666666666,Comp_residual_norm,0.7766666666666666,0.7766666666666666
18.016938280407132,0.7916666666666666,Delta_Pathogenicity,0.03833333333333333,0.03833333333333333
22.38145589545059,0.2866666666666666,Comp_residual_norm,0.6066666666666667,0.6066666666666667
22.38145589545059,0.2866666666666666,Delta_Pathogenicity,-0.235,0.235
22.38145589545059,0.16000000000000003,Comp_residual_norm,0.6433333333333333,0.6433333333333333
22.38145589545059,0.16000000000000003,Delta_Pathogenicity,-0.3783333333333333,0.3783333333333333
21.066507304249555,0.30666666666666664,Comp_residual_norm,0.06333333333333335,0.06333333333333335
21.066507304249555,0.30666666666666664,Delta_Pathogenicity,0.05499999999999994,0.05499999999999994
21.066507304249555,0.3533333333333334,Comp_residual_norm,0.4833333333333333,0.4833333333333333
21.066507304249555,0.3533333333333334,Delta_Pathogenicity,-0.1299999999999999,0.1299999999999999
18.550238165586986,0.2533333333333333,Comp_residual_norm,0.6466666666666667,0.6466666666666667
18.550238165586986,0.2533333333333333,Delta_Pathogenicity,-0.32166666666666666,0.32166666666666666
18.550238165586986,0.5800000000000001,Comp_residual_norm,0.3716666666666667,0.3716666666666667
18.550238165586986,0.5800000000000001,Delta_Pathogenicity,0.15999999999999992,0.15999999999999992
18.3378268614359,0.2516666666666667,Comp_residual_norm,0.04166666666666663,0.04166666666666663
18.3378268614359,0.2516666666666667,Delta_Pathogenicity,0.05666666666666664,0.05666666666666664
25.689783981185982,0.5316666666666667,Comp_residual_norm,0.44666666666666666,0.44666666666666666
25.689783981185982,0.5316666666666667,Delta_Pathogenicity,0.05499999999999994,0.05499999999999994
25.689783981185982,0.020000000000000018,Comp_residual_norm,0.2483333333333333,0.2483333333333333
25.689783981185982,0.020000000000000018,Delta_Pathogenicity,-0.13666666666666671,0.13666666666666671
25.12707870007972,0.015000000000000013,Comp_residual_norm,0.32499999999999996,0.32499999999999996
25.12707870007972,0.015000000000000013,Delta_Pathogenicity,-0.18999999999999995,0.18999999999999995
31.42313025463886,0.10499999999999998,Comp_residual_norm,0.44999999999999996,0.44999999999999996
31.42313025463886,0.10499999999999998,Delta_Pathogenicity,-0.2350000000000001,0.2350000000000001
6.41716791115832,0.5283333333333333,Comp_residual_norm,0.29666666666666663,0.29666666666666663
6.41716791115832,0.5283333333333333,Delta_Pathogenicity,0.16500000000000004,0.16500000000000004
2.23755603281795,0.6933333333333334,Comp_residual_norm,0.365,0.365
2.23755603281795,0.6933333333333334,Delta_Pathogenicity,0.20166666666666666,0.20166666666666666
2.23755603281795,0.605,Comp_residual_norm,0.07166666666666666,0.07166666666666666
2.23755603281795,0.605,Delta_Pathogenicity,0.33999999999999997,0.33999999999999997
13.166629637078731,0.025000000000000022,Comp_residual_norm,0.036666666666666625,0.036666666666666625
13.166629637078731,0.025000000000000022,Delta_Pathogenicity,0.0016666666666667052,0.0016666666666667052
13.166629637078731,0.43666666666666665,Comp_residual_norm,0.09499999999999997,0.09499999999999997
13.166629637078731,0.43666666666666665,Delta_Pathogenicity,0.20833333333333337,0.20833333333333337
13.166629637078731,0.3733333333333333,Comp_residual_norm,0.06166666666666665,0.06166666666666665
13.166629637078731,0.3733333333333333,Delta_Pathogenicity,0.22499999999999998,0.22499999999999998
16.43051593833864,0.8916666666666666,Comp_residual_norm,0.135,0.135
16.43051593833864,0.8916666666666666,Delta_Pathogenicity,0.6766666666666666,0.6766666666666666
11.804460089305229,0.5166666666666666,Comp_residual_norm,0.11499999999999999,0.11499999999999999
11.804460089305229,0.5166666666666666,Delta_Pathogenicity,0.24,0.24
20.83163944580455,0.3866666666666667,Comp_residual_norm,0.47,0.47
20.83163944580455,0.3866666666666667,Delta_Pathogenicity,-0.10166666666666668,0.10166666666666668
22.219686361422838,0.11166666666666669,Comp_residual_norm,0.07666666666666666,0.07666666666666666
22.219686361422838,0.11166666666666669,Delta_Pathogenicity,0.011666666666666603,0.011666666666666603
22.219686361422838,0.31666666666666665,Comp_residual_norm,0.17666666666666664,0.17666666666666664
22.219686361422838,0.31666666666666665,Delta_Pathogenicity,0.03333333333333344,0.03333333333333344
20.27577877665862,0.12,Comp_residual_norm,0.050000000000000044,0.050000000000000044
20.27577877665862,0.12,Delta_Pathogenicity,0,0
20.27577877665862,0.10666666666666669,Comp_residual_norm,0.05833333333333335,0.05833333333333335
20.27577877665862,0.10666666666666669,Delta_Pathogenicity,-0.08333333333333337,0.08333333333333337
20.27577877665862,0.14,Comp_residual_norm,0.405,0.405
20.27577877665862,0.14,Delta_Pathogenicity,-0.1416666666666666,0.1416666666666666
18.145041774545465,0.050000000000000044,Comp_residual_norm,0.10999999999999999,0.10999999999999999
18.145041774545465,0.050000000000000044,Delta_Pathogenicity,-0.135,0.135
13.79030887978946,0.505,Comp_residual_norm,0.02833333333333332,0.02833333333333332
13.79030887978946,0.505,Delta_Pathogenicity,0.23666666666666658,0.23666666666666658
13.79030887978946,0.2833333333333333,Comp_residual_norm,0.0033333333333332993,0.0033333333333332993
13.79030887978946,0.2833333333333333,Delta_Pathogenicity,0.07000000000000006,0.07000000000000006
13.79030887978946,0.825,Comp_residual_norm,0.4966666666666667,0.4966666666666667
13.79030887978946,0.825,Delta_Pathogenicity,0.2516666666666667,0.2516666666666667
11.940394507720422,0.29500000000000004,Comp_residual_norm,0.16500000000000004,0.16500000000000004
11.940394507720422,0.29500000000000004,Delta_Pathogenicity,-0.0016666666666665941,0.0016666666666665941
4.0284058881895195,0.8200000000000001,Comp_residual_norm,0.6933333333333334,0.6933333333333334
4.0284058881895195,0.8200000000000001,Delta_Pathogenicity,0.08499999999999996,0.08499999999999996
4.0284058881895195,0.27,Comp_residual_norm,0.4116666666666666,0.4116666666666666
4.0284058881895195,0.27,Delta_Pathogenicity,-0.09333333333333327,0.09333333333333327
11.00915773345082,0.6366666666666667,Comp_residual_norm,0.6483333333333333,0.6483333333333333
11.00915773345082,0.6366666666666667,Delta_Pathogenicity,-0.02833333333333332,0.02833333333333332
11.00915773345082,0.6766666666666667,Comp_residual_norm,0.6383333333333333,0.6383333333333333
11.00915773345082,0.6766666666666667,Delta_Pathogenicity,0.10333333333333328,0.10333333333333328
11.00915773345082,0.7816666666666667,Comp_residual_norm,0.41666666666666663,0.41666666666666663
11.00915773345082,0.7816666666666667,Delta_Pathogenicity,0.2566666666666666,0.2566666666666666
11.00915773345082,0.6833333333333333,Comp_residual_norm,0.44166666666666665,0.44166666666666665
11.00915773345082,0.6833333333333333,Delta_Pathogenicity,0.21166666666666678,0.21166666666666678
11.00915773345082,0.5700000000000001,Comp_residual_norm,0.3433333333333334,0.3433333333333334
11.00915773345082,0.5700000000000001,Delta_Pathogenicity,0.1466666666666666,0.1466666666666666
10.260864193624236,0.36,Comp_residual_norm,0.795,0.795
10.260864193624236,0.36,Delta_Pathogenicity,-0.20666666666666667,0.20666666666666667
10.260864193624236,0.33499999999999996,Comp_residual_norm,0.37,0.37
10.260864193624236,0.33499999999999996,Delta_Pathogenicity,-0.08166666666666667,0.08166666666666667
4.002484853188078,0.19666666666666666,Comp_residual_norm,0.61,0.61
4.002484853188078,0.19666666666666666,Delta_Pathogenicity,-0.32000000000000006,0.32000000000000006
4.002484853188078,0.85,Comp_residual_norm,0.4883333333333333,0.4883333333333333
4.002484853188078,0.85,Delta_Pathogenicity,0.2583333333333333,0.2583333333333333
4.002484853188078,0.87,Comp_residual_norm,0.6566666666666667,0.6566666666666667
4.002484853188078,0.87,Delta_Pathogenicity,0.24,0.24
8.21123589966821,0.855,Comp_residual_norm,0.9133333333333333,0.9133333333333333
8.21123589966821,0.855,Delta_Pathogenicity,-0.10999999999999999,0.10999999999999999
8.21123589966821,0.6266666666666667,Comp_residual_norm,0.09666666666666668,0.09666666666666668
8.21123589966821,0.6266666666666667,Delta_Pathogenicity,0.3666666666666667,0.3666666666666667
8.21123589966821,0.405,Comp_residual_norm,0.7333333333333334,0.7333333333333334
8.21123589966821,0.405,Delta_Pathogenicity,-0.2566666666666667,0.2566666666666667
8.21123589966821,0.69,Comp_residual_norm,0.7216666666666667,0.7216666666666667
8.21123589966821,0.69,Delta_Pathogenicity,-0.06333333333333335,0.06333333333333335
13.121169002798494,0.1433333333333333,Comp_residual_norm,0.5933333333333333,0.5933333333333333
13.121169002798494,0.1433333333333333,Delta_Pathogenicity,-0.20833333333333337,0.20833333333333337
13.121169002798494,0.5716666666666667,Comp_residual_norm,0.7116666666666667,0.7116666666666667
13.121169002798494,0.5716666666666667,Delta_Pathogenicity,-0.040000000000000036,0.040000000000000036
13.121169002798494,0.6966666666666667,Comp_residual_norm,0.6733333333333333,0.6733333333333333
13.121169002798494,0.6966666666666667,Delta_Pathogenicity,0.07166666666666666,0.07166666666666666
13.121169002798494,0.845,Comp_residual_norm,0.7166666666666667,0.7166666666666667
13.121169002798494,0.845,Delta_Pathogenicity,0.09499999999999997,0.09499999999999997
13.121169002798494,0.31999999999999995,Comp_residual_norm,0.8,0.8
13.121169002798494,0.31999999999999995,Delta_Pathogenicity,-0.30833333333333335,0.30833333333333335
10.653829827813093,0.3616666666666667,Comp_residual_norm,0.4666666666666667,0.4666666666666667
10.653829827813093,0.3616666666666667,Delta_Pathogenicity,-0.06166666666666665,0.06166666666666665
10.653829827813093,0.48,Comp_residual_norm,0.08499999999999996,0.08499999999999996
10.653829827813093,0.48,Delta_Pathogenicity,0.2683333333333333,0.2683333333333333
10.653829827813093,0.4816666666666667,Comp_residual_norm,0.7266666666666667,0.7266666666666667
10.653829827813093,0.4816666666666667,Delta_Pathogenicity,-0.10999999999999999,0.10999999999999999
9.170146072991423,0.3683333333333333,Comp_residual_norm,0.45833333333333337,0.45833333333333337
9.170146072991423,0.3683333333333333,Delta_Pathogenicity,0.03499999999999992,0.03499999999999992
9.170146072991423,0.9766666666666667,Comp_residual_norm,0.5733333333333333,0.5733333333333333
9.170146072991423,0.9766666666666667,Delta_Pathogenicity,0.3883333333333334,0.3883333333333334
9.170146072991423,0.71,Comp_residual_norm,0.6833333333333333,0.6833333333333333
9.170146072991423,0.71,Delta_Pathogenicity,0.09666666666666668,0.09666666666666668
9.170146072991423,0.08666666666666667,Comp_residual_norm,0.4983333333333333,0.4983333333333333
9.170146072991423,0.08666666666666667,Delta_Pathogenicity,-0.27333333333333343,0.27333333333333343
13.233304387038032,0.14833333333333332,Comp_residual_norm,0.4733333333333334,0.4733333333333334
13.233304387038032,0.14833333333333332,Delta_Pathogenicity,-0.2616666666666667,0.2616666666666667
17.435125637631636,0.4116666666666666,Comp_residual_norm,0.5083333333333333,0.5083333333333333
17.435125637631636,0.4116666666666666,Delta_Pathogenicity,-0.04999999999999993,0.04999999999999993
17.435125637631636,0.17000000000000004,Comp_residual_norm,0.07999999999999996,0.07999999999999996
17.435125637631636,0.17000000000000004,Delta_Pathogenicity,0.036666666666666625,0.036666666666666625
14.664468282211939,0.64,Comp_residual_norm,0.30333333333333334,0.30333333333333334
14.664468282211939,0.64,Delta_Pathogenicity,0.1316666666666666,0.1316666666666666
14.664468282211939,0.395,Comp_residual_norm,0.19833333333333336,0.19833333333333336
14.664468282211939,0.395,Delta_Pathogenicity,0.04500000000000004,0.04500000000000004
14.664468282211939,0.15500000000000003,Comp_residual_norm,0.11166666666666669,0.11166666666666669
14.664468282211939,0.15500000000000003,Delta_Pathogenicity,-0.05999999999999994,0.05999999999999994
17.387841326628212,0.6133333333333333,Comp_residual_norm,0.5383333333333333,0.5383333333333333
17.387841326628212,0.6133333333333333,Delta_Pathogenicity,0.04833333333333334,0.04833333333333334
17.387841326628212,0.6783333333333333,Comp_residual_norm,0.2616666666666667,0.2616666666666667
17.387841326628212,0.6783333333333333,Delta_Pathogenicity,0.41000000000000003,0.41000000000000003
17.387841326628212,0.043333333333333335,Comp_residual_norm,0.3633333333333333,0.3633333333333333
17.387841326628212,0.043333333333333335,Delta_Pathogenicity,-0.2333333333333334,0.2333333333333334
17.387841326628212,0.3433333333333334,Comp_residual_norm,0.33999999999999997,0.33999999999999997
17.387841326628212,0.3433333333333334,Delta_Pathogenicity,0.0016666666666665941,0.0016666666666665941
15.888262365658491,0.30166666666666664,Comp_residual_norm,0.1266666666666667,0.1266666666666667
15.888262365658491,0.30166666666666664,Delta_Pathogenicity,0.09166666666666667,0.09166666666666667
15.888262365658491,0.2816666666666666,Comp_residual_norm,0.395,0.395
15.888262365658491,0.2816666666666666,Delta_Pathogenicity,-0.11166666666666658,0.11166666666666658
15.899353037152174,0.18000000000000005,Comp_residual_norm,0.20333333333333337,0.20333333333333337
15.899353037152174,0.18000000000000005,Delta_Pathogenicity,0,0
15.899353037152174,0.21333333333333337,Comp_residual_norm,0.45333333333333337,0.45333333333333337
15.899353037152174,0.21333333333333337,Delta_Pathogenicity,-0.18500000000000005,0.18500000000000005
15.899353037152174,0.495,Comp_residual_norm,0.725,0.725
15.899353037152174,0.495,Delta_Pathogenicity,-0.16500000000000004,0.16500000000000004
15.899353037152174,0.2566666666666667,Comp_residual_norm,0.33166666666666667,0.33166666666666667
15.899353037152174,0.2566666666666667,Delta_Pathogenicity,-0.05500000000000005,0.05500000000000005
15.899353037152174,0.4716666666666667,Comp_residual_norm,0.7016666666666667,0.7016666666666667
15.899353037152174,0.4716666666666667,Delta_Pathogenicity,-0.15333333333333332,0.15333333333333332
10.878777275043369,0.08833333333333337,Comp_residual_norm,0.6266666666666667,0.6266666666666667
10.878777275043369,0.08833333333333337,Delta_Pathogenicity,-0.41500000000000004,0.41500000000000004
