Pos_ref,ddgf_median,ddgb_median,residual_median,tmpnn_median,esm_median
159,0.14149583500000001,-0.09517237249999999,1.2632628348616257,0.20083403587341309,-6.084662437438965
160,0.18839076,-0.15000486000000002,-1.5793584343099552,0.7839120328426361,-9.349493789672852
161,1.6985215999999999,-0.0587534255,-1.3087775134234656,1.6481632590293884,-11.662197875976561
162,0.698033465,-0.113482265,-2.3437428736988277,0.8762206137180328,-11.176086235046387
163,2.0826929,-0.06455738500000001,1.2912599564517055,2.8380584716796875,-13.953622150421142
164,0.22119267,0.2775142,0.18876353877014118,1.748650074005127,-9.80185432434082
165,0.233712635,0.98041278,-5.6282482951593575,0.6305285096168518,-14.275704860687256
166,1.6517226,-0.15000781,-1.486806413188667,1.7425838708877563,-12.517566871643064
167,1.004977785,1.65621305,-5.623102444193272,2.0174776911735535,-16.985326004028323
168,0.188878135,-0.083222455,-0.8894032308870021,-0.15192022919654846,-7.724651956558228
169,1.18832275,0.0721012945,-2.335674025974779,1.3764846920967102,-12.934277057647705
170,0.30623725,-0.040963475,-0.6940740918525172,0.5717437863349915,-8.700113773345947
171,0.22722137,1.1086804,-5.240691051478683,-0.02552330493927002,-11.449157333374028
172,0.5251281,0.054097023,-0.7900251267401623,0.08451151847839355,-7.273184967041018
173,0.7746767750000001,0.73666392,-0.9294399491527683,1.1548538208007812,-10.303914642333986
174,-0.023984115,1.83265195,-2.8098829995447776,1.662933349609375,-14.456797981262206
175,2.2735957,0.6625776750000001,1.3133667990444993,3.7308768033981323,-14.649377632141114
176,0.208390505,0.16186875,-0.2793690468071395,1.2369053363800049,-10.007581424713134
177,2.12966475,0.195914425,-1.7795233694233783,2.784254550933838,-14.657965087890625
178,0.8533186,-0.1688631,0.7242321223625527,0.959281086921692,-8.782332229614259
179,0.4444927,-0.103925124,-1.031979144568699,0.909235954284668,-9.608019065856933
180,2.042748,-0.395513895,1.4809728514265252,2.3939892053604126,-11.36366801261902
181,2.3050537,-0.38439503,0.24878285936482314,1.8029292821884155,-10.989557456970212
182,0.23831328,-0.13800339,1.755558252426832,0.5992676317691803,-6.900935363769531
183,2.191563,0.28504432999999996,-0.8566297887430903,2.9052610397338867,-15.228678417205813
184,0.19001056,-0.054138124,1.8894901320584063,0.09533864259719849,-4.861201667785645
185,2.0786952999999997,-0.0160208095,0.39294313846565077,2.3983418941497803,-13.33016242980957
186,0.5941662,-0.09474377249999999,2.012174434900312,1.1124624013900757,-7.858468675613404
187,2.0087629,-0.189172575,-3.4383232165194615,1.7784910798072815,-14.154877853393554
188,0.37172678,-0.04183255,0.18970929777215417,0.650486409664154,-7.3469949722290036
189,1.3941454,-0.25400212,-2.226346366181337,0.9542441368103028,-10.983832931518554
190,1.0172373,0.78730386,-4.297801521925691,1.108288288116455,-14.269615936279298
191,0.5380348,0.0098308538,0.4507500218827589,0.8436484038829803,-8.480944299697876
192,0.145001345,0.4600172,-3.861402495943271,0.08303192257881165,-10.2801504611969
193,0.658310585,1.6056729,-5.040299696888854,1.231007695198059,-14.928731346130371
194,1.48659205,0.391060545,-0.09231675805027173,2.5286214351654053,-14.277566814422606
195,0.45325032,-0.48350728,0.18917260665604374,0.518002450466156,-9.37870864868164
196,2.5618143,-0.013774708,-0.8934866727403872,3.286857843399048,-15.486516952514648
197,0.430100845,0.050681455,3.428495549037824,-0.09198808670043945,-5.1584773778915425
198,1.16757585,-0.21427989,-0.7561902491687644,0.314224511384964,-7.670907354354859
199,1.0181084,-0.209435945,0.18613920073314594,0.5234668850898743,-6.957124948501587
200,1.4951904,-0.21775638,0.7968362154457687,1.5587007403373718,-9.832705593109132
201,0.280547575,-0.13183079,0.6775962914803055,0.4196545481681824,-6.884097051620484
202,0.498056545,-0.148308855,1.1673787090303671,0.595798522233963,-7.667224407196046
203,2.05123105,0.900434175,-0.3096179296633652,2.938753604888916,-15.05355339050293
204,0.18414703,0.08734232,0.8270547165281963,0.8507376909255981,-9.81401810646057
205,2.2715297,0.39275393,-1.1350152606230584,2.727992057800293,-15.818790435791016
206,1.0823499,0.9240874,-2.6699239128175094,2.0844194889068604,-14.373459815979006
207,0.7739779,-0.3540377,1.5724030007257603,1.5228759050369265,-8.5857759475708
208,-0.12091436,0.3971439,-4.79676830889958,0.2936623692512512,-11.45858268737793
209,0.44392207,1.3421462499999999,-6.02711032819218,1.5341814160346985,-16.391821575164794
210,1.9434581499999999,-0.056032951,-0.6173630196322657,2.404723286628723,-13.363558292388916
211,0.15395564,-0.05576246,-0.15281887852493448,0.10940814018249512,-7.2085469245910625
212,0.20415436,-0.0020023591,-0.010250579277828464,0.8159255385398865,-8.13352565765381
213,0.22706112,0.035203935,-0.233268897407239,0.6404198408126831,-8.470208883285522
214,0.3030057,-0.036789786,0.9107540671677459,0.13317447900772095,-5.446007251739502
