Pos_ref,median_ddgb,median_residual,scHAmin_ligand,orthosteric,Pos,site_type
159,-0.09517237249999999,1.3997531623664266,15.736755129314304,FALSE,159,Non-orthosteric site
160,-0.15000486000000002,-1.8535969126697904,18.932792081465426,FALSE,160,Non-orthosteric site
161,-0.0587534255,-0.7583036896575259,13.419293945658989,FALSE,161,Non-orthosteric site
162,-0.113482265,-2.432933899548096,13.646178439402,FALSE,162,Non-orthosteric site
163,-0.06455738500000001,0.7555325079188226,10.332025067720268,FALSE,163,Non-orthosteric site
164,0.2775142,-1.864995568545738,6.702344888171602,FALSE,164,Non-orthosteric site
165,0.98041278,-6.505189342820598,3.3831266603542938,TRUE,165,Orthosteric site
166,-0.15000781,-0.0669658651989895,6.809243276605705,FALSE,166,Non-orthosteric site
167,1.65621305,-7.743030362849316,4.024533513340398,TRUE,167,Orthosteric site
168,-0.083222455,0.45189037172614643,7.329221855012985,FALSE,168,Non-orthosteric site
169,0.0721012945,-1.8163785989291381,6.307978915627414,FALSE,169,Non-orthosteric site
170,-0.040963475,-0.8281268608039523,3.3986132466051506,TRUE,170,Orthosteric site
171,1.1086804,-5.16957371411557,2.5560191705071387,TRUE,171,Orthosteric site
172,0.054097023,1.1127806704817198,6.9938701732302695,FALSE,172,Non-orthosteric site
173,0.73666392,-1.7326331004723992,5.54236285351293,FALSE,173,Non-orthosteric site
174,1.83265195,-7.254980326498881,2.7147187699649487,TRUE,174,Orthosteric site
175,0.6625776750000001,-0.07182016415438985,9.854071544290715,FALSE,175,Non-orthosteric site
176,0.16186875,-2.4910148136799375,9.732954433264341,FALSE,176,Non-orthosteric site
177,0.195914425,-1.2715229382070259,9.28875610617482,FALSE,177,Non-orthosteric site
178,-0.1688631,0.42053216076178934,11.519923827873168,FALSE,178,Non-orthosteric site
179,-0.103925124,-2.1115518451074893,7.218838895556542,FALSE,179,Non-orthosteric site
180,-0.395513895,1.092447497842599,12.436049252073587,FALSE,180,Non-orthosteric site
181,-0.38439503,1.7595273414942136,13.900478193213354,FALSE,181,Non-orthosteric site
182,-0.13800339,1.7094596097441588,17.422583361832423,FALSE,182,Non-orthosteric site
183,0.28504432999999996,-1.105115379395797,12.711099480375411,FALSE,183,Non-orthosteric site
184,-0.054138124,1.817549197035837,16.62308527319763,FALSE,184,Non-orthosteric site
185,-0.0160208095,0.7639155776965842,11.625001548386996,FALSE,185,Non-orthosteric site
186,-0.09474377249999999,1.359056060022244,11.916210261656179,FALSE,186,Non-orthosteric site
187,-0.189172575,-0.7858194763873576,7.431028798221684,FALSE,187,Non-orthosteric site
188,-0.04183255,0.3206981907627293,9.772403082149241,FALSE,188,Non-orthosteric site
189,-0.25400212,-0.5818898997658373,7.597754602512508,FALSE,189,Non-orthosteric site
190,0.78730386,-3.690332090381923,3.870364969870412,TRUE,190,Orthosteric site
191,0.0098308538,0.26570339461129455,7.280923773807827,FALSE,191,Non-orthosteric site
192,0.4600172,-2.8007440068212417,3.5743056668393645,TRUE,192,Orthosteric site
193,1.6056729,-7.1193008434599045,3.33232591443274,TRUE,193,Orthosteric site
194,0.391060545,-3.117497287394716,7.874622594131099,FALSE,194,Non-orthosteric site
195,-0.48350728,-1.4109102845649915,4.10328380690393,TRUE,195,Orthosteric site
196,-0.013774708,-0.9192945415278544,11.111219690025033,FALSE,196,Non-orthosteric site
197,0.050681455,2.9723896504022362,15.155940287557218,FALSE,197,Non-orthosteric site
198,-0.21427989,3.281545650128354,15.244370534725268,FALSE,198,Non-orthosteric site
199,-0.209435945,2.481820464285719,15.863660517043346,FALSE,199,Non-orthosteric site
200,-0.21775638,1.5086851353863264,18.467236555586762,FALSE,200,Non-orthosteric site
201,-0.13183079,0.9447082683225569,13.439304185857242,FALSE,201,Non-orthosteric site
202,-0.148308855,1.3470102982865126,11.09525511198368,FALSE,202,Non-orthosteric site
203,0.900434175,-1.1721958597823594,8.806849720530037,FALSE,203,Non-orthosteric site
204,0.08734232,-2.146881972665933,3.6848907717868653,TRUE,204,Orthosteric site
205,0.39275393,-0.8838319487201307,8.19393641664371,FALSE,205,Non-orthosteric site
206,0.9240874,-5.306677309190485,4.239403377835141,TRUE,206,Orthosteric site
207,-0.3540377,-0.42729231075084506,9.033789680969996,FALSE,207,Non-orthosteric site
208,0.3971439,-5.428087478272895,3.8720539768965,TRUE,208,Orthosteric site
209,1.3421462499999999,-8.81113720496488,3.3767691659336148,TRUE,209,Orthosteric site
210,-0.056032951,-1.042875574269642,9.71222451346755,FALSE,210,Non-orthosteric site
211,-0.05576246,0.013624611469150505,11.163515664879052,FALSE,211,Non-orthosteric site
212,-0.0020023591,-1.9288709547233207,15.139752342756468,FALSE,212,Non-orthosteric site
213,0.035203935,-1.4742417878340213,15.772249807811185,FALSE,213,Non-orthosteric site
214,-0.036789786,2.1352963081417586,21.037223343397766,FALSE,214,Non-orthosteric site
