new_position,resid_median_esm1v,resid_median_phylop,ddgb_median,ddgf_median,esm1v_median,phylop_median,site_type
159,1.2632628348616257,-1.1648212779145832,-0.09517237249999999,0.14149583500000001,-6.084662437438965,-7.419499999999999,Non-orthosteric site
160,-1.5793584343099552,0.534163499113252,-0.15000486000000002,0.18839076,-9.349493789672852,-6.3870000000000005,Non-orthosteric site
161,-1.3087775134234656,-0.07437467744108073,-0.0587534255,1.6985215999999999,-11.662197875976561,-7.1530000000000005,Non-orthosteric site
162,-2.3437428736988277,-2.5564210568189796,-0.113482265,0.698033465,-11.176086235046387,-8.833,Non-orthosteric site
163,1.2912599564517055,-1.6165320728082166,-0.06455738500000001,2.0826929,-13.953622150421142,-9.400500000000001,Non-orthosteric site
164,0.18876353877014118,-0.07580502838285463,0.2775142,0.22119267,-9.80185432434082,-7.2385,Non-orthosteric site
165,-5.6282482951593575,-2.054407715596409,0.98041278,0.233712635,-14.275704860687256,-8.682,Binding site
166,-1.486806413188667,-0.8740316666221357,-0.15000781,1.6517226,-12.517566871643064,-7.513,Non-orthosteric site
167,-5.623102444193272,-1.1275297981164996,1.65621305,1.004977785,-16.985326004028323,-8.682,Binding site
168,-0.8894032308870021,0.946351365747562,-0.083222455,0.188878135,-7.724651956558228,-4.572,Non-orthosteric site
169,-2.335674025974779,-1.5512255795077534,0.0721012945,1.18832275,-12.934277057647705,-8.6775,Non-orthosteric site
170,-0.6940740918525172,-2.468251684207615,-0.040963475,0.30623725,-8.700113773345947,-8.866,Binding site
171,-5.240691051478683,-1.0851986598471064,1.1086804,0.22722137,-11.449157333374028,-7.3045,Binding site
172,-0.7900251267401623,1.2468673449653984,0.054097023,0.5251281,-7.273184967041018,-4.61,Non-orthosteric site
173,-0.9294399491527683,3.369752843890371,0.73666392,0.7746767750000001,-10.303914642333986,-3.716,Allosteric site
174,-2.8098829995447776,0.26212097363649356,1.83265195,-0.023984115,-14.456797981262206,-6.741,Binding site
175,1.3133667990444993,-0.19830989216725925,0.6625776750000001,2.2735957,-14.649377632141114,-8.687,Non-orthosteric site
176,-0.2793690468071395,2.1300090872709343,0.16186875,0.208390505,-10.007581424713134,-4.784000000000001,Non-orthosteric site
177,-1.7795233694233783,-1.0389088607307824,0.195914425,2.12966475,-14.657965087890625,-8.687,Non-orthosteric site
178,0.7242321223625527,2.7013321350871644,-0.1688631,0.8533186,-8.782332229614259,-4.264,Non-orthosteric site
179,-1.031979144568699,0.6274616033013531,-0.103925124,0.4444927,-9.608019065856933,-5.788,Non-orthosteric site
180,1.4809728514265252,0.13880370639411055,-0.395513895,2.042748,-11.36366801261902,-7.518,Non-orthosteric site
181,0.24878285936482314,-0.31889703114389256,-0.38439503,2.3050537,-10.989557456970212,-7.518,Non-orthosteric site
182,1.755558252426832,0.40018636111345884,-0.13800339,0.23831328,-6.900935363769531,-5.588,Non-orthosteric site
183,-0.8566297887430903,-0.042921311589075195,0.28504432999999996,2.191563,-15.228678417205813,-7.016,Allosteric site
184,1.8894901320584063,1.2895068438532302,-0.054138124,0.19001056,-4.861201667785645,-5.778,Non-orthosteric site
185,0.39294313846565077,-0.21497531978332685,-0.0160208095,2.0786952999999997,-13.33016242980957,-7.2204999999999995,Non-orthosteric site
186,2.012174434900312,-1.0373349491424753,-0.09474377249999999,0.5941662,-7.858468675613404,-7.2935,Non-orthosteric site
187,-3.4383232165194615,-0.4931822330223179,-0.189172575,2.0087629,-14.154877853393554,-7.518,Non-orthosteric site
188,0.18970929777215417,1.24012695708619,-0.04183255,0.37172678,-7.3469949722290036,-4.903,Non-orthosteric site
189,-2.226346366181337,-2.254168193945896,-0.25400212,1.3941454,-10.983832931518554,-8.687,Non-orthosteric site
190,-4.297801521925691,0.2406881160166776,0.78730386,1.0172373,-14.269615936279298,-5.788,Binding site
191,0.4507500218827589,-3.6525570256719146,0.0098308538,0.5380348,-8.480944299697876,-10.338999999999999,Non-orthosteric site
192,-3.861402495943271,-0.3132970953305865,0.4600172,0.145001345,-10.2801504611969,-5.822,Binding site
193,-5.040299696888854,-0.3001673260170765,1.6056729,0.658310585,-14.928731346130371,-7.518,Binding site
194,-0.09231675805027173,-0.039522206258493675,0.391060545,1.48659205,-14.277566814422606,-7.518,Non-orthosteric site
195,0.18917260665604374,-1.5835983358428822,-0.48350728,0.45325032,-9.37870864868164,-7.036,Binding site
196,-0.8934866727403872,0.5764350734138799,-0.013774708,2.5618143,-15.486516952514648,-7.518,Non-orthosteric site
197,3.428495549037824,2.374340897935579,0.050681455,0.430100845,-5.1584773778915425,-4.072,Non-orthosteric site
198,-0.7561902491687644,0.10300428865572586,-0.21427989,1.16757585,-7.670907354354859,-6.018000000000001,Non-orthosteric site
199,0.18613920073314594,1.488477513671925,-0.209435945,1.0181084,-6.957124948501587,-4.793,Non-orthosteric site
200,0.7968362154457687,-0.0316861450401813,-0.21775638,1.4951904,-9.832705593109132,-7.518,Non-orthosteric site
201,0.6775962914803055,-0.051353022826744255,-0.13183079,0.280547575,-6.884097051620484,-5.88,Non-orthosteric site
202,1.1673787090303671,0.3689370727518897,-0.148308855,0.498056545,-7.667224407196046,-5.95,Non-orthosteric site
203,-0.3096179296633652,0.3514121106678485,0.900434175,2.05123105,-15.05355339050293,-7.518,Allosteric site
204,0.8270547165281963,0.5937685148922744,0.08734232,0.18414703,-9.81401810646057,-5.837,Binding site
205,-1.1350152606230584,-1.1811543152071011,0.39275393,2.2715297,-15.818790435791016,-8.687,Non-orthosteric site
206,-2.6699239128175094,-3.741781522265298,0.9240874,1.0823499,-14.373459815979006,-11.295,Binding site
207,1.5724030007257603,-1.3860111810621891,-0.3540377,0.7739779,-8.5857759475708,-8.5215,Non-orthosteric site
208,-4.79676830889958,-0.8984838999218194,0.3971439,-0.12091436,-11.45858268737793,-7.036,Binding site
209,-6.02711032819218,-1.6155513984890617,1.3421462499999999,0.44392207,-16.391821575164794,-8.779,Binding site
210,-0.6173630196322657,-0.5404057422184203,-0.056032951,1.9434581499999999,-13.363558292388916,-8.07,Non-orthosteric site
211,-0.15281887852493448,0.022846157147717427,-0.05576246,0.15395564,-7.2085469245910625,-6.2065,Non-orthosteric site
212,-0.010250579277828464,-3.5775561494753876,-0.0020023591,0.20415436,-8.13352565765381,-10.249,Non-orthosteric site
213,-0.233268897407239,0.12313171037466297,0.035203935,0.22706112,-8.470208883285522,-6.925,Non-orthosteric site
214,0.9107540671677459,2.662981336433,-0.036789786,0.3030057,-5.446007251739502,-3.242,Non-orthosteric site
