Pos_ref.x,resid_median_esm1v,resid_median_esm2,ddgb_median,ddgf_median,esm1v_median,esm2_median,site_type
159,1.2632628348616257,0.813404437237996,-0.09517237249999999,0.14149583500000001,-6.084662437438965,-0.47304035,Non-orthosteric site
160,-1.5793584343099552,2.5677899171909706,-0.15000486000000002,0.18839076,-9.349493789672852,0.055161715,Non-orthosteric site
161,-1.3087775134234656,-0.22198117191751887,-0.0587534255,1.6985215999999999,-11.662197875976561,-4.3228108,Non-orthosteric site
162,-2.3437428736988277,-0.0436093492394721,-0.113482265,0.698033465,-11.176086235046387,-3.03622225,Non-orthosteric site
163,1.2912599564517055,0.43184926645086374,-0.06455738500000001,2.0826929,-13.953622150421142,-8.0470993,Non-orthosteric site
164,0.18876353877014118,0.49085282252954276,0.2775142,0.22119267,-9.80185432434082,-1.3538232,Non-orthosteric site
165,-5.6282482951593575,-4.272602657224862,0.98041278,0.233712635,-14.275704860687256,-6.8940715,Binding site
166,-1.486806413188667,-0.5399765972592445,-0.15000781,1.6517226,-12.517566871643064,-6.3915505,Non-orthosteric site
167,-5.623102444193272,-0.34329355835535624,1.65621305,1.004977785,-16.985326004028323,-5.6357575,Binding site
168,-0.8894032308870021,0.8297473961345742,-0.083222455,0.188878135,-7.724651956558228,0.37045455,Non-orthosteric site
169,-2.335674025974779,0.4786793133803151,0.0721012945,1.18832275,-12.934277057647705,-3.96178425,Non-orthosteric site
170,-0.6940740918525172,-0.6688515908795458,-0.040963475,0.30623725,-8.700113773345947,-2.2073112,Binding site
171,-5.240691051478683,-1.5878872182927113,1.1086804,0.22722137,-11.449157333374028,-2.0713577,Binding site
172,-0.7900251267401623,-0.30217318667699145,0.054097023,0.5251281,-7.273184967041018,-0.89036655,Non-orthosteric site
173,-0.9294399491527683,-1.8620222214187145,0.73666392,0.7746767750000001,-10.303914642333986,-5.2113185,Allosteric site
174,-2.8098829995447776,-1.1375450858691107,1.83265195,-0.023984115,-14.456797981262206,-5.451313,Binding site
175,1.3133667990444993,0.29562865111935555,0.6625776750000001,2.2735957,-14.649377632141114,-10.563669,Non-orthosteric site
176,-0.2793690468071395,0.27828487412453407,0.16186875,0.208390505,-10.007581424713134,-3.7808455,Non-orthosteric site
177,-1.7795233694233783,0.10844790873806787,0.195914425,2.12966475,-14.657965087890625,-8.3481253,Non-orthosteric site
178,0.7242321223625527,-1.378974455727057,-0.1688631,0.8533186,-8.782332229614259,-4.5519004,Non-orthosteric site
179,-1.031979144568699,0.05848680020649333,-0.103925124,0.4444927,-9.608019065856933,-3.884286,Non-orthosteric site
180,1.4809728514265252,0.5602746118909376,-0.395513895,2.042748,-11.36366801261902,-6.1889711,Non-orthosteric site
181,0.24878285936482314,-0.9311481012466691,-0.38439503,2.3050537,-10.989557456970212,-5.928408,Non-orthosteric site
182,1.755558252426832,1.51428279162497,-0.13800339,0.23831328,-6.900935363769531,-1.69024685,Non-orthosteric site
183,-0.8566297887430903,-2.238944233830021,0.28504432999999996,2.191563,-15.228678417205813,-10.5624565,Allosteric site
184,1.8894901320584063,1.0725275541905557,-0.054138124,0.19001056,-4.861201667785645,-0.61833906,Non-orthosteric site
185,0.39294313846565077,-0.6964062169243572,-0.0160208095,2.0786952999999997,-13.33016242980957,-7.87552775,Non-orthosteric site
186,2.012174434900312,2.495846492305559,-0.09474377249999999,0.5941662,-7.858468675613404,-0.56896735,Non-orthosteric site
187,-3.4383232165194615,-2.899291975449824,-0.189172575,2.0087629,-14.154877853393554,-8.05979535,Non-orthosteric site
188,0.18970929777215417,0.3747881917291065,-0.04183255,0.37172678,-7.3469949722290036,-1.4654531,Non-orthosteric site
189,-2.226346366181337,-1.0400793440215423,-0.25400212,1.3941454,-10.983832931518554,-4.0434527,Non-orthosteric site
190,-4.297801521925691,-5.236064865411835,0.78730386,1.0172373,-14.269615936279298,-8.44925,Binding site
191,0.4507500218827589,-0.8436661315160043,0.0098308538,0.5380348,-8.480944299697876,-3.23383545,Non-orthosteric site
192,-3.861402495943271,-1.5712819529662279,0.4600172,0.145001345,-10.2801504611969,-2.2662561,Binding site
193,-5.040299696888854,-6.007552287940186,1.6056729,0.658310585,-14.928731346130371,-10.2218875,Binding site
194,-0.09231675805027173,2.1756698450003324,0.391060545,1.48659205,-14.277566814422606,-5.10657275,Non-orthosteric site
195,0.18917260665604374,1.8329197196658162,-0.48350728,0.45325032,-9.37870864868164,-0.98374844,Binding site
196,-0.8934866727403872,-2.1788113484380816,-0.013774708,2.5618143,-15.486516952514648,-10.758067,Non-orthosteric site
197,3.428495549037824,1.3985483422120069,0.050681455,0.430100845,-5.1584773778915425,-0.8155642750000001,Non-orthosteric site
198,-0.7561902491687644,0.8491477247164435,-0.21427989,1.16757585,-7.670907354354859,-0.03166461000000001,Non-orthosteric site
199,0.18613920073314594,-0.4569743452330753,-0.209435945,1.0181084,-6.957124948501587,-2.25747705,Non-orthosteric site
200,0.7968362154457687,-0.7187367404149128,-0.21775638,1.4951904,-9.832705593109132,-5.538183500000001,Non-orthosteric site
201,0.6775962914803055,0.10996713903513539,-0.13183079,0.280547575,-6.884097051620484,-1.4763769999999998,Non-orthosteric site
202,1.1673787090303671,0.3973740749482605,-0.148308855,0.498056545,-7.667224407196046,-2.21147845,Non-orthosteric site
203,-0.3096179296633652,-2.0916188964485207,0.900434175,2.05123105,-15.05355339050293,-9.7727955,Allosteric site
204,0.8270547165281963,1.9785874752326742,0.08734232,0.18414703,-9.81401810646057,-1.3655230999999999,Binding site
205,-1.1350152606230584,-0.6868120071592001,0.39275393,2.2715297,-15.818790435791016,-8.611108,Non-orthosteric site
206,-2.6699239128175094,-3.0172209698849928,0.9240874,1.0823499,-14.373459815979006,-9.916492,Binding site
207,1.5724030007257603,3.7824584419062637,-0.3540377,0.7739779,-8.5857759475708,-0.28474617,Non-orthosteric site
208,-4.79676830889958,-3.164415634656912,0.3971439,-0.12091436,-11.45858268737793,-4.34706665,Binding site
209,-6.02711032819218,-4.374999969870681,1.3421462499999999,0.44392207,-16.391821575164794,-8.150865,Binding site
210,-0.6173630196322657,0.23364381407766177,-0.056032951,1.9434581499999999,-13.363558292388916,-6.63078775,Non-orthosteric site
211,-0.15281887852493448,0.09558974725180436,-0.05576246,0.15395564,-7.2085469245910625,-1.161222,Non-orthosteric site
212,-0.010250579277828464,0.9147708292104816,-0.0020023591,0.20415436,-8.13352565765381,-1.5591092,Non-orthosteric site
213,-0.233268897407239,-0.8595459860615817,0.035203935,0.22706112,-8.470208883285522,-3.1463554,Non-orthosteric site
214,0.9107540671677459,0.2994419408697556,-0.036789786,0.3030057,-5.446007251739502,-0.4199872,Non-orthosteric site
