new_position,loess_residual_avg,resid,chain,min_dist_to_list,site_type
1,-2.0179873257451337,MET,A,60.77380535230619,non-orthosteric
10,-0.04325152394731191,PHE,A,34.008550777708834,non-orthosteric
11,-1.171119004952283,PHE,A,35.26103852696344,non-orthosteric
12,-0.6458296169264681,PHE,A,30.184569899205123,non-orthosteric
13,-1.2124403944287367,LEU,A,29.92122918598098,non-orthosteric
14,-1.0935489782990047,LEU,A,24.640220412975204,non-orthosteric
15,-1.4740762587208676,LEU,A,25.153316381741796,non-orthosteric
16,-1.25722942172826,LEU,A,21.200904768429105,non-orthosteric
18,-0.3427150656111331,LEU,A,16.20557151105755,non-orthosteric
19,-0.7281920175012768,PRO,A,12.668474454329536,non-orthosteric
21,-0.4984556119992991,THR,A,9.15004551901246,non-orthosteric
23,-1.726795228600357,GLY,A,4.497157435536362,non-orthosteric
24,-1.1970280458096476,GLU,A,6.184647605159085,non-orthosteric
25,-0.5628837215340017,ILE,A,3.7569957412805257,non-orthosteric
26,-1.3935938963519732,VAL,A,3.996600180153126,non-orthosteric
27,-1.468449303820368,MET,A,3.677782484052041,non-orthosteric
28,-2.9835906207757366,THR,A,5.6728817191970435,non-orthosteric
29,-3.408759011958706,GLN,A,3.231989170773937,non-orthosteric
30,-1.790532238719111,SER,A,0,orthosteric
31,-2.1392594497962296,PRO,A,0,orthosteric
32,-1.981380289700831,ALA,A,0,orthosteric
33,-2.1285874898720514,THR,A,0,orthosteric
34,-2.5023300851989685,LEU,A,0,orthosteric
35,-3.532057540349906,SER,A,0,orthosteric
36,-1.2930136949355306,LEU,A,0,orthosteric
37,-2.157741041019232,SER,A,0,orthosteric
38,-3.094751864516871,PRO,A,0,orthosteric
39,-1.8986462534679704,GLY,A,0,orthosteric
40,-1.4774229910812835,GLU,A,0,orthosteric
41,-2.3847329376053654,ARG,A,0,orthosteric
42,-2.353497871823593,ALA,A,0,orthosteric
43,-2.335178891658316,THR,A,3.3743599393070087,non-orthosteric
44,-2.4604320925013807,LEU,A,4.007639080556031,non-orthosteric
45,-2.2741573558138324,SER,A,3.6042300148575426,non-orthosteric
46,-2.463244872575844,CYS,A,4.6941004463049145,non-orthosteric
47,-2.169343821380462,ARG,A,3.473432164300895,non-orthosteric
48,-1.9104867956523464,ALA,A,0,orthosteric
49,-0.3881782963607492,SER,A,0,orthosteric
50,-1.3730275966611964,GLN,A,0,orthosteric
51,-2.390107586518706,SER,A,0,orthosteric
52,-1.6397694535794294,VAL,A,0,orthosteric
53,-0.7071644235630759,SER,A,0,orthosteric
54,-1.3640371431952838,SER,A,0,orthosteric
55,-0.6347130384245965,SER,A,0,orthosteric
56,-0.41287012446534543,TYR,A,0,orthosteric
57,-1.4245986833574609,LEU,A,0,orthosteric
58,-1.3523621943398583,SER,A,3.4100033724323504,non-orthosteric
59,-1.3460633632070138,TRP,A,3.5082528415152745,non-orthosteric
60,-0.8396871308835276,TYR,A,5.836930785952494,non-orthosteric
61,-2.6644668697554286,GLN,A,4.165199755113793,non-orthosteric
62,-1.8532360086670359,GLN,A,11.637075835449387,non-orthosteric
63,-2.025984550941896,LYS,A,6.912075520420765,non-orthosteric
64,-1.7345938383892205,PRO,A,12.232372950494929,non-orthosteric
65,-1.6364055219469904,GLY,A,16.72599949180915,non-orthosteric
66,-1.7845133094108205,GLN,A,10.428519549773112,non-orthosteric
67,-2.6692480874327122,ALA,A,13.192170822120216,non-orthosteric
68,-2.5076766188380866,PRO,A,10.677183055469266,non-orthosteric
69,-1.4867616725230786,ARG,A,2.8553684525819083,non-orthosteric
70,-0.35158618033324096,LEU,A,3.6120329455861833,non-orthosteric
71,-0.9493769586931853,LEU,A,3.063478578348476,non-orthosteric
72,-0.6782934454166867,ILE,A,0,orthosteric
73,-0.3546986642743071,TYR,A,0,orthosteric
74,-0.49850138666003563,GLY,A,0,orthosteric
75,-0.5915417364611093,ALA,A,0,orthosteric
76,-0.6585200315359039,SER,A,0,orthosteric
77,-0.6493303327843023,THR,A,0,orthosteric
78,-2.567960431375174,ARG,A,0,orthosteric
79,-2.045321064740759,ALA,A,0,orthosteric
80,-1.0097378476918744,THR,A,0,orthosteric
81,-2.0504251124278774,GLY,A,0,orthosteric
82,-1.464878000879418,ILE,A,0,orthosteric
83,-2.5918806204217795,PRO,A,0,orthosteric
84,-0.9365664284480291,ALA,A,0,orthosteric
85,-0.6265406268900726,ARG,A,0,orthosteric
86,-2.280533711021186,PHE,A,0,orthosteric
87,-2.091216928687409,SER,A,3.3225907060605584,non-orthosteric
88,-1.6234626209945233,GLY,A,3.100976136638268,non-orthosteric
89,-0.4563542416004722,SER,A,5.126318562087221,non-orthosteric
90,-0.5015463292502602,GLY,A,5.0033710635930255,non-orthosteric
91,-2.5984874697131195,SER,A,4.566776543690309,non-orthosteric
92,-1.4059396118688117,GLY,A,3.4867572327307212,non-orthosteric
93,-1.8564089533352686,THR,A,3.6574648323668133,non-orthosteric
94,-2.8697717354734618,ASP,A,5.946553371491759,non-orthosteric
95,-1.9859451544619375,PHE,A,3.5812455933655256,non-orthosteric
96,-2.3764263901022837,THR,A,6.671681722024815,non-orthosteric
97,-1.7643472572073522,LEU,A,3.9056150603970172,non-orthosteric
98,-1.570347697011817,THR,A,3.793591833605719,non-orthosteric
99,-2.446067197638029,ILE,A,3.516167800318978,non-orthosteric
100,-1.2618028837552577,SER,A,3.3655292302994484,non-orthosteric
101,-1.3815240174569752,SER,A,3.5729394061472695,non-orthosteric
102,-2.8577864015177648,LEU,A,3.308071039140484,non-orthosteric
103,-1.618891849767591,GLN,A,3.699897295871873,non-orthosteric
104,-1.2422689092304946,PRO,A,4.482899731200778,non-orthosteric
105,-2.6535282361208257,GLU,A,2.806105129890895,non-orthosteric
106,-2.6673661011395122,ASP,A,2.736376070645262,non-orthosteric
107,-1.5152492239579853,PHE,A,6.6962176637262925,non-orthosteric
108,-2.264418898457782,ALA,A,7.739990310071454,non-orthosteric
109,-1.1849170092253587,VAL,A,6.815847562849393,non-orthosteric
110,-1.1927581524213444,TYR,A,3.988616426782601,non-orthosteric
111,-2.9446134212311463,TYR,A,8.906251792982276,non-orthosteric
112,-2.6553334349698456,CYS,A,4.165918146099368,non-orthosteric
113,-1.1948891468731504,GLN,A,5.652260167402063,non-orthosteric
114,-1.6280525109564419,GLN,A,3.6783557467977452,non-orthosteric
