Pos_ref,resid_median_esm1v,resid_median_esm2,ddgb_median,ddgf_median,esm1v_median,esm2_median,site_type
311,0.5754262560841994,0.030052062417963654,0.23874874,0.08553385,-11.819836616516112,-8.361398,Non-orthosteric site
312,-1.0133380173425852,-1.72166797899376,1.2238524,1.1273238,-14.209281635284423,-10.933803000000001,Allosteric site
313,1.0092390499675847,0.6567040886088602,0.08247471,0.22545488,-11.000262451171873,-7.319067,Non-orthosteric site
314,1.9599797255057645,0.03836268398227638,1.0379171,0.78255093,-13.899276733398438,-11.828274,Allosteric site
315,4.381875320024071,3.959603488919664,0.168631015,0.593163,-9.385026359558104,-6.2127645000000005,Non-orthosteric site
316,2.946588167311427,4.921950695282844,0.86914689999999994,1.690054,-13.423160552978516,-7.161581,Non-orthosteric site
317,1.7370671344913742,2.653651053537902,0.12176569,0.086093195,-10.148165512084963,-5.112085,Non-orthosteric site
318,-0.07627795280879468,-0.6623543035223713,0.94211595,0.67499078,-13.359313106536865,-10.54832,Allosteric site
319,-1.3967985770840965,-1.4674603134742181,0.49553406,0.5772005,-14.905781173706057,-11.190203,Non-orthosteric site
320,1.0070196143222745,-0.7099612075277371,0.07966522,0.022562314,-10.218058681488037,-8.153242,Non-orthosteric site
321,-1.194553991056404,-3.548763559721613,-0.046672374,0.10413599,-12.591093254089357,-11.072265,Non-orthosteric site
322,-1.2734678572755946,-2.0362670159078107,-0.74613833,0.8583519,-17.52248592376709,-13.925857,Binding site
323,-3.288569679225265,-2.7402364369144756,1.5532064,1.5440344,-16.966845321655274,-12.482816,Binding site
324,-5.531097095121369,-5.85529291512389,1.6108866,2.5685985,-18.793095779418945,-15.3911705,Binding site
325,0.4055175337863943,0.8524803437997708,1.0732358,1.80063205,-18.789923763275148,-12.8541485,Binding site
326,-4.536779350732713,-4.2639588269665785,0.284435165,0.255039735,-16.29860372543335,-12.872301,Binding site
327,-3.5647347470267814,-3.1514598914246337,1.57257875,0.7420936499999999,-19.309766578674317,-15.1032055,Binding site
328,-3.9256958674653752,-2.949730929304602,0.67336667,0.13684632,-17.945500946044927,-12.268427,Binding site
329,-3.8304623908955584,-3.656266793542221,1.3700734,0.08864037,-18.3639705657959,-14.613589,Allosteric site
330,-0.20367881718375003,0.4930706938723084,1.6207107,0.7444298,-17.155000305175786,-12.3934765,Allosteric site
331,-4.399409875971022,-3.4887651316171926,0.47120824,0.2744649,-15.786362648010256,-11.60044,Binding site
332,-3.718227729850648,-2.330248097180892,0.105382234,0.24256766,-16.02667407989502,-10.780393,Non-orthosteric site
333,-0.42285766766582,0.3114976300376284,-0.05017803,0.44356382,-13.886447143554689,-9.416841,Non-orthosteric site
334,1.0560223675851361,-1.7904416733876571,0.45836937,0.037808094,-11.58368148803711,-10.6554575,Non-orthosteric site
335,-2.644384575731534,-3.403205185591755,0.8633818,2.0433583,-15.772770118713376,-12.351763,Non-orthosteric site
336,-2.0161052416204743,-1.939230809224977,1.4510727,1.257086,-18.914650344848628,-14.228565,Allosteric site
337,-1.365060939553878,-1.205663570916876,0.18727516,0.63114953,-17.357665634155275,-12.869485,Non-orthosteric site
338,0.5203435626927977,0.15722100940916306,1.30741,1.8911247,-17.065246772766113,-11.074143,Allosteric site
339,-4.778414150294889,-1.0694601577411618,0.6639245,0.7403472,-18.402781677246093,-10.554322,Binding site
340,-1.9315982738773858,-0.9620905904515826,0.609160275,-0.32557137999999997,-15.122369766235352,-10.222925,Non-orthosteric site
341,-1.923761687366392,-2.390628847910671,1.25097105,1.7679498,-17.79132843017578,-14.3029075,Allosteric site
342,-2.936603113213872,-2.3668773869501014,0.333821865,-0.026308035,-15.447702026367187,-10.447589,Non-orthosteric site
343,-3.134599402654322,-1.259857084920112,0.055388265000000006,0.21695446999999998,-14.403690242767336,-8.786519,Non-orthosteric site
344,-1.3300884162419138,0.29610691711372183,0.563609,0.97620934,-14.673613739013671,-9.216214,Non-orthosteric site
345,-5.81772945207876,-4.873340654355211,0.8295936,1.4824815,-17.555802345275882,-12.917053,Non-orthosteric site
346,-2.5570252053246296,-3.3780034939240955,0.5015794849999999,0.8436247800000001,-15.19104022979736,-11.907879000000001,Non-orthosteric site
347,-3.320246844994509,-3.4512436701440636,1.5025512,1.2845823,-17.60691366195679,-13.762374,Allosteric site
348,-3.0970225352539753,-3.2482140596314713,0.5092462,0.56063116,-16.123089218139647,-13.142424,Non-orthosteric site
349,-1.1375898642042852,-0.06609804487521131,0.2886919,0.13004878,-12.910607147216798,-8.772617,Non-orthosteric site
350,1.657840023889869,1.678103732941152,0.386642335,0.207219795,-12.41334733963013,-8.796652,Non-orthosteric site
351,1.4221739325177882,2.072803723896971,0.5352161,0.7679652,-12.307009506225587,-7.51825435,Non-orthosteric site
352,0.07858581079107019,-2.0132568411804996,0.4664977,0.41229725,-12.888168334960938,-10.127623,Non-orthosteric site
353,-0.3047644957670812,-0.6278801794312354,0.9994421,1.7327715,-16.315045166015626,-12.802867000000001,Non-orthosteric site
354,1.766192781742605,2.6640061260918744,0.25792503,0.10186867,-12.077088165283206,-7.724983,Non-orthosteric site
355,-0.11500492134905116,-0.21313130291286342,0.07423118,0.2852252,-12.384135055541991,-8.566321,Non-orthosteric site
356,1.3798002492618515,1.1425633495198735,0.5889973,1.5358946,-14.700183486938474,-11.034646,Non-orthosteric site
357,-1.4787482709888415,-2.910477213643169,1.1781675,1.3429395,-16.264584732055663,-13.626038,Allosteric site
358,0.7840204740371535,-0.5409084805107707,0.59797085,1.3060440999999998,-11.379264068603515,-9.752194,Non-orthosteric site
359,0.014954030812052821,0.06158915030033363,1.1409979,2.062967,-17.030163192749022,-12.747848,Allosteric site
360,2.4468282493120714,-0.5998799861750985,0.94496524,1.4050456,-12.330316734313964,-11.85372,Allosteric site
361,-0.655746741140323,-2.088541068264087,0.31440684,0.420482,-12.83419017791748,-10.885664,Non-orthosteric site
362,-1.9119864738127994,-3.19501898199686,1.4790921,1.7219172,-17.868604278564455,-16.016983,Allosteric site
363,-2.2655538633609957,-3.358286002701554,1.128308,1.8470541,-16.118954277038576,-13.300567,Allosteric site
364,2.753998081089108,2.7290503368126453,0.40320778,1.0864373,-11.187415885925294,-7.496704,Non-orthosteric site
365,1.8093317708170567,4.10152778449426,0.12666334,0.28483295,-10.862510681152344,-5.3702674,Non-orthosteric site
366,0.14330146034448887,-0.5779198691365437,0.6819601,1.4302162,-12.796678352355958,-9.702879,Non-orthosteric site
367,-0.6370060897208738,-0.15714735237539657,0.9140664,1.3707985,-16.07062873840332,-10.995653,Allosteric site
368,0.7255933273303974,1.0201999859085102,0.12474946,0.24969055,-10.882428169250488,-6.7546005,Non-orthosteric site
369,4.068341334607144,5.019995430103921,0.15257086,0.14816314,-7.347113132476807,-2.8614289999999998,Non-orthosteric site
370,-3.2226795030907027,0.021908445370504737,0.45149875,0.7575948,-16.467486953735353,-8.598416,Non-orthosteric site
371,2.8159026348590572,3.5460128539456637,0.30998603,0.7288261,-8.850970840454101,-4.7909384,Non-orthosteric site
372,-6.582740658368426,-4.812364916503087,1.2519789,-0.036222328,-18.190754699707032,-13.136692,Binding site
373,-3.5693567822834353,-3.0460831064820857,0.72006404,0.40814334,-14.85112133026123,-10.768626,Non-orthosteric site
374,1.623645051976169,1.3453524119457638,0.22234395,0.36845207,-10.259044647216797,-6.7496157,Non-orthosteric site
375,-3.3960278463227986,-1.550799922058637,1.0443105,1.328494,-18.797077941894525,-13.154167,Allosteric site
376,-5.664505342650935,-4.401248443579801,1.0926771,0.15392391,-17.752278518676754,-13.026203,Binding site
377,6.635849056361774,4.675490773102771,-0.076804075,-0.00445777785,-5.140874242782592,-3.2292139,Non-orthosteric site
378,-1.1710324499267113,-0.9259884204103486,0.24990752,0.36270252,-13.26151180267334,-10.440291,Non-orthosteric site
379,-1.9589346253418158,-2.0756191844614724,0.9703217,1.76273265,-16.611788940429687,-13.007057,Binding site
380,-4.022973581202621,-5.805239462453509,0.35149784,0.24506225,-15.62891225814819,-14.188275,Binding site
381,1.1399679017587996,1.2096144672853866,0.16739999,0.31383362,-10.96800365447998,-6.273923,Non-orthosteric site
382,-0.801413880791431,0.3832216782557767,0.6472685,0.88015328,-15.141573619842529,-10.8480305,Non-orthosteric site
383,0.13513852364626722,2.1601426093878064,0.6664802,1.3674874,-14.28927764892578,-8.740007,Non-orthosteric site
384,0.6827879826627079,-0.15063260246765076,0.102698736,0.1800354,-10.63258457183838,-7.704667,Non-orthosteric site
385,0.9029337232111407,2.4697519409297204,0.1372726,0.19707562,-11.101457691192628,-5.58832835,Non-orthosteric site
386,-1.0049940851525143,1.0167363699500616,1.069063,1.8528237,-17.315100479125974,-9.993692,Allosteric site
387,0.38544378943727864,1.779155121497137,0.33709162,0.5020593,-12.954143905639649,-7.6332426,Non-orthosteric site
388,-0.507806947830403,-2.0367570429155766,1.13277435,1.6266052,-16.98167610168457,-14.489935,Allosteric site
389,2.396732671001292,1.7344595458286811,0.21489082,0.24158694,-11.332268524169926,-7.602522,Non-orthosteric site
390,0.7518339407547812,0.3299425755091603,0.6413143299999999,0.97897722,-14.424701976776124,-11.208295,Non-orthosteric site
391,1.857979310965531,0.6839210314780697,0.13679907,0.27706155,-11.216205406188967,-8.460367,Non-orthosteric site
392,2.630856364094603,2.4185723996190056,0.34661445,-0.085682526,-14.097909545898435,-10.249641,Non-orthosteric site
393,3.531150020194837,7.928828083721525,-0.41824749,0.16648844000000002,-8.755391359329224,-0.03735470650000001,Non-orthosteric site
394,-0.8196708682372691,4.786785903543723,-0.089707345,-0.16372077,-13.902844429016112,-4.927224,Non-orthosteric site
