category,type,mean_adj_r2,ci_lower,ci_upper
whole protein,abundance,0.21358553813205713,0.15263523952615984,0.2681343452927902
whole protein,activity,0.2666771325929944,0.20750880170986596,0.3224468789754763
whole protein,both,0.3273194804076959,0.2749330743348056,0.37500703765592025
non-orthosteric,abundance,0.2568666772779926,0.19684806337481295,0.31454327664495046
non-orthosteric,activity,0.3016944778397863,0.23987151477392085,0.3572384876941578
non-orthosteric,both,0.3657077309721921,0.3127215661994334,0.41688217243858555
orthosteric,abundance,0.11633285569868154,-0.029634664079296155,0.2523330011255415
orthosteric,activity,0.11066954006199509,-0.035928679831327304,0.2582460672613932
orthosteric,both,0.18071408574311051,0.0413793267879001,0.30798502882272333
