variant,ESM-1v
M1A,-7.608282852172851
M1C,-8.683329582214355
M1D,-8.578086948394775
M1E,-8.21544017791748
M1F,-7.857051181793213
M1G,-7.868986892700195
M1H,-8.41383399963379
M1I,-7.723480701446532
M1K,-8.139901638031006
M1L,-6.445931053161621
M1N,-8.405079078674316
M1P,-7.794423294067383
M1Q,-7.951297569274902
M1R,-7.699148464202881
M1S,-7.285480117797851
M1T,-7.610465240478518
M1V,-7.118787956237793
M1W,-9.112335205078123
M1Y,-8.803313446044921
I2A,-1.3964035987854004
I2C,-4.983139133453369
I2D,-2.609677529335022
I2E,-2.1937666893005368
I2F,-3.155190372467041
I2G,-2.647466802597046
I2H,-3.893579912185669
I2K,-3.3847652912139887
I2L,-2.24813883304596
I2M,-3.685195684432984
I2N,-3.191797876358032
I2P,-2.3533121824264525
I2Q,-3.3546267032623285
I2R,-3.3810574054718017
I2S,-1.7607227802276608
I2T,-2.583429527282715
I2V,-2.7930910110473635
I2W,-4.287266397476197
I2Y,-4.082853841781616
L3A,-3.717368507385254
L3C,-5.663061904907226
L3D,-4.878404712677002
L3E,-4.815904808044434
L3F,-4.265149593353272
L3G,-4.392980241775513
L3H,-4.8668452262878406
L3I,-4.3963736534118665
L3K,-5.171563625335693
L3M,-5.048876857757568
L3N,-4.708940982818604
L3P,-3.3908734798431395
L3Q,-4.626736068725586
L3R,-4.67319917678833
L3S,-3.073021411895752
L3T,-3.461525869369507
L3V,-4.106877517700196
L3W,-5.760721492767334
L3Y,-5.167807483673097
S4A,-3.762162494659424
S4C,-5.26746039390564
S4D,-4.536370277404785
S4E,-3.995061683654785
S4F,-4.492809867858886
S4G,-3.861833095550537
S4H,-4.8123730659484885
S4I,-4.523719406127928
S4K,-4.558563232421875
S4L,-3.3400946140289305
S4M,-4.833012866973877
S4N,-3.590360403060913
S4P,-3.7257860660552975
S4Q,-4.161644840240479
S4R,-4.168373489379883
S4T,-3.753952074050903
S4V,-3.953995037078857
S4W,-5.109258842468262
S4Y,-5.082823753356934
N5A,-4.382833909988404
N5C,-6.667048072814941
N5D,-5.236501312255858
N5E,-4.929659080505371
N5F,-5.414513397216797
N5G,-4.969985008239746
N5H,-5.6975115776062015
N5I,-5.211153221130371
N5K,-5.3084139823913565
N5L,-4.233240509033204
N5M,-5.6141743659973145
N5P,-4.581065702438353
N5Q,-5.228141975402832
N5R,-5.2318042755126974
N5S,-3.9000737190246575
N5T,-3.971800661087036
N5V,-4.445121717453003
N5W,-6.380926990509034
N5Y,-6.123009967803955
T6A,-3.455687665939331
T6C,-5.662359142303468
T6D,-4.72346420288086
T6E,-4.325912189483643
T6F,-3.935986280441284
T6G,-3.90556321144104
T6H,-4.849279308319092
T6I,-3.7152507305145264
T6K,-4.816360664367676
T6L,-2.8451776981353767
T6M,-4.344385099411011
T6N,-4.655539608001709
T6P,-3.990925121307373
T6Q,-4.2990473270416265
T6R,-4.348027038574219
T6S,-3.1046972274780287
T6V,-3.2889142990112306
T6W,-4.791713523864746
T6Y,-4.838713264465332
T7A,-4.9746542930603015
T7C,-8.324745368957519
T7D,-6.124375534057617
T7E,-5.5846203804016135
T7F,-6.207688808441162
T7G,-5.961585617065428
T7H,-6.7443525314331065
T7I,-6.0941212654113786
T7K,-6.3778447151184094
T7L,-4.971492767333984
T7M,-6.165220069885254
T7N,-6.410433769226074
T7P,-5.5979021072387685
T7Q,-6.096377277374268
T7R,-6.205499839782715
T7S,-3.4904922008514405
T7V,-5.423142528533933
T7W,-7.412489223480223
T7Y,-7.133789157867431
A8C,-6.50923080444336
A8D,-4.367966175079347
A8E,-3.932276344299317
A8F,-4.428476238250734
A8G,-4.445999622344972
A8H,-5.049536514282226
A8I,-4.361736679077149
A8K,-4.635299301147461
A8L,-3.3829935073852537
A8M,-4.70929012298584
A8N,-4.5983372688293445
A8P,-4.089259386062622
A8Q,-4.310214328765869
A8R,-4.6615463256835925
A8S,-3.213236951828003
A8T,-3.0186559677124025
A8V,-3.747576570510864
A8W,-5.559690952301025
A8Y,-5.257646656036377
V9A,-3.2823206901550286
V9C,-6.4144225120544425
V9D,-5.056098461151123
V9E,-4.638451480865479
V9F,-3.979226732254028
V9G,-4.272404861450196
V9H,-5.262378787994384
V9I,-3.8327299118041993
V9K,-5.309707164764403
V9L,-2.748047685623169
V9M,-4.632475852966309
V9N,-5.124008846282959
V9P,-3.921805715560913
V9Q,-4.751251697540283
V9R,-4.995771884918213
V9S,-3.5100690841674806
V9T,-3.415537214279175
V9W,-4.736145305633545
V9Y,-5.289258575439453
T10A,-3.486720466613769
T10C,-5.881701374053955
T10D,-4.593477439880371
T10E,-4.165026473999023
T10F,-3.757030868530273
T10G,-4.140709686279297
T10H,-4.530161571502687
T10I,-3.7842630863189695
T10K,-4.6644590377807615
T10L,-2.4364633560180664
T10M,-4.494080924987793
T10N,-4.632778835296631
T10P,-3.9832406997680665
T10Q,-3.990408086776733
T10R,-4.361542701721191
T10S,-3.1268352031707765
T10V,-3.4425524711608886
T10W,-4.977570819854736
T10Y,-4.770714569091797
P11A,-2.52360110282898
P11C,-5.2972517013549805
P11D,-2.725922727584839
P11E,-2.714042568206787
P11F,-3.687650060653687
P11G,-2.925015497207641
P11H,-3.3219902992248533
P11I,-3.777802801132201
P11K,-4.048564672470094
P11L,-2.513485383987427
P11M,-4.166206026077272
P11N,-3.4101778984069826
P11Q,-3.183296203613281
P11R,-3.419150114059448
P11S,-2.2629076957702643
P11T,-2.6770917892456056
P11V,-2.9709120273590086
P11W,-4.720252323150635
P11Y,-4.024841785430908
F12A,-2.937531757354736
F12C,-5.909277725219726
F12D,-4.1512990474700935
F12E,-3.810027694702149
F12G,-3.649332571029663
F12H,-4.271594476699828
F12I,-3.517594575881958
F12K,-4.711599206924438
F12L,-2.1676209688186647
F12M,-4.353487253189087
F12N,-3.815646553039552
F12P,-3.837745141983032
F12Q,-4.041444921493532
F12R,-4.1031723499298085
F12S,-3.0306259632110595
F12T,-3.116431474685669
F12V,-2.9626535892486574
F12W,-4.577661514282227
F12Y,-4.434516429901123
L13A,-5.3980687141418455
L13C,-7.6455635070800785
L13D,-6.679716873168945
L13E,-6.463582134246826
L13F,-4.9893815994262685
L13G,-5.9219584465026855
L13H,-6.423361492156983
L13I,-4.851304435729982
L13K,-6.720890808105469
L13M,-5.813310432434082
L13N,-6.308595085144043
L13P,-5.297126579284668
L13Q,-6.017330646514893
L13R,-6.215474319458008
L13S,-4.998507452011109
L13T,-5.051349449157715
L13V,-4.9117673397064205
L13W,-6.315967845916747
L13Y,-6.41722412109375
T14A,-3.5325782775878904
T14C,-6.070387268066408
T14D,-4.159781408309937
T14E,-3.2542865753173817
T14F,-4.69192762374878
T14G,-3.8003244400024414
T14H,-4.302821636199951
T14I,-4.507960796356201
T14K,-4.046988868713379
T14L,-2.8850055694580083
T14M,-4.559498882293701
T14N,-4.319251537322998
T14P,-4.150272178649902
T14Q,-3.251899814605713
T14R,-3.4981366634368896
T14S,-3.040437650680542
T14V,-3.90213680267334
T14W,-4.786489677429199
T14Y,-4.974991798400879
K15A,-2.679463720321656
K15C,-5.406127643585205
K15D,-3.639513540267944
K15E,-3.314961576461792
K15F,-3.990868139266969
K15G,-3.012872409820557
K15H,-3.3666380405426017
K15I,-4.2720487117767325
K15L,-2.6706260681152343
K15M,-4.3676064014434814
K15N,-3.7200163841247567
K15P,-3.571513557434082
K15Q,-2.9477109432220465
K15R,-2.551691198348999
K15S,-2.277032446861268
K15T,-2.7791300773620606
K15V,-3.399211072921753
K15W,-4.30162935256958
K15Y,-4.31561861038208
L16A,-4.573040914535524
L16C,-7.307684516906737
L16D,-6.199946022033691
L16E,-5.887286520004272
L16F,-5.3251824378967285
L16G,-5.317400550842285
L16H,-6.140435600280763
L16I,-4.688846206665039
L16K,-6.06824140548706
L16M,-5.315838527679444
L16N,-6.1879341125488265
L16P,-5.268226766586304
L16Q,-5.667545795440674
L16R,-5.367658853530884
L16S,-4.872242164611817
L16T,-4.698818302154541
L16V,-4.47650032043457
L16W,-6.351757526397705
L16Y,-6.384647846221924
W17A,-3.1193618297576906
W17C,-4.997115421295166
W17D,-4.963335514068604
W17E,-4.465306758880615
W17F,-2.740410304069519
W17G,-3.830102825164795
W17H,-4.21792573928833
W17I,-2.8453570127487184
W17K,-4.621881008148193
W17L,-1.1536395788192748
W17M,-3.5358453273773187
W17N,-4.521559524536133
W17P,-3.5745270252227783
W17Q,-3.648226261138916
W17R,-4.134821224212646
W17S,-3.000551462173462
W17T,-3.073142242431641
W17V,-2.831534767150879
W17Y,-4.132845497131346
Q18A,-3.072934865951538
Q18C,-6.228358268737793
Q18D,-3.697416400909424
Q18E,-2.8872762203216547
Q18F,-4.729291534423828
Q18G,-3.577204704284668
Q18H,-4.448065996170044
Q18I,-4.213858032226563
Q18K,-3.516568899154663
Q18L,-2.970333528518677
Q18M,-3.740567255020141
Q18N,-2.4229321956634515
Q18P,-3.884726285934448
Q18R,-3.263127326965332
Q18S,-3.051952362060547
Q18T,-2.9852208137512206
Q18V,-3.5274035930633545
Q18W,-5.1180611610412585
Q18Y,-4.766623973846436
E19A,-3.612346172332764
E19C,-6.2525410652160645
E19D,-3.9709120750427247
E19F,-4.853155136108398
E19G,-3.928270149230957
E19H,-4.480510616302492
E19I,-4.494129705429077
E19K,-4.292895126342773
E19L,-3.506419610977173
E19M,-4.716543960571289
E19N,-4.147376585006714
E19P,-4.303523492813111
E19Q,-3.820277404785157
E19R,-3.81334719657898
E19S,-3.3517316341400147
E19T,-3.650157022476196
E19V,-3.853194236755371
E19W,-5.499191379547119
E19Y,-5.157526111602783
T20A,-2.730373191833496
T20C,-5.404107475280762
T20D,-4.395060110092163
T20E,-3.640005397796632
T20F,-3.957688331604004
T20G,-3.612799549102783
T20H,-4.516636228561401
T20I,-3.843411827087402
T20K,-4.409285879135132
T20L,-2.616103553771973
T20M,-3.8523663520812974
T20N,-4.639779090881348
T20P,-3.8889134883880616
T20Q,-3.886215305328368
T20R,-4.062187528610228
T20S,-3.414443635940552
T20V,-3.0437687397003166
T20W,-4.971627426147461
T20Y,-4.112091302871703
V21A,-3.0229666233062744
V21C,-5.532415771484375
V21D,-4.247268867492676
V21E,-3.391729164123535
V21F,-4.1419211387634265
V21G,-3.3354494571685787
V21H,-4.668304347991944
V21I,-4.216791200637817
V21K,-4.65676908493042
V21L,-2.6496116161346435
V21M,-4.4583357810974125
V21N,-4.56854305267334
V21P,-3.633920764923096
V21Q,-3.497604751586913
V21R,-4.082052087783813
V21S,-2.9736299991607664
V21T,-3.2274381160736083
V21W,-4.967119026184082
V21Y,-4.890940189361572
Q22A,-2.2898983001708983
Q22C,-5.28072509765625
Q22D,-3.392561197280884
Q22E,-3.0554766178131105
Q22F,-3.951245594024658
Q22G,-2.6928890705108643
Q22H,-4.102667903900146
Q22I,-3.757950115203857
Q22K,-3.6853800296783454
Q22L,-2.7564688205718992
Q22M,-4.029123735427857
Q22N,-3.6783792972564697
Q22P,-3.040747356414795
Q22R,-3.3546120166778564
Q22S,-2.164385890960693
Q22T,-2.5985319137573244
Q22V,-2.9482604026794434
Q22W,-5.122058010101318
Q22Y,-4.387948608398437
Q23A,-2.5767436504364007
Q23C,-5.069093704223633
Q23D,-2.9929816722869886
Q23E,-2.8340601444244387
Q23F,-4.1954010963439945
Q23G,-2.6471110820770263
Q23H,-3.815526390075684
Q23I,-4.084626483917236
Q23K,-3.7887660980224616
Q23L,-2.91359429359436
Q23M,-3.7871726512908936
Q23N,-3.369587087631225
Q23P,-2.648520421981812
Q23R,-3.207833242416382
Q23S,-2.4093393325805663
Q23T,-2.915753030776977
Q23V,-3.258153200149536
Q23W,-5.261113739013672
Q23Y,-4.324343299865721
G24A,-3.0177220344543456
G24C,-5.662138843536378
G24D,-3.630097389221192
G24E,-3.244269371032715
G24F,-4.254281139373779
G24H,-4.207344818115234
G24I,-4.211321449279785
G24K,-4.302046203613282
G24L,-2.908744192123413
G24M,-4.057129764556885
G24N,-3.419792890548706
G24P,-3.2174122810363768
G24Q,-3.4230578422546385
G24R,-3.59324426651001
G24S,-2.9144287586212165
G24T,-2.990154266357422
G24V,-3.509791374206543
G24W,-5.136373233795166
G24Y,-4.218067598342897
G25A,-3.682949161529541
G25C,-6.550666904449463
G25D,-4.019814777374267
G25E,-3.7453360557556152
G25F,-4.728689479827881
G25H,-4.725303649902344
G25I,-4.517850589752197
G25K,-4.64247465133667
G25L,-3.537850427627564
G25M,-4.8940692901611325
G25N,-4.272050189971924
G25P,-4.13546781539917
G25Q,-4.023085021972657
G25R,-4.0614039421081545
G25S,-3.1033074855804443
G25T,-3.5072786331176764
G25V,-3.817778205871582
G25W,-5.495930576324463
G25Y,-4.892917919158935
N26A,-4.330613422393799
N26C,-7.1918046951293935
N26D,-4.519388866424562
N26E,-4.446920871734619
N26F,-5.742739105224612
N26G,-4.210463047027588
N26H,-5.754558849334718
N26I,-5.499550628662108
N26K,-5.324411773681642
N26L,-4.620501136779785
N26M,-5.829539966583253
N26P,-4.695635604858398
N26Q,-5.2364531517028805
N26R,-4.9651257514953615
N26S,-4.1090244293212885
N26T,-4.64146146774292
N26V,-4.5912565231323255
N26W,-6.699883460998535
N26Y,-6.080090045928955
M27A,-1.8799365282058715
M27C,-4.205842638015747
M27D,-2.418522763252258
M27E,-2.563413667678833
M27F,-3.284180736541748
M27G,-1.2412745475769045
M27H,-3.4393364429473885
M27I,-2.9317814826965334
M27K,-3.737298154830933
M27L,-2.198887729644776
M27N,-2.9794837474823
M27P,-2.545022821426392
M27Q,-3.1151744842529303
M27R,-2.8202399253845214
M27S,-1.3335108041763306
M27T,-2.1449914216995243
M27V,-2.070635890960693
M27W,-4.276592016220094
M27Y,-3.5673243045806884
S28A,-4.909017944335939
S28C,-8.00389642715454
S28D,-5.617502498626709
S28E,-5.1919220924377445
S28F,-7.210063648223878
S28G,-5.20594162940979
S28H,-6.985279560089111
S28I,-6.67654504776001
S28K,-6.259836673736572
S28L,-5.8900954246521
S28M,-6.544806861877443
S28N,-5.917640209197997
S28P,-5.478963375091553
S28Q,-6.227297973632813
S28R,-5.934676933288574
S28T,-2.7774888038635246
S28V,-5.871268081665039
S28W,-7.795858192443847
S28Y,-7.417330932617188
G29A,-2.9657842159271235
G29C,-5.824402236938478
G29D,-3.708152341842651
G29E,-3.341788911819458
G29F,-4.551001644134521
G29H,-4.5354231834411625
G29I,-4.078015613555908
G29K,-4.5456945419311525
G29L,-3.147014284133911
G29M,-4.590424919128418
G29N,-4.5095466613769535
G29P,-3.3425278186798097
G29Q,-3.9925700664520254
G29R,-3.931973028182983
G29S,-2.70420298576355
G29T,-3.025887298583984
G29V,-3.057363247871399
G29W,-5.555476379394531
G29Y,-5.0854140281677225
L30A,-2.600147533416748
L30C,-6.35891981124878
L30D,-3.668077850341797
L30E,-3.354629468917847
L30F,-4.887607192993164
L30G,-2.765427684783936
L30H,-4.95157642364502
L30I,-4.4076440811157225
L30K,-4.686468505859375
L30M,-4.400187969207764
L30N,-4.594245576858522
L30P,-3.055059671401977
L30Q,-4.191477251052857
L30R,-4.097388029098512
L30S,-2.798668622970581
L30T,-3.186857509613037
L30V,-3.3814554691314687
L30W,-5.6029645919799815
L30Y,-5.353229141235351
A31C,-5.954578685760497
A31D,-4.025201082229613
A31E,-3.659465074539185
A31F,-4.836153316497803
A31G,-3.0186285018920898
A31H,-4.602828311920166
A31I,-4.465070152282715
A31K,-4.782193660736084
A31L,-3.4482690334320067
A31M,-5.016501426696777
A31N,-4.824560356140137
A31P,-2.9653745174407966
A31Q,-4.034044933319092
A31R,-4.123497581481933
A31S,-3.156303787231445
A31T,-3.868795394897461
A31V,-3.562818765640259
A31W,-4.85069522857666
A31Y,-5.290807437896729
R32A,-2.744526648521424
R32C,-6.000639629364014
R32D,-3.5915299892425536
R32E,-3.201731300354004
R32F,-4.663842725753784
R32G,-2.8654762268066407
R32H,-4.361663293838501
R32I,-4.380367422103882
R32K,-4.058874845504762
R32L,-3.1994872093200684
R32M,-4.406621694564818
R32N,-4.426024580001831
R32P,-2.8771172523498536
R32Q,-3.599108982086181
R32S,-2.607334089279175
R32T,-2.940739107131958
R32V,-3.187882852554321
R32W,-5.213662242889403
R32Y,-4.972452688217163
R33A,-2.402489972114563
R33C,-5.886086463928223
R33D,-2.807444286346436
R33E,-2.7430887699127195
R33F,-4.390833806991576
R33G,-2.51288640499115
R33H,-3.987001657485962
R33I,-3.93415551185608
R33K,-4.057535934448242
R33L,-2.924708890914917
R33M,-4.242845535278319
R33N,-3.68408145904541
R33P,-2.584421277046204
R33Q,-3.617391681671143
R33S,-2.17607958316803
R33T,-2.8303563117980963
R33V,-2.9325592041015627
R33W,-5.3502148628234885
R33Y,-4.638488864898681
S34A,-3.4210109233856203
S34C,-6.431138229370117
S34D,-4.035350799560547
S34E,-3.6620985507965087
S34F,-4.875296878814697
S34G,-3.472899341583252
S34H,-4.944386291503906
S34I,-4.742267894744873
S34K,-4.916296482086182
S34L,-3.622871971130371
S34M,-5.28917179107666
S34N,-5.012568473815918
S34P,-3.2582298278808595
S34Q,-4.3537348270416265
S34R,-4.527191209793091
S34T,-4.036086893081665
S34V,-3.901502084732056
S34W,-6.1721455574035655
S34Y,-5.461514568328856
P35A,-3.660755968093872
P35C,-6.735100078582764
P35D,-4.0261642932891855
P35E,-3.7581235408782967
P35F,-4.631009292602539
P35G,-3.359422779083252
P35H,-4.696018123626709
P35I,-5.038627338409424
P35K,-5.2219232559204105
P35L,-3.508061981201172
P35M,-5.238138866424562
P35N,-5.072065162658691
P35Q,-4.300612783432007
P35R,-4.349750947952272
P35S,-3.1374475479125983
P35T,-4.162815237045288
P35V,-4.070146226882935
P35W,-5.383075428009033
P35Y,-5.34318962097168
R36A,-2.2397084712982176
R36C,-5.846138763427732
R36D,-2.7282980918884285
R36E,-2.655734157562256
R36F,-3.4590902805328367
R36G,-1.938167929649353
R36H,-3.746100902557373
R36I,-3.4795520305633545
R36K,-3.963598728179932
R36L,-2.2805301189422607
R36M,-3.9514156341552735
R36N,-3.7877595901489256
R36P,-2.496363496780396
R36Q,-3.32039737701416
R36S,-1.8232542991638183
R36T,-2.9668492317199706
R36V,-2.5542646408081056
R36W,-4.626893711090088
R36Y,-4.380492496490478
S37A,-3.885489940643311
S37C,-6.821082878112793
S37D,-3.851140069961549
S37E,-3.9867121219635018
S37F,-5.316547107696533
S37G,-3.443273735046387
S37H,-4.739607906341552
S37I,-4.989452362060547
S37K,-4.939731121063232
S37L,-4.066814661026002
S37M,-5.571850967407227
S37N,-4.750036144256592
S37P,-3.8112720966339113
S37Q,-4.5707139015197775
S37R,-4.61036958694458
S37T,-4.299241542816162
S37V,-4.274011993408204
S37W,-6.301553630828858
S37Y,-5.829656314849854
S38A,-3.945874977111816
S38C,-7.739618682861327
S38D,-3.023499584197998
S38E,-3.1936330795288086
S38F,-5.107426357269287
S38G,-3.2282065391540526
S38H,-5.123384189605713
S38I,-5.100218105316162
S38K,-5.345697116851807
S38L,-3.894490098953247
S38M,-5.155604839324951
S38N,-4.7338409423828125
S38P,-4.11167950630188
S38Q,-4.51081075668335
S38R,-5.059248447418213
S38T,-4.263133716583252
S38V,-4.119388341903687
S38W,-6.1333873748779295
S38Y,-5.720992279052735
D39A,-3.369935703277588
D39C,-7.770096874237058
D39E,-3.4086358070373537
D39F,-5.318415546417239
D39G,-2.8255567073822023
D39H,-4.5470517635345455
D39I,-4.839271926879883
D39K,-4.6727614402771
D39L,-3.813221645355225
D39M,-4.986318159103393
D39N,-4.3204731941223145
D39P,-2.997048044204712
D39Q,-3.980470514297485
D39R,-4.451622438430786
D39S,-2.7903616428375244
D39T,-3.680109739303589
D39V,-3.942778015136719
D39W,-6.14786376953125
D39Y,-5.9779376029968265
G40A,-4.276749992370607
G40C,-7.743695259094237
G40D,-4.561134099960327
G40E,-4.295495080947878
G40F,-5.220810031890869
G40H,-5.235426044464111
G40I,-4.514917087554932
G40K,-5.625441265106201
G40L,-3.691809940338135
G40M,-4.756202363967897
G40N,-5.055729579925537
G40P,-4.277469491958618
G40Q,-4.784255313873291
G40R,-5.303049755096437
G40S,-3.6431812286376952
G40T,-4.216046857833862
G40V,-3.894097423553467
G40W,-5.109515142440796
G40Y,-5.371534585952759
K41A,-3.6658960342407214
K41C,-7.254311275482178
K41D,-3.1514498233795165
K41E,-3.430027484893799
K41F,-5.443194341659546
K41G,-2.738894891738892
K41H,-3.5483217716217035
K41I,-5.099435377120972
K41L,-4.190589666366576
K41M,-5.1077467918396
K41N,-2.304451107978821
K41P,-3.4720214366912843
K41Q,-3.2550574779510497
K41R,-3.583860683441162
K41S,-1.9780477523803708
K41T,-3.256697607040405
K41V,-4.231983518600464
K41W,-6.055660581588745
K41Y,-4.783329725265503
L42A,-4.674316501617431
L42C,-8.778627586364745
L42D,-5.037003970146179
L42E,-4.546608304977417
L42F,-4.593567895889282
L42G,-5.4642495155334485
L42H,-6.482052803039551
L42I,-3.738269662857056
L42K,-5.84617338180542
L42M,-3.1491675853729246
L42N,-5.041813373565674
L42P,-5.765856075286865
L42Q,-5.643178367614746
L42R,-6.2669259071350085
L42S,-4.591328525543213
L42T,-3.6537832021713257
L42V,-3.3366135597229003
L42W,-7.220776653289795
L42Y,-5.772556972503662
E43A,-4.269564580917359
E43C,-9.117622470855713
E43D,-4.99851770401001
E43F,-8.344205760955811
E43G,-5.545518970489502
E43H,-7.911819362640381
E43I,-5.8869829177856445
E43K,-7.843846416473387
E43L,-6.31155366897583
E43M,-7.316333484649657
E43N,-6.636257457733152
E43P,-5.789428091049192
E43Q,-6.21969165802002
E43R,-8.347331142425537
E43S,-4.7729848384857165
E43T,-5.019376945495607
E43V,-5.177493667602539
E43W,-7.427252674102784
E43Y,-7.788651752471924
A44C,-7.331948757171631
A44D,-8.323227882385254
A44E,-7.336287212371826
A44F,-4.829408836364746
A44G,-5.769117546081543
A44H,-7.581017684936524
A44I,-3.1197046995162965
A44K,-8.394342994689941
A44L,-3.383328676223755
A44M,-5.041718769073486
A44N,-7.553829479217527
A44P,-5.988193082809447
A44Q,-7.845892524719237
A44R,-9.099135875701904
A44S,-5.477481126785278
A44T,-4.2342705726623535
A44V,-2.6083706855773925
A44W,-7.45708122253418
A44Y,-4.663323020935058
L45A,-5.538055658340454
L45C,-8.587433528900146
L45D,-10.483094787597656
L45E,-8.755719757080078
L45F,-5.079170608520508
L45G,-7.08927640914917
L45H,-10.806073093414307
L45I,-4.698884582519531
L45K,-9.430348777770996
L45M,-4.942424964904785
L45N,-10.340885639190674
L45P,-9.116503715515137
L45Q,-9.372491645812989
L45R,-10.08480110168457
L45S,-7.605201244354247
L45T,-6.7072239875793445
L45V,-3.897935628890991
L45W,-9.34218921661377
L45Y,-7.563216400146482
Y46A,-11.770639801025393
Y46C,-9.762630271911624
Y46D,-12.779746627807615
Y46E,-13.3233793258667
Y46F,-6.98682918548584
Y46G,-12.127080917358398
Y46H,-9.877549743652343
Y46I,-10.338324928283694
Y46K,-13.945467185974119
Y46L,-9.503445434570313
Y46M,-12.049703025817873
Y46N,-11.955759048461914
Y46P,-12.416670417785644
Y46Q,-12.594316864013672
Y46R,-13.621800422668455
Y46S,-10.951819610595702
Y46T,-11.601640701293945
Y46V,-10.438299942016602
Y46W,-10.327523231506348
V47A,-7.023741054534912
V47C,-9.381176567077636
V47D,-14.679655075073242
V47E,-13.705891799926755
V47F,-7.723086833953857
V47G,-9.9049147605896
V47H,-14.258276748657227
V47I,-3.5307918548583985
V47K,-14.281618309020994
V47L,-5.6905756950378406
V47M,-7.369532299041746
V47N,-13.421526908874512
V47P,-11.095349597930909
V47Q,-13.85523624420166
V47R,-14.237545394897461
V47S,-9.463862800598145
V47T,-7.392832851409912
V47W,-11.261708450317382
V47Y,-10.820607566833496
L48A,-8.116516876220704
L48C,-9.912346839904783
L48D,-15.026142501831055
L48E,-13.627132034301756
L48F,-6.7343541145324695
L48G,-9.817226028442382
L48H,-14.348771476745606
L48I,-5.831973934173584
L48K,-13.674777412414553
L48M,-5.9362259864807125
L48N,-13.828379440307618
L48P,-11.491231727600098
L48Q,-12.803374862670898
L48R,-13.97057876586914
L48S,-9.69546890258789
L48T,-8.62584409713745
L48V,-5.61214656829834
L48W,-11.653103637695313
L48Y,-11.250342559814452
M49A,-4.784578275680542
M49C,-5.667370367050171
M49D,-12.122043800354009
M49E,-10.370899772644043
M49F,-3.790938425064087
M49G,-6.384180068969728
M49H,-12.044450092315676
M49I,-2.829071044921875
M49K,-11.719649505615234
M49L,-1.209621512889862
M49N,-11.476648330688475
M49P,-8.566480827331542
M49Q,-10.579752445220947
M49R,-11.93570613861084
M49S,-6.107683753967285
M49T,-5.165020084381103
M49V,-2.290592908859253
M49W,-8.959514904022218
M49Y,-8.47580270767212
V50A,-5.897147464752197
V50C,-9.369569683074953
V50D,-14.64580020904541
V50E,-14.466715621948245
V50F,-7.5186408996582035
V50G,-8.508100605010986
V50H,-15.649838256835938
V50I,-5.025318241119384
V50K,-15.624065780639649
V50L,-5.077811241149902
V50M,-7.057234668731692
V50N,-13.867478561401365
V50P,-11.821337699890135
V50Q,-14.929390144348144
V50R,-15.778745079040528
V50S,-8.767313957214355
V50T,-7.783099842071532
V50W,-12.992605209350586
V50Y,-13.04935245513916
L51A,-6.4618159294128406
L51C,-7.316935253143312
L51D,-14.372744369506837
L51E,-13.787235450744625
L51F,-3.840886092185973
L51G,-9.33600959777832
L51H,-14.513271903991699
L51I,-3.916242980957031
L51K,-14.673658180236814
L51M,-4.727107906341553
L51N,-12.90883560180664
L51P,-12.564634895324707
L51Q,-14.165008163452148
L51R,-15.112669944763185
L51S,-7.683342552185057
L51T,-6.475457096099854
L51V,-3.5651035308837886
L51W,-11.366237449645991
L51Y,-10.660373115539553
G52A,-5.5352705955505375
G52C,-6.8089836120605485
G52D,-13.707218742370605
G52E,-13.643709945678713
G52F,-7.8304518699646
G52H,-15.622517776489255
G52I,-7.15376205444336
G52K,-15.373943901062011
G52L,-7.308406639099121
G52M,-8.71566104888916
G52N,-12.538472557067873
G52P,-12.51693115234375
G52Q,-14.970447540283205
G52R,-14.951979064941408
G52S,-5.259635066986084
G52T,-6.9064531326293945
G52V,-6.449931049346924
G52W,-12.719773864746092
G52Y,-13.425226211547852
F53A,-8.084833812713622
F53C,-7.3509903907775875
F53D,-16.26811695098877
F53E,-16.303998947143555
F53G,-9.856313705444336
F53H,-15.170616912841798
F53I,-5.578861427307129
F53K,-16.36797504425049
F53L,-4.884539604187012
F53M,-6.569963836669923
F53N,-14.201989936828616
F53P,-13.534992980957036
F53Q,-15.567458534240725
F53R,-15.953937149047851
F53S,-8.919325828552246
F53T,-8.711321926116943
F53V,-5.430074977874756
F53W,-11.814883613586426
F53Y,-11.223998641967773
F54A,-8.823753929138181
F54C,-7.948594856262207
F54D,-16.420888900756836
F54E,-16.27963466644287
F54G,-10.536643409729004
F54H,-12.740802764892578
F54I,-6.0910040855407726
F54K,-16.260217475891114
F54L,-5.509725284576416
F54M,-7.902219581604004
F54N,-13.703102111816404
F54P,-13.62396011352539
F54Q,-14.00366497039795
F54R,-16.286939811706542
F54S,-9.060435485839843
F54T,-9.004518604278564
F54V,-6.675673484802246
F54W,-9.92516498565674
F54Y,-6.46286449432373
G55A,-4.839932155609131
G55C,-6.838521385192872
G55D,-14.913270568847654
G55E,-14.419262313842776
G55F,-8.188341522216797
G55H,-15.52303352355957
G55I,-7.69027156829834
G55K,-15.496205902099607
G55L,-7.2260887145996096
G55M,-8.924215030670164
G55N,-12.918544006347654
G55P,-12.84001579284668
G55Q,-14.972865295410154
G55R,-15.039753341674805
G55S,-4.578971481323242
G55T,-6.311593914031983
G55V,-6.851251029968263
G55W,-12.762565612792967
G55Y,-13.226557922363279
F56A,-6.779686069488525
F56C,-7.44086389541626
F56D,-16.670605659484867
F56E,-16.079439544677733
F56G,-9.92235107421875
F56H,-14.690344619750974
F56I,-4.3044155120849625
F56K,-15.56437931060791
F56L,-3.9777825355529774
F56M,-6.213876342773437
F56N,-13.988707733154294
F56P,-13.259359741210938
F56Q,-15.000184631347654
F56R,-16.119720458984375
F56S,-8.779548263549804
F56T,-7.367076683044432
F56V,-4.214189720153809
F56W,-12.278404045104981
F56Y,-11.087375259399414
F57A,-10.022589492797852
F57C,-8.209811687469482
F57D,-19.117101287841802
F57E,-17.734508895874022
F57G,-12.416150665283206
F57H,-16.288227462768553
F57I,-7.545302963256836
F57K,-18.61364250183105
F57L,-6.775653934478759
F57M,-10.082671546936037
F57N,-16.13110523223877
F57P,-14.401610374450685
F57Q,-16.656285858154302
F57R,-17.585690879821776
F57S,-10.329604148864746
F57T,-10.592338466644287
F57V,-8.187997531890867
F57W,-11.989559364318847
F57Y,-10.55419979095459
T58A,-5.404926013946533
T58C,-7.649204254150391
T58D,-15.245349884033205
T58E,-14.455784606933596
T58F,-7.790823841094973
T58G,-8.063650131225586
T58H,-14.10288143157959
T58I,-5.523197937011719
T58K,-14.64599838256836
T58L,-6.0806795120239245
T58M,-6.89802360534668
T58N,-11.488571739196775
T58P,-11.108107376098634
T58Q,-12.655849647521972
T58R,-14.671693992614744
T58S,-5.0464235782623295
T58V,-5.671272850036621
T58W,-12.408053016662596
T58Y,-12.247440147399905
L59A,-4.837429141998291
L59C,-7.254965972900393
L59D,-15.455606460571287
L59E,-14.604000091552734
L59F,-4.5548176765441895
L59G,-7.692167091369629
L59H,-14.855438613891602
L59I,-4.274650192260742
L59K,-14.32061004638672
L59M,-5.392028713226319
L59N,-12.56578369140625
L59P,-12.742423820495606
L59Q,-13.86047134399414
L59R,-14.61306838989258
L59S,-6.884517288208008
L59T,-5.7796426773071286
L59V,-3.6108119010925295
L59W,-11.273271179199215
L59Y,-11.446678352355955
G60A,-5.652952194213867
G60C,-9.346622657775876
G60D,-13.212229919433591
G60E,-13.804511451721195
G60F,-10.499065971374511
G60H,-14.132157325744627
G60I,-9.848589992523193
G60K,-13.996949768066404
G60L,-9.557497024536133
G60M,-11.11653175354004
G60N,-12.196403312683106
G60P,-14.268653678894045
G60Q,-14.40876636505127
G60R,-11.65072555541992
G60S,-8.043819618225097
G60T,-9.500243759155273
G60V,-8.761539268493653
G60W,-12.300335311889649
G60Y,-12.968729782104493
I61A,-10.346380996704102
I61C,-12.557382774353027
I61D,-17.097484588623047
I61E,-17.006904602050778
I61F,-10.828660583496092
I61G,-13.626394844055175
I61H,-15.987304496765134
I61K,-15.785198593139649
I61L,-7.989977931976317
I61M,-9.025070571899414
I61N,-14.336963844299314
I61P,-15.368454933166506
I61Q,-15.923284530639648
I61R,-15.467578125
I61S,-12.393658828735347
I61T,-10.052188491821287
I61V,-5.7533766746521
I61W,-15.09655532836914
I61Y,-14.691888999938964
M62A,-6.709912204742433
M62C,-8.223781204223632
M62D,-15.097874450683596
M62E,-14.33128719329834
M62F,-6.3351576805114735
M62G,-8.840119552612304
M62H,-12.960014152526856
M62I,-4.679508876800537
M62K,-12.203876495361328
M62L,-4.172685432434082
M62N,-12.23548526763916
M62P,-13.479274940490722
M62Q,-12.369991111755375
M62R,-11.25278148651123
M62S,-8.114741134643555
M62T,-5.89181489944458
M62V,-4.8534457206726085
M62W,-10.910036087036133
M62Y,-10.369879722595217
L63A,-9.12730598449707
L63C,-9.313611602783203
L63D,-16.370074272155758
L63E,-15.344583702087402
L63F,-6.628943920135497
L63G,-11.211354637145996
L63H,-12.108646392822266
L63I,-6.447359561920166
L63K,-12.66648826599121
L63M,-7.668033313751223
L63N,-12.838798904418946
L63P,-14.884836578369141
L63Q,-12.208744621276855
L63R,-10.957690715789797
L63S,-10.64585075378418
L63T,-9.921637535095217
L63V,-6.809392738342285
L63W,-9.904682064056397
L63Y,-9.541165351867676
S64A,-5.984312868118286
S64C,-7.872143459320067
S64D,-12.745565795898438
S64E,-12.885904502868652
S64F,-9.325005054473877
S64G,-5.661125755310057
S64H,-9.752063751220703
S64I,-9.389087104797364
S64K,-9.617054176330566
S64L,-8.95222520828247
S64M,-9.849542045593262
S64N,-8.302323341369629
S64P,-12.001214408874512
S64Q,-10.14034957885742
S64R,-8.378407859802246
S64T,-7.420175647735594
S64V,-9.059670400619506
S64W,-11.017294883728027
S64Y,-10.140836524963381
Y65A,-11.826749992370605
Y65C,-8.592801189422607
Y65D,-14.564428520202634
Y65E,-15.064023208618163
Y65F,-7.552192211151122
Y65G,-13.030398941040039
Y65H,-6.95470027923584
Y65I,-10.403723239898682
Y65K,-11.01591444015503
Y65L,-10.28203763961792
Y65M,-11.70697250366211
Y65N,-9.845254516601562
Y65P,-16.462168312072755
Y65Q,-11.25190258026123
Y65R,-8.884141731262208
Y65S,-10.19025764465332
Y65T,-11.126749801635745
Y65V,-10.484412479400637
Y65W,-10.83474702835083
I66A,-8.799431610107423
I66C,-8.914333152770999
I66D,-13.842658042907715
I66E,-13.216160583496096
I66F,-7.552981853485107
I66G,-11.733671760559082
I66H,-10.405916976928713
I66K,-9.773581314086917
I66L,-5.399215507507324
I66M,-6.704081726074219
I66N,-10.347707366943359
I66P,-14.190455055236814
I66Q,-10.408660793304444
I66R,-9.002757358551026
I66S,-9.693069458007812
I66T,-8.428872203826904
I66V,-4.977151489257811
I66W,-9.249077129364014
I66Y,-9.559200191497805
R67A,-10.736280536651618
R67C,-7.726302433013916
R67D,-14.584673118591304
R67E,-13.179077339172366
R67F,-10.42420310974121
R67G,-10.64776382446289
R67H,-8.302903747558593
R67I,-10.794576930999757
R67K,-5.682711124420166
R67L,-9.80942440032959
R67M,-10.699176788330078
R67N,-10.131668186187744
R67P,-13.675323677062988
R67Q,-8.265905380249022
R67S,-8.863822746276856
R67T,-10.014095973968503
R67V,-11.175198936462404
R67W,-9.543174648284912
R67Y,-9.866042041778565
S68A,-5.669406318664551
S68C,-7.28959436416626
S68D,-12.015810012817385
S68E,-12.573238182067875
S68F,-10.08629207611084
S68G,-7.904050588607787
S68H,-9.684507751464844
S68I,-9.730472755432126
S68K,-8.892679405212402
S68L,-9.889059257507324
S68M,-10.497876739501953
S68N,-8.243547344207764
S68P,-11.30416202545166
S68Q,-10.618796348571776
S68R,-8.251983833312988
S68T,-7.199060249328612
S68V,-9.445150756835938
S68W,-11.152382850646973
S68Y,-9.865527725219726
K69A,-10.036843395233154
K69C,-10.03838062286377
K69D,-13.024033546447756
K69E,-11.435792922973633
K69F,-11.643253707885744
K69G,-11.047819137573242
K69H,-8.629740333557129
K69I,-10.308906745910644
K69L,-10.165970039367675
K69M,-10.089888191223144
K69N,-8.806547260284422
K69P,-13.50955696105957
K69Q,-8.060539817810058
K69R,-5.100254249572754
K69S,-8.952836894989014
K69T,-9.42666711807251
K69V,-10.095946979522703
K69W,-11.094248962402343
K69Y,-10.658895492553713
K70A,-8.091421699523925
K70C,-8.46285696029663
K70D,-10.269334983825683
K70E,-9.360754108428958
K70F,-9.333860301971436
K70G,-8.907657909393311
K70H,-7.028372097015381
K70I,-8.87729434967041
K70L,-8.018857526779176
K70M,-8.498356056213378
K70N,-7.524842357635497
K70P,-10.518858337402344
K70Q,-6.153724002838135
K70R,-3.0727869987487795
K70S,-7.52917070388794
K70T,-8.26511583328247
K70V,-8.692951774597168
K70W,-9.123528099060056
K70Y,-8.33930401802063
L71A,-8.548880577087402
L71C,-10.192122554779052
L71D,-11.138924598693848
L71E,-9.827302169799804
L71F,-8.32906370162964
L71G,-10.43864803314209
L71H,-8.482071018218994
L71I,-6.923067188262937
L71K,-6.472817420959473
L71M,-6.601928997039795
L71N,-9.069664478302002
L71P,-9.603493595123293
L71Q,-7.196283054351808
L71R,-5.626767444610597
L71S,-8.638791942596436
L71T,-8.456073760986326
L71V,-7.65149450302124
L71W,-9.009696578979492
L71Y,-9.157036972045898
E72A,-8.418587779998779
E72C,-12.272707748413088
E72D,-6.73106746673584
E72F,-12.235110092163088
E72G,-9.310451602935787
E72H,-9.889597225189213
E72I,-10.547848510742188
E72K,-8.01835651397705
E72L,-10.00766658782959
E72M,-10.887901782989502
E72N,-9.57857255935669
E72P,-11.32076301574707
E72Q,-7.411342811584473
E72R,-9.020253562927246
E72S,-9.42956600189209
E72T,-10.197784328460694
E72V,-9.66561164855957
E72W,-13.206679153442385
E72Y,-11.719546508789062
H73A,-4.556365227699279
H73C,-6.643079280853272
H73D,-5.391336393356323
H73E,-5.688503074645996
H73F,-7.415310192108152
H73G,-6.358576107025146
H73I,-6.638395023345947
H73K,-4.065796875953675
H73L,-5.93827600479126
H73M,-6.600239849090576
H73N,-3.462381768226624
H73P,-6.306137895584106
H73Q,-4.394757461547852
H73R,-3.714414644241333
H73S,-4.03759126663208
H73T,-4.895858955383301
H73V,-6.22276382446289
H73W,-8.495281982421876
H73Y,-5.557025718688965
S74A,-5.430673360824585
S74C,-7.433193111419678
S74D,-8.094691753387451
S74E,-7.635631465911866
S74F,-7.963556957244871
S74G,-7.395108127593994
S74H,-7.131473541259768
S74I,-7.374709224700927
S74K,-5.763792276382446
S74L,-6.570966720581055
S74M,-7.403370237350463
S74N,-6.139352512359619
S74P,-7.0258910179138185
S74Q,-6.314006090164185
S74R,-5.056917381286621
S74T,-4.5333117008209225
S74V,-7.173038578033447
S74W,-9.704356098175053
S74Y,-8.15903549194336
N75A,-3.954691743850708
N75C,-4.899875545501709
N75D,-5.493438720703125
N75E,-5.142142105102539
N75F,-4.607327461242676
N75G,-5.334685134887695
N75H,-0.9731434106826782
N75I,-5.816483211517334
N75K,-3.9683544158935553
N75L,-3.753977632522583
N75M,-5.376871776580812
N75P,-4.678796195983887
N75Q,-2.3111204624176027
N75R,-1.7728531956672668
N75S,-3.1981236219406126
N75T,-4.185511493682862
N75V,-5.197460651397705
N75W,-5.968938732147218
N75Y,-2.8970306515693665
D76A,-9.170851516723634
D76C,-10.529440116882324
D76E,-8.009204864501951
D76F,-10.74122438430786
D76G,-9.967706871032712
D76H,-8.522182464599611
D76I,-10.570188426971436
D76K,-9.916648292541504
D76L,-10.190694904327392
D76M,-10.99723949432373
D76N,-5.7786609649658205
D76P,-11.030653190612792
D76Q,-9.872350025177004
D76R,-9.873652935028076
D76S,-7.57567834854126
D76T,-8.773937606811524
D76V,-9.6946457862854
D76W,-13.796282386779785
D76Y,-9.133484268188477
P77A,-7.786913681030272
P77C,-11.17680778503418
P77D,-10.571881866455078
P77E,-9.993235301971435
P77F,-11.229666042327883
P77G,-10.72938404083252
P77H,-9.965534591674805
P77I,-9.332338333129883
P77K,-9.654653739929199
P77L,-8.696557235717773
P77M,-10.179142379760744
P77N,-10.497633934020996
P77Q,-9.334107971191406
P77R,-8.453392791748048
P77S,-8.292984104156494
P77T,-8.89328556060791
P77V,-8.866807651519775
P77W,-13.310055541992188
P77Y,-11.280446720123287
F78A,-9.153127288818359
F78C,-8.074096012115481
F78D,-9.777917766571042
F78E,-9.687191009521484
F78G,-10.525625228881836
F78H,-6.797491359710692
F78I,-8.372385120391845
F78K,-9.700987434387207
F78L,-6.294928312301638
F78M,-8.48299856185913
F78N,-8.586045074462891
F78P,-10.734248161315918
F78Q,-8.781171417236328
F78R,-8.971265888214111
F78S,-8.660823249816895
F78T,-9.455243396759034
F78V,-8.637523746490478
F78W,-8.718168449401855
F78Y,-2.262941694259644
N79A,-6.064854574203491
N79C,-7.519691944122314
N79D,-6.57337007522583
N79E,-6.979220676422119
N79F,-8.067541694641113
N79G,-7.064556741714478
N79H,-3.8495917797088617
N79I,-8.117508697509766
N79K,-4.5348487854003885
N79L,-7.049797105789184
N79M,-8.060042572021484
N79P,-8.166102027893066
N79Q,-4.965084409713745
N79R,-4.996367502212523
N79S,-4.744991827011108
N79T,-5.8526397228240965
N79V,-7.614170598983764
N79W,-10.298787117004396
N79Y,-6.317441749572754
V80A,-5.213268709182738
V80C,-7.5282634735107425
V80D,-6.637375545501709
V80E,-5.354315042495728
V80F,-6.544365262985227
V80G,-7.669278526306153
V80H,-5.908249950408933
V80I,-3.705370140075684
V80K,-5.443073749542236
V80L,-4.681290340423584
V80M,-5.230995273590088
V80N,-5.489392614364624
V80P,-6.122600460052492
V80Q,-4.867032909393312
V80R,-5.238083600997925
V80S,-5.29901270866394
V80T,-3.899494123458864
V80W,-9.961862182617187
V80Y,-6.376874017715454
Y81A,-9.617488288879397
Y81C,-9.02421817779541
Y81D,-10.077788925170898
Y81E,-10.29833345413208
Y81F,-5.698478698730469
Y81G,-11.089293384552002
Y81H,-7.787141132354736
Y81I,-10.141830348968506
Y81K,-10.771231651306152
Y81L,-9.02858304977417
Y81M,-10.719419860839844
Y81N,-9.557666683197024
Y81P,-10.743916893005373
Y81Q,-9.914794063568118
Y81R,-10.276532745361328
Y81S,-9.107287406921387
Y81T,-9.96877145767212
Y81V,-9.692870235443118
Y81W,-8.451415348052981
I82A,-5.078752899169922
I82C,-7.773913669586181
I82D,-7.014348793029785
I82E,-5.832823324203491
I82F,-6.657402515411378
I82G,-6.645871973037719
I82H,-7.284003639221193
I82K,-6.631497573852539
I82L,-4.640545606613159
I82M,-4.976951026916504
I82N,-6.456034994125366
I82P,-7.041162300109862
I82Q,-6.403246593475343
I82R,-6.624987697601317
I82S,-5.677386331558227
I82T,-5.117831134796144
I82V,-4.110348796844482
I82W,-8.083811378479004
I82Y,-6.3765772819519055
E83A,-4.012736177444458
E83C,-6.337177562713622
E83D,-4.60202112197876
E83F,-6.733282160758972
E83G,-5.664145803451537
E83H,-5.529894638061523
E83I,-6.100605630874634
E83K,-5.360591697692871
E83L,-6.133661365509032
E83M,-6.583647918701173
E83N,-4.489500284194946
E83P,-4.756015920639038
E83Q,-4.854786491394043
E83R,-5.9397672653198255
E83S,-3.592173886299133
E83T,-3.8763562440872192
E83V,-5.306787061691284
E83W,-8.656937980651856
E83Y,-5.52313883304596
S84A,-4.276595640182495
S84C,-6.308368682861327
S84D,-4.116458797454834
S84E,-3.253023862838745
S84F,-6.912573146820067
S84G,-4.491804313659668
S84H,-5.208654260635376
S84I,-6.186738014221191
S84K,-4.223474645614624
S84L,-5.592423248291017
S84M,-5.584365558624269
S84N,-3.969117784500122
S84P,-4.867674732208252
S84Q,-4.404547500610351
S84R,-4.7214714050292965
S84T,-3.8238226890563967
S84V,-5.348531007766724
S84W,-7.427261447906494
S84Y,-5.527764749526979
D85A,-4.474013757705689
D85C,-6.288161373138427
D85E,-3.086736536026001
D85F,-6.836710262298584
D85G,-4.9455398559570325
D85H,-5.500969457626343
D85I,-5.649114274978638
D85K,-4.356044435501099
D85L,-4.777916884422302
D85M,-5.819451141357424
D85N,-4.861040210723877
D85P,-4.394405174255371
D85Q,-4.285433387756346
D85R,-5.033929538726807
D85S,-4.131665325164795
D85T,-4.821414136886597
D85V,-4.685433578491211
D85W,-7.897293472290039
D85Y,-6.357301044464111
A86C,-3.841849279403687
A86D,-1.216378402709961
A86E,-2.2550209999084467
A86F,-2.9502188205719
A86G,-3.065168523788452
A86H,-3.3069159507751467
A86I,-3.7155184745788574
A86K,-3.871532201766968
A86L,-3.111570453643799
A86M,-4.470779228210449
A86N,-2.9961976528167726
A86P,-3.7222779750823975
A86Q,-3.4457259654998778
A86R,-3.885548543930054
A86S,-2.5974590301513683
A86T,-3.452074146270752
A86V,-3.3598684787750246
A86W,-4.184661674499512
A86Y,-1.7927032470703126
W87A,-3.5051025390625
W87C,-4.9950956344604505
W87D,-3.665371036529541
W87E,-2.8957114696502684
W87F,-3.7287877559661866
W87G,-3.8059319257736206
W87H,-4.6841095924377445
W87I,-4.013029861450195
W87K,-4.137399411201477
W87L,-2.8447213888168337
W87M,-4.276239228248596
W87N,-4.410907244682312
W87P,-3.8450958490371705
W87Q,-3.69687819480896
W87R,-4.108345484733581
W87S,-3.379078722000122
W87T,-4.054849028587341
W87V,-3.6477356910705567
W87Y,-4.050805187225341
Q88A,-3.4629446506500243
Q88C,-5.340408229827881
Q88D,-3.5164843082427977
Q88E,-2.8083988189697267
Q88F,-5.062725830078125
Q88G,-3.711322498321533
Q88H,-4.561966419219972
Q88I,-4.330905532836914
Q88K,-3.429800271987915
Q88L,-3.2770708084106444
Q88M,-4.083003139495848
Q88N,-4.305137252807617
Q88P,-3.7727065086364746
Q88R,-3.6464317798614494
Q88S,-3.5562729358673097
Q88T,-3.8014953136444087
Q88V,-3.690809631347656
Q88W,-5.934710216522218
Q88Y,-4.794356155395508
E89A,-4.1740309715271
E89C,-6.302325057983397
E89D,-4.172637128829956
E89F,-6.101790714263916
E89G,-4.310372543334961
E89H,-5.217501926422119
E89I,-5.607633590698242
E89K,-4.170359992980957
E89L,-4.607875061035156
E89M,-5.352552223205566
E89N,-4.667320823669433
E89P,-4.108637905120848
E89Q,-4.270991373062134
E89R,-4.468445825576782
E89S,-4.027307939529419
E89T,-4.611389923095703
E89V,-4.913880252838135
E89W,-6.406441879272461
E89Y,-5.641824436187744
K90A,-3.502411794662476
K90C,-5.617756748199463
K90D,-3.480496406555176
K90E,-2.8581252098083496
K90F,-5.235612487792968
K90G,-3.243305206298828
K90H,-4.689284610748291
K90I,-5.0325889587402335
K90L,-3.9114048004150392
K90M,-4.603337097167969
K90N,-4.211189126968383
K90P,-3.807481479644777
K90Q,-3.506683969497681
K90R,-3.6049254894256593
K90S,-3.6457837581634513
K90T,-4.0904933452606205
K90V,-4.245063066482544
K90W,-6.5509684562683095
K90Y,-4.9246617317199695
D91A,-3.946875190734864
D91C,-5.838652420043945
D91E,-2.7742780685424804
D91F,-6.174037265777588
D91G,-3.92093505859375
D91H,-4.467243814468384
D91I,-5.144192314147949
D91K,-3.673287439346313
D91L,-4.266231870651245
D91M,-4.975203418731692
D91N,-3.9771932125091554
D91P,-3.856799983978272
D91Q,-3.489873695373535
D91R,-3.584140634536744
D91S,-3.822895908355713
D91T,-4.223149108886719
D91V,-4.387764501571655
D91W,-6.452279949188233
D91Y,-5.72139720916748
K92A,-2.9243327617645263
K92C,-4.689194011688231
K92D,-2.8068005561828606
K92E,-2.4615450620651247
K92F,-4.13214635848999
K92G,-3.240939474105835
K92H,-4.183554458618164
K92I,-3.967706680297852
K92L,-3.058440065383911
K92M,-3.942696189880371
K92N,-3.54511137008667
K92P,-2.98619327545166
K92Q,-3.380468654632568
K92R,-3.3559977054595937
K92S,-3.0065813541412347
K92T,-3.4630393028259285
K92V,-3.4139333248138426
K92W,-5.041438865661621
K92Y,-4.141471481323242
A93C,-4.939036464691162
A93D,-3.240059804916382
A93E,-2.8416466236114504
A93F,-4.178917026519775
A93G,-3.795271062850952
A93H,-4.278496742248535
A93I,-3.7203112602233888
A93K,-3.775209331512451
A93L,-2.608243227005005
A93M,-4.14125247001648
A93N,-3.876417875289917
A93P,-3.6774023056030254
A93Q,-3.791362476348877
A93R,-3.955223798751831
A93S,-3.318713474273681
A93T,-3.8091708183288575
A93V,-3.3759729385375983
A93W,-6.058272933959961
A93Y,-4.136808586120607
Y94A,-0.5411321640014648
Y94C,-3.1708569049835207
Y94D,-1.4407608509063718
Y94E,-0.5708588838577271
Y94F,-2.54955153465271
Y94G,-1.6993751525878906
Y94H,-2.751768159866333
Y94I,-1.6889626026153564
Y94K,-1.550155019760132
Y94L,-0.4761858463287354
Y94M,-1.5865914344787595
Y94N,-2.208931064605713
Y94P,-1.5428235054016113
Y94Q,-1.511112117767334
Y94R,-1.7846390247344968
Y94S,-1.0653839588165284
Y94T,-1.400196647644043
Y94V,-1.002152729034424
Y94W,-3.445284986495972
V95A,-2.8969769954681395
V95C,-4.494183921813965
V95D,-3.555566596984863
V95E,-2.699150276184082
V95F,-3.9845092296600337
V95G,-3.3618982315063475
V95H,-3.6930868148803713
V95I,-3.668286609649658
V95K,-3.5380241870880127
V95L,-2.5519295215606688
V95M,-3.9008082866668703
V95N,-3.717299032211304
V95P,-3.495222473144531
V95Q,-2.9553542137146
V95R,-3.3119796752929687
V95S,-2.609698009490967
V95T,-3.178026008605957
V95W,-4.6392481327056885
V95Y,-3.998401927947998
Q96A,-3.053210020065308
Q96C,-5.062652969360352
Q96D,-3.220507574081421
Q96E,-2.31793088912964
Q96F,-4.840708827972412
Q96G,-3.717748880386353
Q96H,-4.544915676116943
Q96I,-3.789098310470581
Q96K,-3.1701469898223875
Q96L,-2.992620277404785
Q96M,-3.43321008682251
Q96N,-3.5501531124114982
Q96P,-3.1184011936187743
Q96R,-3.694527101516724
Q96S,-2.874623727798462
Q96T,-2.992871189117432
Q96V,-3.1819044589996337
Q96W,-5.520554637908933
Q96Y,-5.178515815734864
A97C,-5.110117721557617
A97D,-3.674941635131837
A97E,-2.949307489395141
A97F,-4.9742227554321286
A97G,-3.7713160514831534
A97H,-4.2502534866333015
A97I,-4.071235132217407
A97K,-3.674035501480103
A97L,-3.063021183013916
A97M,-4.069048166275024
A97N,-3.69328408241272
A97P,-3.0410552978515626
A97Q,-3.2970942974090582
A97R,-3.701980066299439
A97S,-3.048042631149292
A97T,-3.453452634811401
A97V,-3.389647054672241
A97W,-6.430512619018555
A97Y,-5.066705894470215
R98A,-2.5053939819335938
R98C,-4.595111751556397
R98D,-3.214384651184082
R98E,-2.6781137943267823
R98F,-4.631344890594481
R98G,-3.143844652175903
R98H,-3.915171623229982
R98I,-3.635124015808105
R98K,-2.865592432022096
R98L,-2.8296305179595937
R98M,-3.796567153930664
R98N,-3.355661630630493
R98P,-2.355403089523316
R98Q,-2.9759573459625246
R98S,-2.4742919921875
R98T,-2.6249088764190684
R98V,-2.7417908668518067
R98W,-5.975699615478518
R98Y,-4.834024143218994
V99A,-3.3419398784637453
V99C,-5.069987487792969
V99D,-3.6020260334014886
V99E,-3.346482181549072
V99F,-4.6747299194335925
V99G,-3.0759766578674315
V99H,-4.25800347328186
V99I,-3.88636155128479
V99K,-3.630207347869873
V99L,-3.094185781478882
V99M,-4.325488376617432
V99N,-3.7489508152008058
V99P,-3.483137035369873
V99Q,-3.7098677158355713
V99R,-3.6381204605102537
V99S,-2.862917280197144
V99T,-3.3056232929229736
V99W,-6.263782691955568
V99Y,-5.0404309272766135
L100A,-4.042001676559448
L100C,-5.597320461273194
L100D,-4.716219139099121
L100E,-3.959581136703491
L100F,-5.509350967407227
L100G,-4.742038822174072
L100H,-5.5686956405639645
L100I,-4.798089981079102
L100K,-4.57856011390686
L100M,-4.546849536895752
L100N,-4.7621927738189695
L100P,-4.105651140213014
L100Q,-4.434745216369629
L100R,-4.734849309921263
L100S,-3.95639705657959
L100T,-4.355662679672241
L100V,-4.224467325210571
L100W,-6.723590660095215
L100Y,-5.760781764984131
E101A,-4.1479889869689925
E101C,-5.560133838653567
E101D,-3.589817523956299
E101F,-5.748862838745117
E101G,-3.790389204025269
E101H,-4.711121463775635
E101I,-5.5080770492553714
E101K,-4.487116432189941
E101L,-4.723506832122803
E101M,-5.833996677398683
E101N,-4.186910009384155
E101P,-3.6099998474121096
E101Q,-4.247412109375
E101R,-4.421091079711914
E101S,-3.377522373199463
E101T,-4.3761495590209964
E101V,-4.775880813598633
E101W,-7.256023406982423
E101Y,-5.724973964691162
S102A,-3.902366542816162
S102C,-5.562238883972168
S102D,-3.8846921443939215
S102E,-3.56182074546814
S102F,-5.68902473449707
S102G,-3.753626012802124
S102H,-4.7544386863708485
S102I,-4.838096332550049
S102K,-3.885444498062134
S102L,-4.197952890396119
S102M,-4.303332710266114
S102N,-3.730677366256714
S102P,-4.187645196914674
S102Q,-4.156744718551637
S102R,-4.299971437454223
S102T,-3.756452226638794
S102V,-4.444736576080322
S102W,-7.219295883178711
S102Y,-5.8387682914733885
Y103A,-2.1815046310424804
Y103C,-3.1939502239227293
Y103D,-1.9498816967010493
Y103E,-1.2869757413864136
Y103F,-3.1515864849090582
Y103G,-1.7927212238311767
Y103H,-2.8151401519775385
Y103I,-2.638859987258911
Y103K,-2.2957929611206054
Y103L,-1.4455012798309326
Y103M,-2.855844593048096
Y103N,-2.3720012664794923
Y103P,-1.7997482061386108
Y103Q,-1.7833722352981567
Y103R,-2.3382396697998047
Y103S,-1.2313491821289062
Y103T,-2.0519830226898192
Y103V,-2.1063491344451903
Y103W,-4.187580680847168
R104A,-4.061399030685425
R104C,-4.7951406002044665
R104D,-3.3388901710510246
R104E,-3.4731454849243164
R104F,-5.219714641571045
R104G,-3.1853728294372563
R104H,-4.312298440933228
R104I,-4.665424251556397
R104K,-3.3026708602905286
R104L,-3.944305896759033
R104M,-5.16076364517212
R104N,-3.5477024078369133
R104P,-3.3242420673370363
R104Q,-3.7869598865509033
R104S,-3.025970125198364
R104T,-3.826063394546509
R104V,-4.247421646118164
R104W,-6.476254844665528
R104Y,-5.275234508514403
S105A,-3.8921894073486327
S105C,-4.955727291107178
S105D,-3.1852607250213625
S105E,-3.1345473766326903
S105F,-5.338323497772217
S105G,-3.930374097824097
S105H,-4.484008550643921
S105I,-4.477903413772583
S105K,-4.026683092117311
S105L,-3.934009933471681
S105M,-5.145334625244142
S105N,-3.3739507675170897
S105P,-3.372086238861084
S105Q,-3.9995779514312746
S105R,-4.182212209701538
S105T,-3.819761896133424
S105V,-3.67887797355652
S105W,-6.882211685180664
S105Y,-5.450583553314209
C106A,-2.0561169147491456
C106D,-2.2555286407470705
C106E,-2.115057468414306
C106F,-3.20850830078125
C106G,-2.3965649604797363
C106H,-2.62191174030304
C106I,-1.7071131229400636
C106K,-2.0618411302566533
C106L,-1.6091076612472537
C106M,-2.7450793981552124
C106N,-2.076985573768616
C106P,-2.039007568359375
C106Q,-2.066251873970032
C106R,-2.248379588127136
C106S,-1.406825804710388
C106T,-1.399202561378479
C106V,-1.2109676361083983
C106W,-5.473062515258789
C106Y,-3.4404239654541016
Y107A,-1.783140730857849
Y107C,-2.652452039718628
Y107D,-2.1777384281158447
Y107E,-1.7692091703414916
Y107F,-3.0396662235260017
Y107G,-1.9540032386779784
Y107H,-2.436852502822876
Y107I,-2.3684042930603018
Y107K,-2.1083319664001463
Y107L,-1.376081895828247
Y107M,-2.8797419548034666
Y107N,-2.1639546394348144
Y107P,-1.2826391458511353
Y107Q,-1.8827175140380856
Y107R,-2.102589797973633
Y107S,-0.963540744781494
Y107T,-1.6438592195510864
Y107V,-1.6405214071273804
Y107W,-4.412403011322022
V108A,-3.377675437927246
V108C,-4.728362560272217
V108D,-3.574989414215088
V108E,-3.4088330268859863
V108F,-4.550924968719484
V108G,-3.6467082023620607
V108H,-4.485577964782715
V108I,-3.9225461006164553
V108K,-4.088539505004883
V108L,-3.4524291515350343
V108M,-4.6395539283752445
V108N,-3.9178768157958985
V108P,-3.2869283676147463
V108Q,-3.9578891754150383
V108R,-4.147210025787354
V108S,-2.8487857341766363
V108T,-3.2797315120697017
V108W,-5.356529474258423
V108Y,-4.787171077728272
V109A,-3.2241446495056154
V109C,-4.3140153884887695
V109D,-3.083085823059082
V109E,-2.553611660003662
V109F,-4.616598320007324
V109G,-3.5347919940948485
V109H,-4.1430075645446784
V109I,-3.9982341766357417
V109K,-3.1973100185394285
V109L,-2.9352763652801515
V109M,-3.8643110275268553
V109N,-3.4152332305908204
V109P,-2.5883293628692625
V109Q,-3.028977632522583
V109R,-3.6626439094543457
V109S,-2.761536407470703
V109T,-3.0814374446868897
V109W,-5.672342777252197
V109Y,-4.448352718353272
E110A,-3.779742002487183
E110C,-4.953401470184327
E110D,-3.680573558807373
E110F,-4.8960553169250485
E110G,-3.583438777923584
E110H,-4.524128818511963
E110I,-3.856493139266969
E110K,-4.216007614135743
E110L,-3.2360158920288087
E110M,-4.2767746448516855
E110N,-3.660231256484985
E110P,-3.1419602394104005
E110Q,-3.908246898651123
E110R,-4.255000877380371
E110S,-3.1829573631286623
E110T,-3.57886118888855
E110V,-3.3039446353912347
E110W,-6.58639497756958
E110Y,-4.883091449737549
N111A,-3.715052843093872
N111C,-4.978937339782715
N111D,-2.9762086391448976
N111E,-2.548635244369507
N111F,-5.842262077331543
N111G,-3.0290912628173827
N111H,-4.302643489837647
N111I,-5.045528793334961
N111K,-3.4339816570281982
N111L,-4.401059246063231
N111M,-5.328609561920166
N111P,-2.906260299682617
N111Q,-3.5999394893646235
N111R,-3.748677730560303
N111S,-3.1192360877990724
N111T,-3.410914087295532
N111V,-4.140977621078491
N111W,-7.09129810333252
N111Y,-5.621537876129152
H112A,-2.6162667274475098
H112C,-3.81702241897583
H112D,-2.4292719841003416
H112E,-2.267633533477784
H112F,-4.022177505493164
H112G,-2.2305816173553468
H112I,-2.940999841690064
H112K,-2.585470104217529
H112L,-2.747205352783203
H112M,-3.86737003326416
H112N,-2.637461280822754
H112P,-2.067508316040039
H112Q,-2.884001064300537
H112R,-3.023361825942993
H112S,-2.0191274166107176
H112T,-2.3346835136413566
H112V,-2.431444597244264
H112W,-5.350640869140625
H112Y,-4.089678001403809
L113A,-3.4200289249420166
L113C,-4.636958980560303
L113D,-3.876677703857422
L113E,-3.280481719970703
L113F,-4.564756917953491
L113G,-3.6826584815979
L113H,-4.259522342681885
L113I,-3.915650987625122
L113K,-3.783245325088501
L113M,-4.656264781951903
L113N,-4.0107846736907975
L113P,-3.1482494831085206
L113Q,-3.680757188796997
L113R,-4.012757968902588
L113S,-3.038471508026123
L113T,-3.160280179977417
L113V,-3.366674518585205
L113W,-5.623933029174805
L113Y,-4.6675310134887695
A114C,-4.408874797821045
A114D,-3.15431752204895
A114E,-2.8447443485260018
A114F,-4.032967805862427
A114G,-3.598341703414917
A114H,-3.8231058597564695
A114I,-3.4999642848968504
A114K,-3.5592315196990967
A114L,-2.892571544647217
A114M,-4.49875020980835
A114N,-3.53470401763916
A114P,-2.8893759727478026
A114Q,-3.386592102050781
A114R,-3.845585298538208
A114S,-3.026393413543701
A114T,-3.345881938934326
A114V,-3.066938257217408
A114W,-5.530016803741455
A114Y,-3.9833150386810297
I115A,-2.2921863555908204
I115C,-3.650394582748413
I115D,-2.7951322555542
I115E,-1.7535205841064454
I115F,-3.822015190124512
I115G,-2.6640322685241697
I115H,-3.4908878803253174
I115K,-2.500407218933105
I115L,-2.267579936981201
I115M,-3.4406013011932366
I115N,-3.0682683467864984
I115P,-1.9448165416717529
I115Q,-2.3935594081878664
I115R,-3.049986219406128
I115S,-2.1527729988098145
I115T,-2.3690199851989746
I115V,-2.57536644935608
I115W,-4.458369636535645
I115Y,-3.815437412261963
E116A,-3.465332794189453
E116C,-4.310476779937743
E116D,-3.7612958431243895
E116F,-4.066749572753906
E116G,-3.7789429664611816
E116H,-3.836350107192993
E116I,-3.651483154296875
E116K,-3.9091657161712647
E116L,-2.8053943157196044
E116M,-4.61191577911377
E116N,-3.6712757110595695
E116P,-2.624764108657837
E116Q,-3.3722307682037367
E116R,-4.044167470932007
E116S,-2.666529417037964
E116T,-3.132972002029419
E116V,-3.441070032119752
E116W,-5.4541337966918935
E116Y,-4.1208101272583
Q117A,-2.9979297637939446
Q117C,-4.460421466827394
Q117D,-2.8100547313690187
Q117E,-2.4526647567749023
Q117F,-4.375144863128663
Q117G,-3.37029447555542
Q117H,-3.9473297595977774
Q117I,-3.4006659030914306
Q117K,-3.056123065948486
Q117L,-2.770435571670532
Q117M,-3.8700656890869136
Q117N,-2.6576631546020506
Q117P,-2.759075975418091
Q117R,-3.679240894317627
Q117S,-2.712759160995484
Q117T,-2.7387489795684816
Q117V,-3.006175899505615
Q117W,-5.968106460571289
Q117Y,-4.648972988128662
P118A,-3.605984306335448
P118C,-4.803842449188234
P118D,-3.447604417800904
P118E,-2.7143718242645263
P118F,-4.878516578674317
P118G,-3.523856687545776
P118H,-4.321437358856201
P118I,-4.026411056518556
P118K,-3.5071255207061767
P118L,-3.1936201095581054
P118M,-4.532866954803467
P118N,-3.4547606468200684
P118Q,-3.470813322067261
P118R,-3.8357568264007567
P118S,-3.2352582454681404
P118T,-3.381797933578491
P118V,-3.6189891815185553
P118W,-5.870219898223878
P118Y,-4.953378963470459
N119A,-2.6595696449279784
N119C,-4.170767498016358
N119D,-2.8985326766967767
N119E,-2.332985496520996
N119F,-4.157627105712892
N119G,-2.949006223678589
N119H,-3.614668130874634
N119I,-3.4720419883728018
N119K,-3.094373893737793
N119L,-2.5684674739837647
N119M,-4.28651123046875
N119P,-2.398273611068725
N119Q,-2.9136963367462165
N119R,-3.348116874694824
N119S,-2.428899383544922
N119T,-2.8162951946258543
N119V,-2.7335706233978265
N119W,-5.423042964935303
N119Y,-4.39534101486206
T120A,-3.5148760318756103
T120C,-4.369940853118896
T120D,-3.769466257095337
T120E,-3.3240719318389886
T120F,-4.369634819030762
T120G,-2.920294523239136
T120H,-3.952702808380127
T120I,-3.738994932174682
T120K,-3.7991820335388176
T120L,-3.0612716674804688
T120M,-4.760488510131836
T120N,-3.703491353988648
T120P,-3.125416564941406
T120Q,-3.5492459297180177
T120R,-4.033514308929443
T120S,-2.89573450088501
T120V,-3.5261208534240724
T120W,-5.898859691619872
T120Y,-4.693306350708008
H121A,-2.3226449489593506
H121C,-3.819296884536743
H121D,-2.4757387161254885
H121E,-2.0156115770339964
H121F,-3.5633325576782227
H121G,-2.882798910140991
H121I,-3.0391277313232417
H121K,-2.8548738479614264
H121L,-2.2963393688201905
H121M,-4.071107006072998
H121N,-2.8545339107513428
H121P,-1.8344871282577515
H121Q,-2.6752669334411623
H121R,-3.3327197074890136
H121S,-1.9622604131698609
H121T,-2.256383419036865
H121V,-2.4479370594024656
H121W,-5.22104024887085
H121Y,-3.960936784744263
L122A,-3.80824875831604
L122C,-4.942885303497317
L122D,-4.199593734741211
L122E,-3.847997283935547
L122F,-4.822146606445314
L122G,-4.217134666442871
L122H,-4.327605724334717
L122I,-3.989746379852295
L122K,-4.002541446685791
L122M,-5.192864418029785
L122N,-4.102347707748413
L122P,-3.369669532775879
L122Q,-3.8237788677215576
L122R,-4.39228925704956
L122S,-3.0940057754516603
L122T,-3.3228184700012213
L122V,-3.9020812034606935
L122W,-6.474007606506348
L122Y,-5.24593448638916
P123A,-3.9385663986206056
P123C,-5.445916748046875
P123D,-4.177647447586058
P123E,-3.2143342971801765
P123F,-5.5266465187072775
P123G,-4.453645801544188
P123H,-4.9008402824401855
P123I,-4.610184383392334
P123K,-4.0144124031066895
P123L,-3.521726655960083
P123M,-4.874006557464599
P123N,-4.235729789733886
P123Q,-3.7663168907165527
P123R,-4.6769570350646985
P123S,-3.605358028411865
P123T,-3.6479876041412354
P123V,-4.134173202514648
P123W,-6.581766414642334
P123Y,-5.493586826324463
E124A,-3.697593832015991
E124C,-5.159647941589356
E124D,-3.9029993534088137
E124F,-5.081173324584961
E124G,-4.11163558959961
E124H,-4.60673713684082
E124I,-4.438881874084473
E124K,-4.288496971130371
E124L,-3.5507201194763183
E124M,-5.334964847564697
E124N,-4.113385391235352
E124P,-3.2693130493164064
E124Q,-3.953448390960693
E124R,-4.601599884033203
E124S,-3.295890522003174
E124T,-3.6056063175201416
E124V,-3.925651741027832
E124W,-6.405478000640869
E124Y,-5.41680326461792
T125A,-3.4437504768371583
T125C,-5.129789352416992
T125D,-3.3659976959228515
T125E,-2.6010332107543945
T125F,-5.173038864135743
T125G,-3.6427944183349608
T125H,-4.443922424316408
T125I,-4.2643232345581055
T125K,-3.389443588256837
T125L,-3.5094366550445555
T125M,-4.722721004486084
T125N,-3.6836243629455567
T125P,-3.1718570232391365
T125Q,-3.6395932674407967
T125R,-3.99628496170044
T125S,-3.230813884735108
T125V,-3.759052181243896
T125W,-6.098640823364258
T125Y,-5.135721492767334
K126A,-2.9165159702301025
K126C,-4.383746242523193
K126D,-3.4709153175354004
K126E,-2.849034070968628
K126F,-4.333691883087158
K126G,-3.4640713691711427
K126H,-3.808847856521607
K126I,-3.837248134613037
K126L,-2.8926212310791017
K126M,-4.707530784606933
K126N,-3.616856288909912
K126P,-2.356748008728028
K126Q,-3.017604923248291
K126R,-3.7068669319152834
K126S,-2.4385565757751464
K126T,-2.8437530040740966
K126V,-3.2583913326263434
K126W,-5.7677894592285135
K126Y,-4.752448558807373
P127A,-3.5895183563232416
P127C,-5.104031181335449
P127D,-3.6017534732818604
P127E,-3.286384105682373
P127F,-5.041300392150879
P127G,-4.006118106842041
P127H,-4.41144323348999
P127I,-4.2101581573486335
P127K,-4.0125664234161365
P127L,-3.6966526031494142
P127M,-5.156994819641113
P127N,-4.0149387359619135
P127Q,-3.9821346759796143
P127R,-4.385967350006103
P127S,-3.1979413986206056
P127T,-3.3947802066802977
P127V,-3.779945993423462
P127W,-6.34096851348877
P127Y,-5.061931610107422
S128A,-3.7592984199523927
S128C,-4.988356304168701
S128D,-4.200832796096802
S128E,-3.598383665084839
S128F,-4.983688449859619
S128G,-4.20042576789856
S128H,-4.609439659118652
S128I,-4.43876085281372
S128K,-4.05109429359436
S128L,-3.4327982425689703
S128M,-5.318116855621338
S128N,-4.383288383483887
S128P,-3.454896926879884
S128Q,-3.859302854537964
S128R,-4.4995146751403805
S128T,-3.736474084854127
S128V,-3.892899179458618
S128W,-6.339890670776367
S128Y,-5.436480522155762
P129A,-3.4075307846069336
P129C,-4.3796404838562015
P129D,-3.5361441135406486
P129E,-3.176502227783203
P129F,-4.324314785003662
P129G,-3.716592931747437
P129H,-3.947423505783081
P129I,-3.978446340560913
P129K,-3.552363920211792
P129L,-3.168732166290283
P129M,-4.691395568847656
P129N,-3.697995805740357
P129Q,-3.5072535514831538
P129R,-3.860976886749268
P129S,-2.7457603454589843
P129T,-3.2713304996490487
P129V,-3.4765491485595703
P129W,-5.550295639038086
P129Y,-4.469264793395996
