,Mutation,ddG (kcal/mol),pos,wtAA,mutAA
0,M0A,0.5085,0,M,A
1,M0C,0.0241,0,M,C
2,M0D,0.8428,0,M,D
3,M0E,0.8184,0,M,E
4,M0F,-0.1099,0,M,F
5,M0G,0.7135,0,M,G
6,M0H,0.4261,0,M,H
7,M0I,-0.1388,0,M,I
8,M0K,0.59,0,M,K
9,M0L,0.0723,0,M,L
10,M0M,0.0,0,M,M
11,M0N,0.6392,0,M,N
12,M0P,0.3189,0,M,P
13,M0Q,0.6458,0,M,Q
14,M0R,0.5475,0,M,R
15,M0S,0.5926,0,M,S
16,M0T,0.4856,0,M,T
17,M0V,0.0184,0,M,V
18,M0W,0.0494,0,M,W
19,M0Y,0.0965,0,M,Y
20,T1A,0.1757,1,T,A
21,T1C,-0.1904,1,T,C
22,T1D,0.3877,1,T,D
23,T1E,0.3366,1,T,E
24,T1F,-0.0287,1,T,F
25,T1G,0.3392,1,T,G
26,T1H,0.1154,1,T,H
27,T1I,-0.0742,1,T,I
28,T1K,0.079,1,T,K
29,T1L,0.0192,1,T,L
30,T1M,-0.0286,1,T,M
31,T1N,0.1989,1,T,N
32,T1P,0.0218,1,T,P
33,T1Q,0.2226,1,T,Q
34,T1R,0.0908,1,T,R
35,T1S,0.1205,1,T,S
36,T1T,0.0,1,T,T
37,T1V,0.0714,1,T,V
38,T1W,-0.3253,1,T,W
39,T1Y,-0.1083,1,T,Y
40,E2A,0.0159,2,E,A
41,E2C,-0.5276,2,E,C
42,E2D,0.5185,2,E,D
43,E2E,0.0,2,E,E
44,E2F,-0.1386,2,E,F
45,E2G,0.4342,2,E,G
46,E2H,-0.2558,2,E,H
47,E2I,-0.6257,2,E,I
48,E2K,-0.4988,2,E,K
49,E2L,-0.1647,2,E,L
50,E2M,-0.2931,2,E,M
51,E2N,0.1493,2,E,N
52,E2P,0.7498,2,E,P
53,E2Q,-0.4477,2,E,Q
54,E2R,-0.4155,2,E,R
55,E2S,-0.2742,2,E,S
56,E2T,-0.4199,2,E,T
57,E2V,-0.5409,2,E,V
58,E2W,-0.0866,2,E,W
59,E2Y,-0.1378,2,E,Y
60,Y3A,2.6259,3,Y,A
61,Y3C,1.629,3,Y,C
62,Y3D,2.894,3,Y,D
63,Y3E,2.5669,3,Y,E
64,Y3F,0.6765,3,Y,F
65,Y3G,3.0327,3,Y,G
66,Y3H,1.6616,3,Y,H
67,Y3I,1.5979,3,Y,I
68,Y3K,3.0793,3,Y,K
69,Y3L,1.962,3,Y,L
70,Y3M,2.0532,3,Y,M
71,Y3N,2.701,3,Y,N
72,Y3P,2.665,3,Y,P
73,Y3Q,2.7706,3,Y,Q
74,Y3R,2.8668,3,Y,R
75,Y3S,2.8182,3,Y,S
76,Y3T,2.3419,3,Y,T
77,Y3V,1.7522,3,Y,V
78,Y3W,0.8041,3,Y,W
79,Y3Y,0.0,3,Y,Y
80,K4A,1.0292,4,K,A
81,K4C,0.217,4,K,C
82,K4D,1.9412,4,K,D
83,K4E,1.4595,4,K,E
84,K4F,0.3918,4,K,F
85,K4G,1.5321,4,K,G
86,K4H,0.5758,4,K,H
87,K4I,0.0619,4,K,I
88,K4K,0.0,4,K,K
89,K4L,0.472,4,K,L
90,K4M,0.4273,4,K,M
91,K4N,0.8836,4,K,N
92,K4P,1.8168,4,K,P
93,K4Q,0.7238,4,K,Q
94,K4R,0.0027,4,K,R
95,K4S,0.8212,4,K,S
96,K4T,0.4029,4,K,T
97,K4V,0.25,4,K,V
98,K4W,0.5608,4,K,W
99,K4Y,0.3224,4,K,Y
100,L5A,1.6967,5,L,A
101,L5C,0.8919,5,L,C
102,L5D,2.3205,5,L,D
103,L5E,2.3724,5,L,E
104,L5F,0.7145,5,L,F
105,L5G,2.2339,5,L,G
106,L5H,2.0554,5,L,H
107,L5I,-0.6377,5,L,I
108,L5K,1.9873,5,L,K
109,L5L,0.0,5,L,L
110,L5M,0.7227,5,L,M
111,L5N,2.1215,5,L,N
112,L5P,1.9548,5,L,P
113,L5Q,2.229,5,L,Q
114,L5R,2.0136,5,L,R
115,L5S,2.0156,5,L,S
116,L5T,1.5929,5,L,T
117,L5V,0.0619,5,L,V
118,L5W,1.3435,5,L,W
119,L5Y,1.2412,5,L,Y
120,V6A,1.3617,6,V,A
121,V6C,0.7431,6,V,C
122,V6D,2.6173,6,V,D
123,V6E,2.376,6,V,E
124,V6F,0.9532,6,V,F
125,V6G,2.2462,6,V,G
126,V6H,2.1771,6,V,H
127,V6I,-0.0133,6,V,I
128,V6K,2.2926,6,V,K
129,V6L,0.6519,6,V,L
130,V6M,1.0188,6,V,M
131,V6N,2.4818,6,V,N
132,V6P,2.2684,6,V,P
133,V6Q,2.2714,6,V,Q
134,V6R,2.2691,6,V,R
135,V6S,1.9552,6,V,S
136,V6T,1.2445,6,V,T
137,V6V,0.0,6,V,V
138,V6W,1.3798,6,V,W
139,V6Y,1.2917,6,V,Y
140,V7A,1.3144,7,V,A
141,V7C,0.6896,7,V,C
142,V7D,2.2353,7,V,D
143,V7E,2.4749,7,V,E
144,V7F,0.9569,7,V,F
145,V7G,1.8613,7,V,G
146,V7H,1.8541,7,V,H
147,V7I,-0.0107,7,V,I
148,V7K,2.2426,7,V,K
149,V7L,0.6741,7,V,L
150,V7M,1.015,7,V,M
151,V7N,2.0366,7,V,N
152,V7P,1.9181,7,V,P
153,V7Q,2.2147,7,V,Q
154,V7R,2.2166,7,V,R
155,V7S,1.8307,7,V,S
156,V7T,1.4167,7,V,T
157,V7V,0.0,7,V,V
158,V7W,1.2506,7,V,W
159,V7Y,1.246,7,V,Y
160,V8A,1.5874,8,V,A
161,V8C,0.534,8,V,C
162,V8D,2.8403,8,V,D
163,V8E,2.3434,8,V,E
164,V8F,1.1909,8,V,F
165,V8G,2.4514,8,V,G
166,V8H,2.2178,8,V,H
167,V8I,0.0284,8,V,I
168,V8K,2.7706,8,V,K
169,V8L,0.6796,8,V,L
170,V8M,0.7715,8,V,M
171,V8N,2.573,8,V,N
172,V8P,2.9464,8,V,P
173,V8Q,2.3628,8,V,Q
174,V8R,2.6162,8,V,R
175,V8S,2.0725,8,V,S
176,V8T,1.4095,8,V,T
177,V8V,0.0,8,V,V
178,V8W,1.4295,8,V,W
179,V8Y,1.565,8,V,Y
180,G9A,2.045,9,G,A
181,G9C,1.604,9,G,C
182,G9D,2.9071,9,G,D
183,G9E,2.8824,9,G,E
184,G9F,1.5633,9,G,F
185,G9G,0.0,9,G,G
186,G9H,2.5171,9,G,H
187,G9I,2.0441,9,G,I
188,G9K,2.7866,9,G,K
189,G9L,2.0114,9,G,L
190,G9M,1.9562,9,G,M
191,G9N,2.7377,9,G,N
192,G9P,2.4525,9,G,P
193,G9Q,2.6323,9,G,Q
194,G9R,2.7215,9,G,R
195,G9S,2.3771,9,G,S
196,G9T,2.5336,9,G,T
197,G9V,1.931,9,G,V
198,G9W,1.8525,9,G,W
199,G9Y,1.8818,9,G,Y
200,A10A,0.0,10,A,A
201,A10C,0.3568,10,A,C
202,A10D,1.2587,10,A,D
203,A10E,0.6907,10,A,E
204,A10F,1.1796,10,A,F
205,A10G,0.6465,10,A,G
206,A10H,0.9677,10,A,H
207,A10I,1.0232,10,A,I
208,A10K,0.4636,10,A,K
209,A10L,0.9875,10,A,L
210,A10M,0.7591,10,A,M
211,A10N,0.9922,10,A,N
212,A10P,0.8746,10,A,P
213,A10Q,0.6184,10,A,Q
214,A10R,0.5293,10,A,R
215,A10S,0.0201,10,A,S
216,A10T,0.4639,10,A,T
217,A10V,0.8071,10,A,V
218,A10W,0.9649,10,A,W
219,A10Y,1.1517,10,A,Y
220,G11A,-0.2173,11,G,A
221,G11C,-0.045,11,G,C
222,G11D,0.0175,11,G,D
223,G11E,-0.0956,11,G,E
224,G11F,0.5662,11,G,F
225,G11G,0.0,11,G,G
226,G11H,0.3875,11,G,H
227,G11I,0.5409,11,G,I
228,G11K,0.3891,11,G,K
229,G11L,0.6178,11,G,L
230,G11M,0.3273,11,G,M
231,G11N,0.332,11,G,N
232,G11P,-0.1623,11,G,P
233,G11Q,0.0232,11,G,Q
234,G11R,0.495,11,G,R
235,G11S,-0.561,11,G,S
236,G11T,-0.3114,11,G,T
237,G11V,0.4118,11,G,V
238,G11W,0.5459,11,G,W
239,G11Y,0.6309,11,G,Y
240,G12A,0.3192,12,G,A
241,G12C,0.4172,12,G,C
242,G12D,0.8224,12,G,D
243,G12E,0.8355,12,G,E
244,G12F,0.6241,12,G,F
245,G12G,0.0,12,G,G
246,G12H,0.6788,12,G,H
247,G12I,1.1771,12,G,I
248,G12K,0.4781,12,G,K
249,G12L,0.7881,12,G,L
250,G12M,0.5767,12,G,M
251,G12N,0.6182,12,G,N
252,G12P,1.0983,12,G,P
253,G12Q,0.5672,12,G,Q
254,G12R,0.5,12,G,R
255,G12S,0.4864,12,G,S
256,G12T,0.7976,12,G,T
257,G12V,1.0774,12,G,V
258,G12W,0.874,12,G,W
259,G12Y,0.8685,12,G,Y
260,V13A,0.8097,13,V,A
261,V13C,0.6412,13,V,C
262,V13D,1.8146,13,V,D
263,V13E,1.5767,13,V,E
264,V13F,1.2819,13,V,F
265,V13G,1.5523,13,V,G
266,V13H,1.7287,13,V,H
267,V13I,0.5106,13,V,I
268,V13K,1.9494,13,V,K
269,V13L,0.9521,13,V,L
270,V13M,1.1823,13,V,M
271,V13N,1.7798,13,V,N
272,V13P,1.8832,13,V,P
273,V13Q,1.6725,13,V,Q
274,V13R,1.9029,13,V,R
275,V13S,1.2654,13,V,S
276,V13T,0.7144,13,V,T
277,V13V,0.0,13,V,V
278,V13W,1.5296,13,V,W
279,V13Y,1.531,13,V,Y
280,G14A,1.3,14,G,A
281,G14C,0.6935,14,G,C
282,G14D,2.1207,14,G,D
283,G14E,1.9244,14,G,E
284,G14F,1.0163,14,G,F
285,G14G,0.0,14,G,G
286,G14H,1.7152,14,G,H
287,G14I,1.4621,14,G,I
288,G14K,2.1337,14,G,K
289,G14L,1.1007,14,G,L
290,G14M,1.0998,14,G,M
291,G14N,1.9729,14,G,N
292,G14P,2.6143,14,G,P
293,G14Q,1.8966,14,G,Q
294,G14R,2.1109,14,G,R
295,G14S,1.7565,14,G,S
296,G14T,2.0275,14,G,T
297,G14V,1.42,14,G,V
298,G14W,1.1555,14,G,W
299,G14Y,1.151,14,G,Y
300,K15A,0.3149,15,K,A
301,K15C,0.4671,15,K,C
302,K15D,2.45,15,K,D
303,K15E,1.8879,15,K,E
304,K15F,0.7656,15,K,F
305,K15G,0.852,15,K,G
306,K15H,0.8911,15,K,H
307,K15I,1.0982,15,K,I
308,K15K,0.0,15,K,K
309,K15L,0.7038,15,K,L
310,K15M,0.7192,15,K,M
311,K15N,1.3658,15,K,N
312,K15P,2.4312,15,K,P
313,K15Q,0.7942,15,K,Q
314,K15R,0.0507,15,K,R
315,K15S,1.018,15,K,S
316,K15T,1.217,15,K,T
317,K15V,1.2109,15,K,V
318,K15W,1.1421,15,K,W
319,K15Y,0.7402,15,K,Y
320,S16A,1.5828,16,S,A
321,S16C,0.8923,16,S,C
322,S16D,1.7088,16,S,D
323,S16E,1.6817,16,S,E
324,S16F,1.147,16,S,F
325,S16G,1.8273,16,S,G
326,S16H,1.7231,16,S,H
327,S16I,1.3284,16,S,I
328,S16K,2.226,16,S,K
329,S16L,1.9309,16,S,L
330,S16M,1.7771,16,S,M
331,S16N,1.5369,16,S,N
332,S16P,2.2906,16,S,P
333,S16Q,1.9558,16,S,Q
334,S16R,2.0851,16,S,R
335,S16S,0.0,16,S,S
336,S16T,-0.6451,16,S,T
337,S16V,1.2322,16,S,V
338,S16W,0.9899,16,S,W
339,S16Y,1.1405,16,S,Y
340,A17A,0.0,17,A,A
341,A17C,0.3906,17,A,C
342,A17D,1.1953,17,A,D
343,A17E,0.7556,17,A,E
344,A17F,1.2371,17,A,F
345,A17G,0.9457,17,A,G
346,A17H,1.002,17,A,H
347,A17I,1.1139,17,A,I
348,A17K,0.8842,17,A,K
349,A17L,0.7661,17,A,L
350,A17M,0.6021,17,A,M
351,A17N,1.0462,17,A,N
352,A17P,1.1579,17,A,P
353,A17Q,0.6292,17,A,Q
354,A17R,0.93,17,A,R
355,A17S,0.2218,17,A,S
356,A17T,0.5247,17,A,T
357,A17V,0.8135,17,A,V
358,A17W,1.102,17,A,W
359,A17Y,1.3102,17,A,Y
360,L18A,2.1466,18,L,A
361,L18C,1.5503,18,L,C
362,L18D,2.8907,18,L,D
363,L18E,2.6029,18,L,E
364,L18F,1.5072,18,L,F
365,L18G,2.5997,18,L,G
366,L18H,2.7354,18,L,H
367,L18I,1.126,18,L,I
368,L18K,2.4167,18,L,K
369,L18L,0.0,18,L,L
370,L18M,0.8283,18,L,M
371,L18N,2.7552,18,L,N
372,L18P,3.2158,18,L,P
373,L18Q,2.4331,18,L,Q
374,L18R,2.3289,18,L,R
375,L18S,2.4866,18,L,S
376,L18T,2.4,18,L,T
377,L18V,1.6737,18,L,V
378,L18W,2.02,18,L,W
379,L18Y,2.1528,18,L,Y
380,T19A,1.0937,19,T,A
381,T19C,0.6981,19,T,C
382,T19D,2.5187,19,T,D
383,T19E,2.2493,19,T,E
384,T19F,1.2504,19,T,F
385,T19G,1.848,19,T,G
386,T19H,2.0495,19,T,H
387,T19I,0.1726,19,T,I
388,T19K,2.0595,19,T,K
389,T19L,0.5112,19,T,L
390,T19M,0.886,19,T,M
391,T19N,2.0199,19,T,N
392,T19P,2.4408,19,T,P
393,T19Q,1.9632,19,T,Q
394,T19R,1.8442,19,T,R
395,T19S,1.0021,19,T,S
396,T19T,0.0,19,T,T
397,T19V,0.1991,19,T,V
398,T19W,1.4865,19,T,W
399,T19Y,1.4274,19,T,Y
400,I20A,1.303,20,I,A
401,I20C,0.5622,20,I,C
402,I20D,2.114,20,I,D
403,I20E,1.4854,20,I,E
404,I20F,0.8161,20,I,F
405,I20G,2.024,20,I,G
406,I20H,0.9852,20,I,H
407,I20I,0.0,20,I,I
408,I20K,0.7437,20,I,K
409,I20L,0.2376,20,I,L
410,I20M,0.6094,20,I,M
411,I20N,1.5097,20,I,N
412,I20P,2.7417,20,I,P
413,I20Q,1.1357,20,I,Q
414,I20R,0.568,20,I,R
415,I20S,1.5322,20,I,S
416,I20T,1.0128,20,I,T
417,I20V,0.3205,20,I,V
418,I20W,0.7603,20,I,W
419,I20Y,0.687,20,I,Y
420,Q21A,-0.1227,21,Q,A
421,Q21C,0.1938,21,Q,C
422,Q21D,1.9647,21,Q,D
423,Q21E,1.1437,21,Q,E
424,Q21F,0.8498,21,Q,F
425,Q21G,1.2419,21,Q,G
426,Q21H,0.9942,21,Q,H
427,Q21I,0.7391,21,Q,I
428,Q21K,0.4477,21,Q,K
429,Q21L,0.6654,21,Q,L
430,Q21M,0.125,21,Q,M
431,Q21N,1.3189,21,Q,N
432,Q21P,2.4549,21,Q,P
433,Q21Q,0.0,21,Q,Q
434,Q21R,0.4853,21,Q,R
435,Q21S,0.1223,21,Q,S
436,Q21T,0.2209,21,Q,T
437,Q21V,0.328,21,Q,V
438,Q21W,0.8239,21,Q,W
439,Q21Y,1.0536,21,Q,Y
440,L22A,2.2802,22,L,A
441,L22C,1.4202,22,L,C
442,L22D,2.9766,22,L,D
443,L22E,2.8484,22,L,E
444,L22F,0.2372,22,L,F
445,L22G,2.6555,22,L,G
446,L22H,2.6494,22,L,H
447,L22I,0.8269,22,L,I
448,L22K,2.7455,22,L,K
449,L22L,0.0,22,L,L
450,L22M,0.6746,22,L,M
451,L22N,2.6808,22,L,N
452,L22P,2.7363,22,L,P
453,L22Q,2.7132,22,L,Q
454,L22R,2.6027,22,L,R
455,L22S,2.6454,22,L,S
456,L22T,2.2982,22,L,T
457,L22V,1.3108,22,L,V
458,L22W,1.63,22,L,W
459,L22Y,1.6316,22,L,Y
460,I23A,1.2116,23,I,A
461,I23C,0.5551,23,I,C
462,I23D,2.0543,23,I,D
463,I23E,1.7761,23,I,E
464,I23F,1.0886,23,I,F
465,I23G,1.8257,23,I,G
466,I23H,1.5397,23,I,H
467,I23I,0.0,23,I,I
468,I23K,1.5004,23,I,K
469,I23L,0.3672,23,I,L
470,I23M,0.5905,23,I,M
471,I23N,1.7084,23,I,N
472,I23P,2.3623,23,I,P
473,I23Q,1.464,23,I,Q
474,I23R,1.5486,23,I,R
475,I23S,1.3312,23,I,S
476,I23T,0.8844,23,I,T
477,I23V,0.3515,23,I,V
478,I23W,1.1667,23,I,W
479,I23Y,1.2081,23,I,Y
480,Q24A,0.3041,24,Q,A
481,Q24C,-0.5942,24,Q,C
482,Q24D,0.3826,24,Q,D
483,Q24E,-0.0256,24,Q,E
484,Q24F,-0.6358,24,Q,F
485,Q24G,0.6007,24,Q,G
486,Q24H,-0.3157,24,Q,H
487,Q24I,0.1882,24,Q,I
488,Q24K,0.4048,24,Q,K
489,Q24L,-0.1637,24,Q,L
490,Q24M,-0.2009,24,Q,M
491,Q24N,0.1016,24,Q,N
492,Q24P,1.6369,24,Q,P
493,Q24Q,0.0,24,Q,Q
494,Q24R,0.4421,24,Q,R
495,Q24S,0.2186,24,Q,S
496,Q24T,0.0372,24,Q,T
497,Q24V,0.2056,24,Q,V
498,Q24W,-0.5868,24,Q,W
499,Q24Y,-0.7419,24,Q,Y
500,N25A,0.5765,25,N,A
501,N25C,-0.1039,25,N,C
502,N25D,0.6365,25,N,D
503,N25E,0.7683,25,N,E
504,N25F,0.4033,25,N,F
505,N25G,-0.446,25,N,G
506,N25H,0.0826,25,N,H
507,N25I,1.3331,25,N,I
508,N25K,0.3151,25,N,K
509,N25L,0.541,25,N,L
510,N25M,0.3168,25,N,M
511,N25N,0.0,25,N,N
512,N25P,1.8913,25,N,P
513,N25Q,0.2487,25,N,Q
514,N25R,0.4251,25,N,R
515,N25S,0.5658,25,N,S
516,N25T,1.2292,25,N,T
517,N25V,1.2949,25,N,V
518,N25W,0.5774,25,N,W
519,N25Y,0.5114,25,N,Y
520,H26A,0.4922,26,H,A
521,H26C,-0.2882,26,H,C
522,H26D,1.3817,26,H,D
523,H26E,0.7736,26,H,E
524,H26F,0.2215,26,H,F
525,H26G,1.0442,26,H,G
526,H26H,0.0,26,H,H
527,H26I,-0.3842,26,H,I
528,H26K,-0.022,26,H,K
529,H26L,0.1849,26,H,L
530,H26M,0.0841,26,H,M
531,H26N,0.6084,26,H,N
532,H26P,1.9762,26,H,P
533,H26Q,0.2303,26,H,Q
534,H26R,-0.1711,26,H,R
535,H26S,0.3708,26,H,S
536,H26T,0.0954,26,H,T
537,H26V,-0.3267,26,H,V
538,H26W,0.0027,26,H,W
539,H26Y,-0.054,26,H,Y
540,F27A,1.8428,27,F,A
541,F27C,1.1832,27,F,C
542,F27D,1.7561,27,F,D
543,F27E,1.8187,27,F,E
544,F27F,0.0,27,F,F
545,F27G,1.8444,27,F,G
546,F27H,0.8379,27,F,H
547,F27I,1.5454,27,F,I
548,F27K,1.729,27,F,K
549,F27L,1.5478,27,F,L
550,F27M,1.6119,27,F,M
551,F27N,1.5187,27,F,N
552,F27P,1.7455,27,F,P
553,F27Q,1.8084,27,F,Q
554,F27R,1.4614,27,F,R
555,F27S,1.8164,27,F,S
556,F27T,1.7244,27,F,T
557,F27V,1.601,27,F,V
558,F27W,-0.0238,27,F,W
559,F27Y,-0.4962,27,F,Y
560,V28A,0.1847,28,V,A
561,V28C,-0.199,28,V,C
562,V28D,-0.1904,28,V,D
563,V28E,0.1897,28,V,E
564,V28F,-0.0164,28,V,F
565,V28G,0.3938,28,V,G
566,V28H,-0.0728,28,V,H
567,V28I,-0.0584,28,V,I
568,V28K,0.1735,28,V,K
569,V28L,-0.0548,28,V,L
570,V28M,0.0948,28,V,M
571,V28N,-0.2348,28,V,N
572,V28P,0.6586,28,V,P
573,V28Q,0.1518,28,V,Q
574,V28R,0.1612,28,V,R
575,V28S,-0.0976,28,V,S
576,V28T,-0.0702,28,V,T
577,V28V,0.0,28,V,V
578,V28W,0.11,28,V,W
579,V28Y,0.0343,28,V,Y
580,D29A,0.1783,29,D,A
581,D29C,-0.0989,29,D,C
582,D29D,0.0,29,D,D
583,D29E,0.1392,29,D,E
584,D29F,0.1092,29,D,F
585,D29G,0.2593,29,D,G
586,D29H,0.0564,29,D,H
587,D29I,0.2724,29,D,I
588,D29K,0.3165,29,D,K
589,D29L,0.143,29,D,L
590,D29M,0.2653,29,D,M
591,D29N,0.0564,29,D,N
592,D29P,0.1779,29,D,P
593,D29Q,0.3037,29,D,Q
594,D29R,0.3154,29,D,R
595,D29S,0.1186,29,D,S
596,D29T,0.2012,29,D,T
597,D29V,0.315,29,D,V
598,D29W,0.0353,29,D,W
599,D29Y,0.0985,29,D,Y
600,E30A,-0.2721,30,E,A
601,E30C,-0.4319,30,E,C
602,E30D,-0.0667,30,E,D
603,E30E,0.0,30,E,E
604,E30F,-0.3283,30,E,F
605,E30G,-0.0695,30,E,G
606,E30H,-0.331,30,E,H
607,E30I,-0.3066,30,E,I
608,E30K,-0.3734,30,E,K
609,E30L,-0.2445,30,E,L
610,E30M,-0.1996,30,E,M
611,E30N,-0.2479,30,E,N
612,E30P,0.1717,30,E,P
613,E30Q,-0.1845,30,E,Q
614,E30R,-0.4092,30,E,R
615,E30S,-0.3052,30,E,S
616,E30T,-0.2635,30,E,T
617,E30V,-0.1963,30,E,V
618,E30W,-0.3102,30,E,W
619,E30Y,-0.3534,30,E,Y
620,Y31A,0.8394,31,Y,A
621,Y31C,0.3503,31,Y,C
622,Y31D,0.5997,31,Y,D
623,Y31E,0.6604,31,Y,E
624,Y31F,0.1349,31,Y,F
625,Y31G,1.0218,31,Y,G
626,Y31H,0.5291,31,Y,H
627,Y31I,0.7668,31,Y,I
628,Y31K,0.9318,31,Y,K
629,Y31L,0.6727,31,Y,L
630,Y31M,0.7701,31,Y,M
631,Y31N,0.6868,31,Y,N
632,Y31P,1.3458,31,Y,P
633,Y31Q,0.8693,31,Y,Q
634,Y31R,0.8432,31,Y,R
635,Y31S,0.9179,31,Y,S
636,Y31T,0.8437,31,Y,T
637,Y31V,0.8197,31,Y,V
638,Y31W,0.1038,31,Y,W
639,Y31Y,0.0,31,Y,Y
640,D32A,0.0559,32,D,A
641,D32C,-0.4077,32,D,C
642,D32D,0.0,32,D,D
643,D32E,0.0633,32,D,E
644,D32F,-0.2276,32,D,F
645,D32G,0.2756,32,D,G
646,D32H,-0.3235,32,D,H
647,D32I,-0.4405,32,D,I
648,D32K,-0.1626,32,D,K
649,D32L,-0.1427,32,D,L
650,D32M,-0.0925,32,D,M
651,D32N,-0.1543,32,D,N
652,D32P,0.9123,32,D,P
653,D32Q,-0.1019,32,D,Q
654,D32R,-0.1649,32,D,R
655,D32S,-0.1167,32,D,S
656,D32T,-0.2353,32,D,T
657,D32V,-0.3768,32,D,V
658,D32W,-0.1315,32,D,W
659,D32Y,-0.2544,32,D,Y
660,P33A,0.072,33,P,A
661,P33C,-0.0854,33,P,C
662,P33D,0.1143,33,P,D
663,P33E,0.0192,33,P,E
664,P33F,0.154,33,P,F
665,P33G,0.2623,33,P,G
666,P33H,0.2582,33,P,H
667,P33I,0.1511,33,P,I
668,P33K,0.3101,33,P,K
669,P33L,0.1333,33,P,L
670,P33M,0.0943,33,P,M
671,P33N,0.2408,33,P,N
672,P33P,0.0,33,P,P
673,P33Q,0.1982,33,P,Q
674,P33R,0.317,33,P,R
675,P33S,0.0042,33,P,S
676,P33T,-0.0024,33,P,T
677,P33V,0.1968,33,P,V
678,P33W,-0.0784,33,P,W
679,P33Y,0.1208,33,P,Y
680,T34A,1.6707,34,T,A
681,T34C,1.172,34,T,C
682,T34D,1.7329,34,T,D
683,T34E,1.8487,34,T,E
684,T34F,1.6374,34,T,F
685,T34G,2.0004,34,T,G
686,T34H,1.557,34,T,H
687,T34I,0.9907,34,T,I
688,T34K,1.457,34,T,K
689,T34L,1.2475,34,T,L
690,T34M,1.2983,34,T,M
691,T34N,1.4609,34,T,N
692,T34P,1.3843,34,T,P
693,T34Q,1.4687,34,T,Q
694,T34R,1.4334,34,T,R
695,T34S,0.8554,34,T,S
696,T34T,0.0,34,T,T
697,T34V,1.0027,34,T,V
698,T34W,1.7119,34,T,W
699,T34Y,1.7457,34,T,Y
700,I35A,0.8211,35,I,A
701,I35C,0.4081,35,I,C
702,I35D,1.2074,35,I,D
703,I35E,1.0866,35,I,E
704,I35F,0.5494,35,I,F
705,I35G,1.1559,35,I,G
706,I35H,0.6945,35,I,H
707,I35I,0.0,35,I,I
708,I35K,0.5846,35,I,K
709,I35L,0.4058,35,I,L
710,I35M,0.5806,35,I,M
711,I35N,0.8981,35,I,N
712,I35P,1.1314,35,I,P
713,I35Q,0.8092,35,I,Q
714,I35R,0.6241,35,I,R
715,I35S,0.8032,35,I,S
716,I35T,0.5811,35,I,T
717,I35V,0.2228,35,I,V
718,I35W,0.5654,35,I,W
719,I35Y,0.533,35,I,Y
720,E36A,-0.1857,36,E,A
721,E36C,-0.4211,36,E,C
722,E36D,0.6958,36,E,D
723,E36E,0.0,36,E,E
724,E36F,-0.2785,36,E,F
725,E36G,0.2503,36,E,G
726,E36H,0.0237,36,E,H
727,E36I,-0.259,36,E,I
728,E36K,-0.0575,36,E,K
729,E36L,-0.2034,36,E,L
730,E36M,-0.3399,36,E,M
731,E36N,0.4396,36,E,N
732,E36P,1.2927,36,E,P
733,E36Q,-0.2222,36,E,Q
734,E36R,0.0033,36,E,R
735,E36S,-0.0772,36,E,S
736,E36T,0.0369,36,E,T
737,E36V,-0.2177,36,E,V
738,E36W,-0.2138,36,E,W
739,E36Y,-0.2094,36,E,Y
740,D37A,-0.4667,37,D,A
741,D37C,-0.5036,37,D,C
742,D37D,0.0,37,D,D
743,D37E,-0.1796,37,D,E
744,D37F,-0.1685,37,D,F
745,D37G,0.1552,37,D,G
746,D37H,-0.4188,37,D,H
747,D37I,-0.246,37,D,I
748,D37K,-0.6019,37,D,K
749,D37L,-0.1868,37,D,L
750,D37M,-0.2844,37,D,M
751,D37N,-0.2669,37,D,N
752,D37P,2.0214,37,D,P
753,D37Q,-0.4721,37,D,Q
754,D37R,-0.7867,37,D,R
755,D37S,-0.1636,37,D,S
756,D37T,0.0347,37,D,T
757,D37V,-0.3687,37,D,V
758,D37W,-0.0213,37,D,W
759,D37Y,-0.1566,37,D,Y
760,S38A,0.2997,38,S,A
761,S38C,-0.393,38,S,C
762,S38D,0.8335,38,S,D
763,S38E,0.4598,38,S,E
764,S38F,-0.538,38,S,F
765,S38G,0.8061,38,S,G
766,S38H,-0.4163,38,S,H
767,S38I,-0.4845,38,S,I
768,S38K,-0.2846,38,S,K
769,S38L,-0.0801,38,S,L
770,S38M,-0.0401,38,S,M
771,S38N,0.0849,38,S,N
772,S38P,1.1864,38,S,P
773,S38Q,0.0619,38,S,Q
774,S38R,-0.3404,38,S,R
775,S38S,0.0,38,S,S
776,S38T,-0.3092,38,S,T
777,S38V,-0.3942,38,S,V
778,S38W,-0.3651,38,S,W
779,S38Y,-0.6578,38,S,Y
780,Y39A,1.7816,39,Y,A
781,Y39C,0.931,39,Y,C
782,Y39D,2.7705,39,Y,D
783,Y39E,2.3616,39,Y,E
784,Y39F,0.2567,39,Y,F
785,Y39G,2.2353,39,Y,G
786,Y39H,1.0261,39,Y,H
787,Y39I,1.4592,39,Y,I
788,Y39K,1.2961,39,Y,K
789,Y39L,1.0586,39,Y,L
790,Y39M,0.9775,39,Y,M
791,Y39N,2.0109,39,Y,N
792,Y39P,2.3028,39,Y,P
793,Y39Q,1.5151,39,Y,Q
794,Y39R,1.2106,39,Y,R
795,Y39S,1.8937,39,Y,S
796,Y39T,2.0327,39,Y,T
797,Y39V,1.6326,39,Y,V
798,Y39W,0.2948,39,Y,W
799,Y39Y,0.0,39,Y,Y
800,R40A,0.948,40,R,A
801,R40C,0.3834,40,R,C
802,R40D,1.6539,40,R,D
803,R40E,1.2264,40,R,E
804,R40F,0.5688,40,R,F
805,R40G,1.4532,40,R,G
806,R40H,0.4203,40,R,H
807,R40I,0.3337,40,R,I
808,R40K,0.2045,40,R,K
809,R40L,0.6128,40,R,L
810,R40M,0.5303,40,R,M
811,R40N,0.8511,40,R,N
812,R40P,2.053,40,R,P
813,R40Q,0.6568,40,R,Q
814,R40R,0.0,40,R,R
815,R40S,0.6769,40,R,S
816,R40T,0.3607,40,R,T
817,R40V,0.4563,40,R,V
818,R40W,0.538,40,R,W
819,R40Y,0.3804,40,R,Y
820,K41A,1.138,41,K,A
821,K41C,0.3663,41,K,C
822,K41D,2.264,41,K,D
823,K41E,1.8098,41,K,E
824,K41F,0.3696,41,K,F
825,K41G,1.8281,41,K,G
826,K41H,0.8306,41,K,H
827,K41I,-0.0897,41,K,I
828,K41K,0.0,41,K,K
829,K41L,0.3816,41,K,L
830,K41M,0.3332,41,K,M
831,K41N,1.3654,41,K,N
832,K41P,2.0508,41,K,P
833,K41Q,0.8037,41,K,Q
834,K41R,-0.0601,41,K,R
835,K41S,1.1456,41,K,S
836,K41T,0.8949,41,K,T
837,K41V,0.3556,41,K,V
838,K41W,0.42,41,K,W
839,K41Y,0.3385,41,K,Y
840,Q42A,0.481,42,Q,A
841,Q42C,-0.332,42,Q,C
842,Q42D,1.0167,42,Q,D
843,Q42E,0.3658,42,Q,E
844,Q42F,-0.1579,42,Q,F
845,Q42G,1.1305,42,Q,G
846,Q42H,-0.0581,42,Q,H
847,Q42I,-0.5829,42,Q,I
848,Q42K,0.0427,42,Q,K
849,Q42L,-0.1023,42,Q,L
850,Q42M,-0.1575,42,Q,M
851,Q42N,0.5583,42,Q,N
852,Q42P,1.0999,42,Q,P
853,Q42Q,0.0,42,Q,Q
854,Q42R,0.0482,42,Q,R
855,Q42S,0.3465,42,Q,S
856,Q42T,-0.0507,42,Q,T
857,Q42V,-0.4545,42,Q,V
858,Q42W,-0.2652,42,Q,W
859,Q42Y,-0.3044,42,Q,Y
860,V43A,1.2609,43,V,A
861,V43C,0.4191,43,V,C
862,V43D,3.1308,43,V,D
863,V43E,2.5571,43,V,E
864,V43F,0.9206,43,V,F
865,V43G,2.4029,43,V,G
866,V43H,2.1176,43,V,H
867,V43I,0.358,43,V,I
868,V43K,2.4782,43,V,K
869,V43L,0.7773,43,V,L
870,V43M,0.6878,43,V,M
871,V43N,2.6925,43,V,N
872,V43P,3.2317,43,V,P
873,V43Q,2.1805,43,V,Q
874,V43R,2.3071,43,V,R
875,V43S,2.0013,43,V,S
876,V43T,1.7131,43,V,T
877,V43V,0.0,43,V,V
878,V43W,1.158,43,V,W
879,V43Y,1.2584,43,V,Y
880,V44A,1.0801,44,V,A
881,V44C,0.2213,44,V,C
882,V44D,1.371,44,V,D
883,V44E,0.9502,44,V,E
884,V44F,0.4515,44,V,F
885,V44G,1.607,44,V,G
886,V44H,0.5096,44,V,H
887,V44I,-0.0467,44,V,I
888,V44K,0.6703,44,V,K
889,V44L,0.4409,44,V,L
890,V44M,0.5608,44,V,M
891,V44N,1.0091,44,V,N
892,V44P,1.8553,44,V,P
893,V44Q,0.6411,44,V,Q
894,V44R,0.7544,44,V,R
895,V44S,0.8077,44,V,S
896,V44T,0.3419,44,V,T
897,V44V,0.0,44,V,V
898,V44W,0.4757,44,V,W
899,V44Y,0.3487,44,V,Y
900,I45A,1.5331,45,I,A
901,I45C,1.0511,45,I,C
902,I45D,1.9882,45,I,D
903,I45E,2.0809,45,I,E
904,I45F,0.9944,45,I,F
905,I45G,2.0777,45,I,G
906,I45H,1.5583,45,I,H
907,I45I,0.0,45,I,I
908,I45K,1.8453,45,I,K
909,I45L,0.7026,45,I,L
910,I45M,1.0894,45,I,M
911,I45N,1.8835,45,I,N
912,I45P,2.2583,45,I,P
913,I45Q,1.8713,45,I,Q
914,I45R,1.8984,45,I,R
915,I45S,1.8999,45,I,S
916,I45T,1.7015,45,I,T
917,I45V,0.5963,45,I,V
918,I45W,1.1856,45,I,W
919,I45Y,1.0897,45,I,Y
920,D46A,1.5972,46,D,A
921,D46C,0.75,46,D,C
922,D46D,0.0,46,D,D
923,D46E,1.0971,46,D,E
924,D46F,1.2369,46,D,F
925,D46G,1.3524,46,D,G
926,D46H,1.228,46,D,H
927,D46I,1.774,46,D,I
928,D46K,1.5795,46,D,K
929,D46L,1.4361,46,D,L
930,D46M,1.4638,46,D,M
931,D46N,0.5412,46,D,N
932,D46P,2.1959,46,D,P
933,D46Q,1.4079,46,D,Q
934,D46R,1.6375,46,D,R
935,D46S,1.1802,46,D,S
936,D46T,1.74,46,D,T
937,D46V,1.7921,46,D,V
938,D46W,1.4457,46,D,W
939,D46Y,1.4583,46,D,Y
940,G47A,1.0147,47,G,A
941,G47C,0.3963,47,G,C
942,G47D,0.8801,47,G,D
943,G47E,1.0025,47,G,E
944,G47F,0.857,47,G,F
945,G47G,0.0,47,G,G
946,G47H,0.8368,47,G,H
947,G47I,1.2808,47,G,I
948,G47K,1.0622,47,G,K
949,G47L,0.9223,47,G,L
950,G47M,0.9381,47,G,M
951,G47N,0.6406,47,G,N
952,G47P,1.6141,47,G,P
953,G47Q,1.0533,47,G,Q
954,G47R,1.0741,47,G,R
955,G47S,1.0056,47,G,S
956,G47T,1.2846,47,G,T
957,G47V,1.3014,47,G,V
958,G47W,1.0026,47,G,W
959,G47Y,0.9714,47,G,Y
960,E48A,0.6364,48,E,A
961,E48C,0.0981,48,E,C
962,E48D,0.5029,48,E,D
963,E48E,0.0,48,E,E
964,E48F,0.3217,48,E,F
965,E48G,1.077,48,E,G
966,E48H,0.4298,48,E,H
967,E48I,0.1989,48,E,I
968,E48K,0.5703,48,E,K
969,E48L,0.371,48,E,L
970,E48M,0.4615,48,E,M
971,E48N,0.6332,48,E,N
972,E48P,1.6702,48,E,P
973,E48Q,0.3333,48,E,Q
974,E48R,0.718,48,E,R
975,E48S,0.6804,48,E,S
976,E48T,0.507,48,E,T
977,E48V,0.089,48,E,V
978,E48W,0.3543,48,E,W
979,E48Y,0.303,48,E,Y
980,T49A,0.421,49,T,A
981,T49C,-0.1776,49,T,C
982,T49D,0.7946,49,T,D
983,T49E,0.4039,49,T,E
984,T49F,-0.2121,49,T,F
985,T49G,0.7109,49,T,G
986,T49H,-0.0192,49,T,H
987,T49I,-0.2807,49,T,I
988,T49K,-0.0299,49,T,K
989,T49L,-0.2064,49,T,L
990,T49M,-0.058,49,T,M
991,T49N,0.3349,49,T,N
992,T49P,0.3527,49,T,P
993,T49Q,0.2154,49,T,Q
994,T49R,-0.0151,49,T,R
995,T49S,0.2753,49,T,S
996,T49T,0.0,49,T,T
997,T49V,-0.0981,49,T,V
998,T49W,-0.2908,49,T,W
999,T49Y,-0.3091,49,T,Y
1000,C50A,0.6313,50,C,A
1001,C50C,0.0,50,C,C
1002,C50D,2.2867,50,C,D
1003,C50E,1.821,50,C,E
1004,C50F,0.6008,50,C,F
1005,C50G,1.2742,50,C,G
1006,C50H,1.7302,50,C,H
1007,C50I,0.1723,50,C,I
1008,C50K,2.2182,50,C,K
1009,C50L,0.226,50,C,L
1010,C50M,0.5285,50,C,M
1011,C50N,2.0752,50,C,N
1012,C50P,2.1259,50,C,P
1013,C50Q,1.9571,50,C,Q
1014,C50R,2.2023,50,C,R
1015,C50S,1.5168,50,C,S
1016,C50T,1.4001,50,C,T
1017,C50V,-0.2418,50,C,V
1018,C50W,1.1708,50,C,W
1019,C50Y,1.2031,50,C,Y
1020,L51A,1.7138,51,L,A
1021,L51C,0.5597,51,L,C
1022,L51D,2.2826,51,L,D
1023,L51E,1.6313,51,L,E
1024,L51F,0.6156,51,L,F
1025,L51G,2.5254,51,L,G
1026,L51H,1.3589,51,L,H
1027,L51I,0.2174,51,L,I
1028,L51K,1.4307,51,L,K
1029,L51L,0.0,51,L,L
1030,L51M,0.5478,51,L,M
1031,L51N,1.7601,51,L,N
1032,L51P,2.9976,51,L,P
1033,L51Q,1.3681,51,L,Q
1034,L51R,1.4474,51,L,R
1035,L51S,1.6969,51,L,S
1036,L51T,1.032,51,L,T
1037,L51V,0.4052,51,L,V
1038,L51W,0.6866,51,L,W
1039,L51Y,0.7274,51,L,Y
1040,L52A,2.1919,52,L,A
1041,L52C,1.3453,52,L,C
1042,L52D,2.7451,52,L,D
1043,L52E,2.5698,52,L,E
1044,L52F,1.1236,52,L,F
1045,L52G,2.7002,52,L,G
1046,L52H,2.3975,52,L,H
1047,L52I,0.8888,52,L,I
1048,L52K,2.3885,52,L,K
1049,L52L,0.0,52,L,L
1050,L52M,0.9118,52,L,M
1051,L52N,2.6707,52,L,N
1052,L52P,2.8642,52,L,P
1053,L52Q,2.4559,52,L,Q
1054,L52R,2.3441,52,L,R
1055,L52S,2.4846,52,L,S
1056,L52T,2.1933,52,L,T
1057,L52V,1.494,52,L,V
1058,L52W,1.5873,52,L,W
1059,L52Y,1.5918,52,L,Y
1060,D53A,0.2272,53,D,A
1061,D53C,-0.4653,53,D,C
1062,D53D,0.0,53,D,D
1063,D53E,0.3825,53,D,E
1064,D53F,-0.1296,53,D,F
1065,D53G,0.8407,53,D,G
1066,D53H,-0.4315,53,D,H
1067,D53I,-0.3681,53,D,I
1068,D53K,0.0418,53,D,K
1069,D53L,0.0231,53,D,L
1070,D53M,0.0221,53,D,M
1071,D53N,-0.2893,53,D,N
1072,D53P,1.7573,53,D,P
1073,D53Q,-0.0314,53,D,Q
1074,D53R,-0.082,53,D,R
1075,D53S,-0.2503,53,D,S
1076,D53T,-0.0521,53,D,T
1077,D53V,-0.4427,53,D,V
1078,D53W,-0.1923,53,D,W
1079,D53Y,-0.2967,53,D,Y
1080,I54A,2.1907,54,I,A
1081,I54C,1.5563,54,I,C
1082,I54D,2.9523,54,I,D
1083,I54E,2.8641,54,I,E
1084,I54F,1.4975,54,I,F
1085,I54G,2.7972,54,I,G
1086,I54H,2.5951,54,I,H
1087,I54I,0.0,54,I,I
1088,I54K,2.641,54,I,K
1089,I54L,0.8983,54,I,L
1090,I54M,1.4391,54,I,M
1091,I54N,2.7983,54,I,N
1092,I54P,2.6597,54,I,P
1093,I54Q,2.7615,54,I,Q
1094,I54R,2.6538,54,I,R
1095,I54S,2.7502,54,I,S
1096,I54T,2.3263,54,I,T
1097,I54V,0.7018,54,I,V
1098,I54W,1.9232,54,I,W
1099,I54Y,1.8997,54,I,Y
1100,L55A,0.8552,55,L,A
1101,L55C,-0.0514,55,L,C
1102,L55D,2.0209,55,L,D
1103,L55E,1.5311,55,L,E
1104,L55F,0.0697,55,L,F
1105,L55G,1.9836,55,L,G
1106,L55H,0.4683,55,L,H
1107,L55I,-0.7446,55,L,I
1108,L55K,0.3046,55,L,K
1109,L55L,0.0,55,L,L
1110,L55M,0.1412,55,L,M
1111,L55N,1.0071,55,L,N
1112,L55P,2.3222,55,L,P
1113,L55Q,0.6794,55,L,Q
1114,L55R,0.2521,55,L,R
1115,L55S,0.7218,55,L,S
1116,L55T,-0.0186,55,L,T
1117,L55V,-0.4791,55,L,V
1118,L55W,0.0868,55,L,W
1119,L55Y,-0.1021,55,L,Y
1120,D56A,2.13,56,D,A
1121,D56C,1.2148,56,D,C
1122,D56D,0.0,56,D,D
1123,D56E,1.6144,56,D,E
1124,D56F,1.7271,56,D,F
1125,D56G,2.3781,56,D,G
1126,D56H,1.788,56,D,H
1127,D56I,1.8514,56,D,I
1128,D56K,2.2922,56,D,K
1129,D56L,1.9506,56,D,L
1130,D56M,2.0739,56,D,M
1131,D56N,0.9436,56,D,N
1132,D56P,2.6455,56,D,P
1133,D56Q,1.9923,56,D,Q
1134,D56R,2.1935,56,D,R
1135,D56S,1.3776,56,D,S
1136,D56T,1.8044,56,D,T
1137,D56V,1.801,56,D,V
1138,D56W,1.8464,56,D,W
1139,D56Y,2.091,56,D,Y
1140,T57A,0.6945,57,T,A
1141,T57C,-0.1372,57,T,C
1142,T57D,1.8672,57,T,D
1143,T57E,1.6172,57,T,E
1144,T57F,0.3164,57,T,F
1145,T57G,1.4226,57,T,G
1146,T57H,1.6518,57,T,H
1147,T57I,-0.9421,57,T,I
1148,T57K,1.614,57,T,K
1149,T57L,-1.1008,57,T,L
1150,T57M,-0.3689,57,T,M
1151,T57N,1.6328,57,T,N
1152,T57P,1.7586,57,T,P
1153,T57Q,1.3104,57,T,Q
1154,T57R,1.6493,57,T,R
1155,T57S,1.0338,57,T,S
1156,T57T,0.0,57,T,T
1157,T57V,-0.7713,57,T,V
1158,T57W,0.8444,57,T,W
1159,T57Y,0.9242,57,T,Y
1160,A58A,0.0,58,A,A
1161,A58C,0.4661,58,A,C
1162,A58D,1.2998,58,A,D
1163,A58E,1.2794,58,A,E
1164,A58F,0.959,58,A,F
1165,A58G,0.8712,58,A,G
1166,A58H,1.3489,58,A,H
1167,A58I,1.0063,58,A,I
1168,A58K,1.2905,58,A,K
1169,A58L,1.0225,58,A,L
1170,A58M,0.825,58,A,M
1171,A58N,1.3115,58,A,N
1172,A58P,1.1673,58,A,P
1173,A58Q,1.1825,58,A,Q
1174,A58R,1.2584,58,A,R
1175,A58S,0.3591,58,A,S
1176,A58T,0.6981,58,A,T
1177,A58V,0.6892,58,A,V
1178,A58W,0.9347,58,A,W
1179,A58Y,1.119,58,A,Y
1180,G59A,1.5289,59,G,A
1181,G59C,1.2311,59,G,C
1182,G59D,2.0991,59,G,D
1183,G59E,2.1861,59,G,E
1184,G59F,1.2469,59,G,F
1185,G59G,0.0,59,G,G
1186,G59H,1.8675,59,G,H
1187,G59I,1.4831,59,G,I
1188,G59K,2.0167,59,G,K
1189,G59L,1.5095,59,G,L
1190,G59M,1.3701,59,G,M
1191,G59N,1.9929,59,G,N
1192,G59P,1.7645,59,G,P
1193,G59Q,1.8557,59,G,Q
1194,G59R,1.9665,59,G,R
1195,G59S,1.369,59,G,S
1196,G59T,1.4049,59,G,T
1197,G59V,1.5253,59,G,V
1198,G59W,1.3604,59,G,W
1199,G59Y,1.4226,59,G,Y
1200,Q60A,-0.0042,60,Q,A
1201,Q60C,-0.3082,60,Q,C
1202,Q60D,-0.44,60,Q,D
1203,Q60E,-0.1462,60,Q,E
1204,Q60F,-0.0203,60,Q,F
1205,Q60G,0.0763,60,Q,G
1206,Q60H,0.0065,60,Q,H
1207,Q60I,0.0222,60,Q,I
1208,Q60K,0.0807,60,Q,K
1209,Q60L,-0.0376,60,Q,L
1210,Q60M,0.0237,60,Q,M
1211,Q60N,-0.1593,60,Q,N
1212,Q60P,0.5963,60,Q,P
1213,Q60Q,0.0,60,Q,Q
1214,Q60R,0.1442,60,Q,R
1215,Q60S,-0.291,60,Q,S
1216,Q60T,-0.3407,60,Q,T
1217,Q60V,0.2129,60,Q,V
1218,Q60W,0.1176,60,Q,W
1219,Q60Y,0.1209,60,Q,Y
1220,E61A,0.0117,61,E,A
1221,E61C,0.085,61,E,C
1222,E61D,0.3025,61,E,D
1223,E61E,0.0,61,E,E
1224,E61F,0.3602,61,E,F
1225,E61G,0.4388,61,E,G
1226,E61H,0.1405,61,E,H
1227,E61I,0.2225,61,E,I
1228,E61K,0.0536,61,E,K
1229,E61L,0.2556,61,E,L
1230,E61M,0.2849,61,E,M
1231,E61N,0.2792,61,E,N
1232,E61P,0.0176,61,E,P
1233,E61Q,0.0565,61,E,Q
1234,E61R,0.1397,61,E,R
1235,E61S,0.1152,61,E,S
1236,E61T,0.3417,61,E,T
1237,E61V,0.3251,61,E,V
1238,E61W,0.3118,61,E,W
1239,E61Y,0.2133,61,E,Y
1240,E62A,-0.0823,62,E,A
1241,E62C,0.0339,62,E,C
1242,E62D,0.4575,62,E,D
1243,E62E,0.0,62,E,E
1244,E62F,0.3249,62,E,F
1245,E62G,0.384,62,E,G
1246,E62H,0.1888,62,E,H
1247,E62I,0.1121,62,E,I
1248,E62K,-0.0562,62,E,K
1249,E62L,0.2231,62,E,L
1250,E62M,0.168,62,E,M
1251,E62N,0.3965,62,E,N
1252,E62P,0.4065,62,E,P
1253,E62Q,0.0111,62,E,Q
1254,E62R,-0.0418,62,E,R
1255,E62S,0.0773,62,E,S
1256,E62T,0.2473,62,E,T
1257,E62V,0.2369,62,E,V
1258,E62W,0.2378,62,E,W
1259,E62Y,0.2325,62,E,Y
1260,Y63A,1.6071,63,Y,A
1261,Y63C,0.7689,63,Y,C
1262,Y63D,2.0756,63,Y,D
1263,Y63E,2.1486,63,Y,E
1264,Y63F,0.0996,63,Y,F
1265,Y63G,1.6337,63,Y,G
1266,Y63H,0.739,63,Y,H
1267,Y63I,1.9368,63,Y,I
1268,Y63K,1.6527,63,Y,K
1269,Y63L,1.2691,63,Y,L
1270,Y63M,1.1665,63,Y,M
1271,Y63N,1.3591,63,Y,N
1272,Y63P,2.5959,63,Y,P
1273,Y63Q,1.6302,63,Y,Q
1274,Y63R,1.487,63,Y,R
1275,Y63S,1.8238,63,Y,S
1276,Y63T,1.9628,63,Y,T
1277,Y63V,2.0015,63,Y,V
1278,Y63W,0.4768,63,Y,W
1279,Y63Y,0.0,63,Y,Y
1280,S64A,-0.2094,64,S,A
1281,S64C,0.0057,64,S,C
1282,S64D,0.1855,64,S,D
1283,S64E,-0.0473,64,S,E
1284,S64F,0.6357,64,S,F
1285,S64G,0.4196,64,S,G
1286,S64H,0.1674,64,S,H
1287,S64I,0.4991,64,S,I
1288,S64K,0.0915,64,S,K
1289,S64L,0.3155,64,S,L
1290,S64M,0.2182,64,S,M
1291,S64N,-0.1528,64,S,N
1292,S64P,1.7659,64,S,P
1293,S64Q,0.067,64,S,Q
1294,S64R,0.0396,64,S,R
1295,S64S,0.0,64,S,S
1296,S64T,0.5782,64,S,T
1297,S64V,0.5278,64,S,V
1298,S64W,0.6313,64,S,W
1299,S64Y,0.5619,64,S,Y
1300,A65A,0.0,65,A,A
1301,A65C,-0.1366,65,A,C
1302,A65D,0.2406,65,A,D
1303,A65E,0.1929,65,A,E
1304,A65F,0.2444,65,A,F
1305,A65G,0.1963,65,A,G
1306,A65H,-0.0868,65,A,H
1307,A65I,0.3113,65,A,I
1308,A65K,0.2891,65,A,K
1309,A65L,0.2672,65,A,L
1310,A65M,0.3055,65,A,M
1311,A65N,0.0936,65,A,N
1312,A65P,0.049,65,A,P
1313,A65Q,0.2065,65,A,Q
1314,A65R,0.2926,65,A,R
1315,A65S,0.1119,65,A,S
1316,A65T,0.27,65,A,T
1317,A65V,0.3145,65,A,V
1318,A65W,0.2975,65,A,W
1319,A65Y,0.0918,65,A,Y
1320,M66A,0.9434,66,M,A
1321,M66C,0.447,66,M,C
1322,M66D,1.7472,66,M,D
1323,M66E,1.5253,66,M,E
1324,M66F,0.3877,66,M,F
1325,M66G,1.7395,66,M,G
1326,M66H,0.8079,66,M,H
1327,M66I,0.4443,66,M,I
1328,M66K,0.8583,66,M,K
1329,M66L,0.0428,66,M,L
1330,M66M,0.0,66,M,M
1331,M66N,1.2142,66,M,N
1332,M66P,2.4902,66,M,P
1333,M66Q,0.7728,66,M,Q
1334,M66R,0.8128,66,M,R
1335,M66S,1.2455,66,M,S
1336,M66T,1.1315,66,M,T
1337,M66V,0.8253,66,M,V
1338,M66W,0.2174,66,M,W
1339,M66Y,0.2261,66,M,Y
1340,R67A,0.7528,67,R,A
1341,R67C,0.25,67,R,C
1342,R67D,1.1452,67,R,D
1343,R67E,1.0479,67,R,E
1344,R67F,0.0417,67,R,F
1345,R67G,1.7397,67,R,G
1346,R67H,0.5726,67,R,H
1347,R67I,0.0732,67,R,I
1348,R67K,0.4574,67,R,K
1349,R67L,-0.3293,67,R,L
1350,R67M,0.1229,67,R,M
1351,R67N,0.9062,67,R,N
1352,R67P,1.9589,67,R,P
1353,R67Q,0.8056,67,R,Q
1354,R67R,0.0,67,R,R
1355,R67S,1.0656,67,R,S
1356,R67T,0.9302,67,R,T
1357,R67V,0.4345,67,R,V
1358,R67W,-0.4064,67,R,W
1359,R67Y,-0.2318,67,R,Y
1360,D68A,0.562,68,D,A
1361,D68C,0.3852,68,D,C
1362,D68D,0.0,68,D,D
1363,D68E,0.3568,68,D,E
1364,D68F,0.7498,68,D,F
1365,D68G,0.7327,68,D,G
1366,D68H,0.6883,68,D,H
1367,D68I,0.8637,68,D,I
1368,D68K,0.8602,68,D,K
1369,D68L,0.7735,68,D,L
1370,D68M,0.8365,68,D,M
1371,D68N,0.522,68,D,N
1372,D68P,0.3645,68,D,P
1373,D68Q,0.7422,68,D,Q
1374,D68R,0.8965,68,D,R
1375,D68S,0.4556,68,D,S
1376,D68T,0.7831,68,D,T
1377,D68V,0.9604,68,D,V
1378,D68W,0.6214,68,D,W
1379,D68Y,0.7402,68,D,Y
1380,Q69A,0.1538,69,Q,A
1381,Q69C,-0.1767,69,Q,C
1382,Q69D,0.8067,69,Q,D
1383,Q69E,0.4358,69,Q,E
1384,Q69F,-0.0963,69,Q,F
1385,Q69G,0.7246,69,Q,G
1386,Q69H,0.0261,69,Q,H
1387,Q69I,-0.1134,69,Q,I
1388,Q69K,-0.1488,69,Q,K
1389,Q69L,0.0338,69,Q,L
1390,Q69M,-0.0292,69,Q,M
1391,Q69N,0.452,69,Q,N
1392,Q69P,1.9553,69,Q,P
1393,Q69Q,0.0,69,Q,Q
1394,Q69R,-0.1997,69,Q,R
1395,Q69S,0.3742,69,Q,S
1396,Q69T,0.3132,69,Q,T
1397,Q69V,0.036,69,Q,V
1398,Q69W,-0.1769,69,Q,W
1399,Q69Y,-0.2583,69,Q,Y
1400,Y70A,1.0981,70,Y,A
1401,Y70C,0.6906,70,Y,C
1402,Y70D,2.317,70,Y,D
1403,Y70E,2.302,70,Y,E
1404,Y70F,0.2769,70,Y,F
1405,Y70G,1.9979,70,Y,G
1406,Y70H,1.2584,70,Y,H
1407,Y70I,0.587,70,Y,I
1408,Y70K,1.6089,70,Y,K
1409,Y70L,0.6248,70,Y,L
1410,Y70M,0.9409,70,Y,M
1411,Y70N,1.7577,70,Y,N
1412,Y70P,2.0845,70,Y,P
1413,Y70Q,1.7678,70,Y,Q
1414,Y70R,1.5676,70,Y,R
1415,Y70S,1.5603,70,Y,S
1416,Y70T,1.294,70,Y,T
1417,Y70V,0.5594,70,Y,V
1418,Y70W,0.1278,70,Y,W
1419,Y70Y,0.0,70,Y,Y
1420,M71A,0.9012,71,M,A
1421,M71C,0.7031,71,M,C
1422,M71D,1.4924,71,M,D
1423,M71E,1.739,71,M,E
1424,M71F,-0.2733,71,M,F
1425,M71G,1.7546,71,M,G
1426,M71H,1.628,71,M,H
1427,M71I,0.4205,71,M,I
1428,M71K,2.3786,71,M,K
1429,M71L,0.136,71,M,L
1430,M71M,0.0,71,M,M
1431,M71N,1.8915,71,M,N
1432,M71P,2.0992,71,M,P
1433,M71Q,1.6294,71,M,Q
1434,M71R,2.243,71,M,R
1435,M71S,1.5318,71,M,S
1436,M71T,1.5438,71,M,T
1437,M71V,1.031,71,M,V
1438,M71W,0.3364,71,M,W
1439,M71Y,0.3457,71,M,Y
1440,R72A,0.4503,72,R,A
1441,R72C,0.6449,72,R,C
1442,R72D,1.3939,72,R,D
1443,R72E,0.88,72,R,E
1444,R72F,0.8611,72,R,F
1445,R72G,1.2655,72,R,G
1446,R72H,0.8988,72,R,H
1447,R72I,0.6593,72,R,I
1448,R72K,0.2523,72,R,K
1449,R72L,0.4867,72,R,L
1450,R72M,0.5509,72,R,M
1451,R72N,1.0356,72,R,N
1452,R72P,2.7022,72,R,P
1453,R72Q,0.6369,72,R,Q
1454,R72R,0.0,72,R,R
1455,R72S,0.7746,72,R,S
1456,R72T,0.9116,72,R,T
1457,R72V,0.8599,72,R,V
1458,R72W,0.849,72,R,W
1459,R72Y,0.878,72,R,Y
1460,T73A,-0.0931,73,T,A
1461,T73C,-0.2897,73,T,C
1462,T73D,0.2687,73,T,D
1463,T73E,-0.1626,73,T,E
1464,T73F,-0.0026,73,T,F
1465,T73G,0.4431,73,T,G
1466,T73H,0.0542,73,T,H
1467,T73I,-0.1383,73,T,I
1468,T73K,-0.0029,73,T,K
1469,T73L,-0.1613,73,T,L
1470,T73M,-0.1666,73,T,M
1471,T73N,0.213,73,T,N
1472,T73P,1.7516,73,T,P
1473,T73Q,-0.1032,73,T,Q
1474,T73R,-0.0021,73,T,R
1475,T73S,0.0779,73,T,S
1476,T73T,0.0,73,T,T
1477,T73V,-0.0968,73,T,V
1478,T73W,-0.1284,73,T,W
1479,T73Y,-0.091,73,T,Y
1480,G74A,0.3455,74,G,A
1481,G74C,0.8005,74,G,C
1482,G74D,1.9389,74,G,D
1483,G74E,1.8864,74,G,E
1484,G74F,0.9359,74,G,F
1485,G74G,0.0,74,G,G
1486,G74H,1.5076,74,G,H
1487,G74I,1.1167,74,G,I
1488,G74K,1.7139,74,G,K
1489,G74L,1.4443,74,G,L
1490,G74M,1.2063,74,G,M
1491,G74N,1.8301,74,G,N
1492,G74P,1.8121,74,G,P
1493,G74Q,1.6294,74,G,Q
1494,G74R,1.5536,74,G,R
1495,G74S,1.1094,74,G,S
1496,G74T,1.2957,74,G,T
1497,G74V,1.1525,74,G,V
1498,G74W,0.9321,74,G,W
1499,G74Y,0.9024,74,G,Y
1500,E75A,1.5682,75,E,A
1501,E75C,1.3908,75,E,C
1502,E75D,0.8827,75,E,D
1503,E75E,0.0,75,E,E
1504,E75F,2.246,75,E,F
1505,E75G,2.2923,75,E,G
1506,E75H,1.8198,75,E,H
1507,E75I,2.0273,75,E,I
1508,E75K,2.42,75,E,K
1509,E75L,1.8553,75,E,L
1510,E75M,1.4989,75,E,M
1511,E75N,1.9358,75,E,N
1512,E75P,2.7472,75,E,P
1513,E75Q,1.0335,75,E,Q
1514,E75R,2.555,75,E,R
1515,E75S,1.7246,75,E,S
1516,E75T,1.8,75,E,T
1517,E75V,2.0555,75,E,V
1518,E75W,1.8797,75,E,W
1519,E75Y,1.9643,75,E,Y
1520,G76A,1.749,76,G,A
1521,G76C,1.5897,76,G,C
1522,G76D,2.9137,76,G,D
1523,G76E,2.8997,76,G,E
1524,G76F,1.5654,76,G,F
1525,G76G,0.0,76,G,G
1526,G76H,2.3989,76,G,H
1527,G76I,2.0496,76,G,I
1528,G76K,2.7967,76,G,K
1529,G76L,2.1474,76,G,L
1530,G76M,2.0717,76,G,M
1531,G76N,2.7663,76,G,N
1532,G76P,2.7393,76,G,P
1533,G76Q,2.7102,76,G,Q
1534,G76R,2.537,76,G,R
1535,G76S,2.3903,76,G,S
1536,G76T,2.5996,76,G,T
1537,G76V,1.8717,76,G,V
1538,G76W,1.7475,76,G,W
1539,G76Y,1.6966,76,G,Y
1540,F77A,1.5357,77,F,A
1541,F77C,1.0877,77,F,C
1542,F77D,2.63,77,F,D
1543,F77E,2.5024,77,F,E
1544,F77F,0.0,77,F,F
1545,F77G,2.1518,77,F,G
1546,F77H,2.2287,77,F,H
1547,F77I,0.6485,77,F,I
1548,F77K,2.3224,77,F,K
1549,F77L,0.898,77,F,L
1550,F77M,1.0551,77,F,M
1551,F77N,2.5048,77,F,N
1552,F77P,2.1005,77,F,P
1553,F77Q,2.3345,77,F,Q
1554,F77R,2.2842,77,F,R
1555,F77S,2.0166,77,F,S
1556,F77T,1.7049,77,F,T
1557,F77V,0.6869,77,F,V
1558,F77W,0.9735,77,F,W
1559,F77Y,0.8098,77,F,Y
1560,L78A,2.3606,78,L,A
1561,L78C,1.638,78,L,C
1562,L78D,3.3449,78,L,D
1563,L78E,3.1143,78,L,E
1564,L78F,1.8135,78,L,F
1565,L78G,2.9271,78,L,G
1566,L78H,3.2244,78,L,H
1567,L78I,0.9939,78,L,I
1568,L78K,3.1159,78,L,K
1569,L78L,0.0,78,L,L
1570,L78M,1.2124,78,L,M
1571,L78N,3.2293,78,L,N
1572,L78P,3.4487,78,L,P
1573,L78Q,3.1838,78,L,Q
1574,L78R,3.1905,78,L,R
1575,L78S,3.1603,78,L,S
1576,L78T,3.0376,78,L,T
1577,L78V,1.5498,78,L,V
1578,L78W,2.4443,78,L,W
1579,L78Y,2.52,78,L,Y
1580,C79A,1.0095,79,C,A
1581,C79C,0.0,79,C,C
1582,C79D,1.7062,79,C,D
1583,C79E,1.4834,79,C,E
1584,C79F,0.5144,79,C,F
1585,C79G,1.4432,79,C,G
1586,C79H,1.4274,79,C,H
1587,C79I,-0.5095,79,C,I
1588,C79K,1.6309,79,C,K
1589,C79L,-0.8865,79,C,L
1590,C79M,-0.0763,79,C,M
1591,C79N,1.4749,79,C,N
1592,C79P,2.0449,79,C,P
1593,C79Q,1.5364,79,C,Q
1594,C79R,1.6706,79,C,R
1595,C79S,1.4456,79,C,S
1596,C79T,1.207,79,C,T
1597,C79V,-0.2781,79,C,V
1598,C79W,0.8158,79,C,W
1599,C79Y,0.9131,79,C,Y
1600,V80A,1.5541,80,V,A
1601,V80C,1.0102,80,V,C
1602,V80D,2.225,80,V,D
1603,V80E,2.3004,80,V,E
1604,V80F,1.3519,80,V,F
1605,V80G,2.1472,80,V,G
1606,V80H,2.1922,80,V,H
1607,V80I,0.528,80,V,I
1608,V80K,2.3713,80,V,K
1609,V80L,1.1246,80,V,L
1610,V80M,1.4847,80,V,M
1611,V80N,2.3322,80,V,N
1612,V80P,1.8522,80,V,P
1613,V80Q,2.2788,80,V,Q
1614,V80R,2.4096,80,V,R
1615,V80S,2.1106,80,V,S
1616,V80T,1.508,80,V,T
1617,V80V,0.0,80,V,V
1618,V80W,1.8136,80,V,W
1619,V80Y,1.7706,80,V,Y
1620,F81A,1.2136,81,F,A
1621,F81C,0.8158,81,F,C
1622,F81D,2.3381,81,F,D
1623,F81E,2.1204,81,F,E
1624,F81F,0.0,81,F,F
1625,F81G,2.0258,81,F,G
1626,F81H,2.3957,81,F,H
1627,F81I,0.6704,81,F,I
1628,F81K,2.3483,81,F,K
1629,F81L,1.0789,81,F,L
1630,F81M,0.9587,81,F,M
1631,F81N,2.5115,81,F,N
1632,F81P,1.8607,81,F,P
1633,F81Q,2.2656,81,F,Q
1634,F81R,2.3955,81,F,R
1635,F81S,1.6809,81,F,S
1636,F81T,1.6106,81,F,T
1637,F81V,0.821,81,F,V
1638,F81W,1.6706,81,F,W
1639,F81Y,1.4362,81,F,Y
1640,A82A,0.0,82,A,A
1641,A82C,0.9846,82,A,C
1642,A82D,1.6955,82,A,D
1643,A82E,2.135,82,A,E
1644,A82F,1.7745,82,A,F
1645,A82G,0.8999,82,A,G
1646,A82H,2.0192,82,A,H
1647,A82I,1.7063,82,A,I
1648,A82K,1.9895,82,A,K
1649,A82L,1.995,82,A,L
1650,A82M,1.5234,82,A,M
1651,A82N,1.9499,82,A,N
1652,A82P,2.0787,82,A,P
1653,A82Q,1.8899,82,A,Q
1654,A82R,1.8064,82,A,R
1655,A82S,0.518,82,A,S
1656,A82T,1.1492,82,A,T
1657,A82V,1.3825,82,A,V
1658,A82W,1.5355,82,A,W
1659,A82Y,1.8442,82,A,Y
1660,I83A,0.509,83,I,A
1661,I83C,-0.118,83,I,C
1662,I83D,1.9058,83,I,D
1663,I83E,1.7683,83,I,E
1664,I83F,0.8375,83,I,F
1665,I83G,1.2234,83,I,G
1666,I83H,0.6787,83,I,H
1667,I83I,0.0,83,I,I
1668,I83K,0.3832,83,I,K
1669,I83L,0.1576,83,I,L
1670,I83M,0.3568,83,I,M
1671,I83N,0.9195,83,I,N
1672,I83P,1.9622,83,I,P
1673,I83Q,0.7215,83,I,Q
1674,I83R,0.569,83,I,R
1675,I83S,0.7896,83,I,S
1676,I83T,0.785,83,I,T
1677,I83V,0.0001,83,I,V
1678,I83W,0.6442,83,I,W
1679,I83Y,0.5932,83,I,Y
1680,N84A,0.8854,84,N,A
1681,N84C,0.1341,84,N,C
1682,N84D,0.168,84,N,D
1683,N84E,1.0033,84,N,E
1684,N84F,0.6118,84,N,F
1685,N84G,0.4355,84,N,G
1686,N84H,0.5452,84,N,H
1687,N84I,1.1811,84,N,I
1688,N84K,1.1672,84,N,K
1689,N84L,0.9244,84,N,L
1690,N84M,0.8848,84,N,M
1691,N84N,0.0,84,N,N
1692,N84P,1.3715,84,N,P
1693,N84Q,1.0241,84,N,Q
1694,N84R,1.1469,84,N,R
1695,N84S,0.5309,84,N,S
1696,N84T,0.9122,84,N,T
1697,N84V,1.1519,84,N,V
1698,N84W,0.6457,84,N,W
1699,N84Y,0.668,84,N,Y
1700,N85A,1.0277,85,N,A
1701,N85C,0.3696,85,N,C
1702,N85D,-0.0548,85,N,D
1703,N85E,0.9132,85,N,E
1704,N85F,1.063,85,N,F
1705,N85G,1.5707,85,N,G
1706,N85H,0.7539,85,N,H
1707,N85I,1.0334,85,N,I
1708,N85K,1.2694,85,N,K
1709,N85L,0.8967,85,N,L
1710,N85M,0.9657,85,N,M
1711,N85N,0.0,85,N,N
1712,N85P,2.643,85,N,P
1713,N85Q,0.9324,85,N,Q
1714,N85R,1.1563,85,N,R
1715,N85S,0.5205,85,N,S
1716,N85T,1.1985,85,N,T
1717,N85V,0.9055,85,N,V
1718,N85W,1.1017,85,N,W
1719,N85Y,1.1854,85,N,Y
1720,T86A,-0.1241,86,T,A
1721,T86C,-0.2573,86,T,C
1722,T86D,0.9246,86,T,D
1723,T86E,0.1821,86,T,E
1724,T86F,-0.2127,86,T,F
1725,T86G,0.3885,86,T,G
1726,T86H,-0.2869,86,T,H
1727,T86I,-0.1667,86,T,I
1728,T86K,-0.5866,86,T,K
1729,T86L,-0.0481,86,T,L
1730,T86M,0.0319,86,T,M
1731,T86N,0.2751,86,T,N
1732,T86P,0.0787,86,T,P
1733,T86Q,0.0043,86,T,Q
1734,T86R,-0.6151,86,T,R
1735,T86S,-0.0045,86,T,S
1736,T86T,0.0,86,T,T
1737,T86V,-0.1108,86,T,V
1738,T86W,-0.0731,86,T,W
1739,T86Y,-0.4599,86,T,Y
1740,K87A,0.2913,87,K,A
1741,K87C,0.4104,87,K,C
1742,K87D,0.955,87,K,D
1743,K87E,0.6691,87,K,E
1744,K87F,0.6747,87,K,F
1745,K87G,0.7682,87,K,G
1746,K87H,0.4853,87,K,H
1747,K87I,0.4498,87,K,I
1748,K87K,0.0,87,K,K
1749,K87L,0.5022,87,K,L
1750,K87M,0.5299,87,K,M
1751,K87N,0.6447,87,K,N
1752,K87P,0.9622,87,K,P
1753,K87Q,0.3366,87,K,Q
1754,K87R,0.0681,87,K,R
1755,K87S,0.46,87,K,S
1756,K87T,0.6196,87,K,T
1757,K87V,0.5555,87,K,V
1758,K87W,0.6409,87,K,W
1759,K87Y,0.5998,87,K,Y
1760,S88A,0.7972,88,S,A
1761,S88C,0.8813,88,S,C
1762,S88D,1.1426,88,S,D
1763,S88E,1.5322,88,S,E
1764,S88F,1.6001,88,S,F
1765,S88G,1.016,88,S,G
1766,S88H,1.7587,88,S,H
1767,S88I,1.7679,88,S,I
1768,S88K,1.8724,88,S,K
1769,S88L,1.951,88,S,L
1770,S88M,1.5257,88,S,M
1771,S88N,1.4082,88,S,N
1772,S88P,1.6007,88,S,P
1773,S88Q,1.5932,88,S,Q
1774,S88R,1.8124,88,S,R
1775,S88S,0.0,88,S,S
1776,S88T,0.4668,88,S,T
1777,S88V,1.7955,88,S,V
1778,S88W,1.3952,88,S,W
1779,S88Y,1.7432,88,S,Y
1780,F89A,2.2214,89,F,A
1781,F89C,1.4132,89,F,C
1782,F89D,2.9366,89,F,D
1783,F89E,2.7149,89,F,E
1784,F89F,0.0,89,F,F
1785,F89G,2.5377,89,F,G
1786,F89H,2.5557,89,F,H
1787,F89I,1.122,89,F,I
1788,F89K,2.4066,89,F,K
1789,F89L,0.7692,89,F,L
1790,F89M,1.0266,89,F,M
1791,F89N,2.6382,89,F,N
1792,F89P,2.3784,89,F,P
1793,F89Q,2.5818,89,F,Q
1794,F89R,2.2413,89,F,R
1795,F89S,2.6031,89,F,S
1796,F89T,2.3595,89,F,T
1797,F89V,1.4752,89,F,V
1798,F89W,1.4795,89,F,W
1799,F89Y,1.4913,89,F,Y
1800,E90A,0.4195,90,E,A
1801,E90C,-0.0268,90,E,C
1802,E90D,0.4548,90,E,D
1803,E90E,0.0,90,E,E
1804,E90F,0.0529,90,E,F
1805,E90G,0.9854,90,E,G
1806,E90H,0.1524,90,E,H
1807,E90I,0.2922,90,E,I
1808,E90K,0.2707,90,E,K
1809,E90L,0.0127,90,E,L
1810,E90M,0.0871,90,E,M
1811,E90N,0.3844,90,E,N
1812,E90P,2.4702,90,E,P
1813,E90Q,0.083,90,E,Q
1814,E90R,0.302,90,E,R
1815,E90S,0.6819,90,E,S
1816,E90T,0.4491,90,E,T
1817,E90V,0.3895,90,E,V
1818,E90W,0.1764,90,E,W
1819,E90Y,-0.0145,90,E,Y
1820,D91A,-0.235,91,D,A
1821,D91C,-0.1666,91,D,C
1822,D91D,0.0,91,D,D
1823,D91E,-0.1819,91,D,E
1824,D91F,-0.0361,91,D,F
1825,D91G,0.4909,91,D,G
1826,D91H,0.2543,91,D,H
1827,D91I,-0.1231,91,D,I
1828,D91K,-0.0619,91,D,K
1829,D91L,-0.5343,91,D,L
1830,D91M,-0.4029,91,D,M
1831,D91N,0.3151,91,D,N
1832,D91P,1.8682,91,D,P
1833,D91Q,-0.1327,91,D,Q
1834,D91R,-0.2345,91,D,R
1835,D91S,0.1787,91,D,S
1836,D91T,0.2934,91,D,T
1837,D91V,0.2057,91,D,V
1838,D91W,-0.0057,91,D,W
1839,D91Y,0.0212,91,D,Y
1840,I92A,1.8747,92,I,A
1841,I92C,1.292,92,I,C
1842,I92D,2.9529,92,I,D
1843,I92E,2.8657,92,I,E
1844,I92F,1.8997,92,I,F
1845,I92G,2.7139,92,I,G
1846,I92H,2.6767,92,I,H
1847,I92I,0.0,92,I,I
1848,I92K,2.2254,92,I,K
1849,I92L,0.2565,92,I,L
1850,I92M,0.8918,92,I,M
1851,I92N,2.6802,92,I,N
1852,I92P,3.2513,92,I,P
1853,I92Q,2.2782,92,I,Q
1854,I92R,2.2665,92,I,R
1855,I92S,2.3611,92,I,S
1856,I92T,1.8404,92,I,T
1857,I92V,0.5905,92,I,V
1858,I92W,2.0779,92,I,W
1859,I92Y,2.2242,92,I,Y
1860,H93A,0.3576,93,H,A
1861,H93C,0.0497,93,H,C
1862,H93D,0.4383,93,H,D
1863,H93E,0.3398,93,H,E
1864,H93F,0.2449,93,H,F
1865,H93G,0.7222,93,H,G
1866,H93H,0.0,93,H,H
1867,H93I,0.1593,93,H,I
1868,H93K,0.4673,93,H,K
1869,H93L,0.3479,93,H,L
1870,H93M,0.4608,93,H,M
1871,H93N,0.3954,93,H,N
1872,H93P,1.455,93,H,P
1873,H93Q,0.3927,93,H,Q
1874,H93R,0.3972,93,H,R
1875,H93S,0.4367,93,H,S
1876,H93T,0.3753,93,H,T
1877,H93V,0.1806,93,H,V
1878,H93W,0.2628,93,H,W
1879,H93Y,0.0449,93,H,Y
1880,H94A,0.2278,94,H,A
1881,H94C,-0.1716,94,H,C
1882,H94D,0.4983,94,H,D
1883,H94E,0.3533,94,H,E
1884,H94F,-0.0737,94,H,F
1885,H94G,0.8864,94,H,G
1886,H94H,0.0,94,H,H
1887,H94I,-0.0799,94,H,I
1888,H94K,0.226,94,H,K
1889,H94L,0.1465,94,H,L
1890,H94M,0.1731,94,H,M
1891,H94N,0.3955,94,H,N
1892,H94P,1.5205,94,H,P
1893,H94Q,0.2316,94,H,Q
1894,H94R,0.1681,94,H,R
1895,H94S,0.2697,94,H,S
1896,H94T,0.2156,94,H,T
1897,H94V,0.0056,94,H,V
1898,H94W,-0.1754,94,H,W
1899,H94Y,-0.255,94,H,Y
1900,Y95A,2.2853,95,Y,A
1901,Y95C,1.2855,95,Y,C
1902,Y95D,2.1817,95,Y,D
1903,Y95E,2.1625,95,Y,E
1904,Y95F,0.496,95,Y,F
1905,Y95G,2.9814,95,Y,G
1906,Y95H,1.6986,95,Y,H
1907,Y95I,1.6183,95,Y,I
1908,Y95K,2.4263,95,Y,K
1909,Y95L,1.6193,95,Y,L
1910,Y95M,1.6701,95,Y,M
1911,Y95N,2.2891,95,Y,N
1912,Y95P,3.1879,95,Y,P
1913,Y95Q,2.1463,95,Y,Q
1914,Y95R,2.2885,95,Y,R
1915,Y95S,2.4213,95,Y,S
1916,Y95T,2.219,95,Y,T
1917,Y95V,1.6037,95,Y,V
1918,Y95W,-0.2422,95,Y,W
1919,Y95Y,0.0,95,Y,Y
1920,R96A,-0.0727,96,R,A
1921,R96C,-0.5517,96,R,C
1922,R96D,1.3641,96,R,D
1923,R96E,1.0147,96,R,E
1924,R96F,-0.7327,96,R,F
1925,R96G,0.8462,96,R,G
1926,R96H,0.2657,96,R,H
1927,R96I,-1.7516,96,R,I
1928,R96K,0.2592,96,R,K
1929,R96L,-1.6099,96,R,L
1930,R96M,-1.0441,96,R,M
1931,R96N,0.9071,96,R,N
1932,R96P,1.3783,96,R,P
1933,R96Q,0.4976,96,R,Q
1934,R96R,0.0,96,R,R
1935,R96S,0.6399,96,R,S
1936,R96T,0.3312,96,R,T
1937,R96V,-1.107,96,R,V
1938,R96W,-0.859,96,R,W
1939,R96Y,-0.7642,96,R,Y
1940,E97A,0.2372,97,E,A
1941,E97C,0.1924,97,E,C
1942,E97D,0.1527,97,E,D
1943,E97E,0.0,97,E,E
1944,E97F,0.7536,97,E,F
1945,E97G,1.0007,97,E,G
1946,E97H,0.6707,97,E,H
1947,E97I,0.5721,97,E,I
1948,E97K,0.5568,97,E,K
1949,E97L,0.3239,97,E,L
1950,E97M,0.4447,97,E,M
1951,E97N,0.3698,97,E,N
1952,E97P,2.4798,97,E,P
1953,E97Q,0.4207,97,E,Q
1954,E97R,0.5092,97,E,R
1955,E97S,0.4898,97,E,S
1956,E97T,0.7044,97,E,T
1957,E97V,0.6706,97,E,V
1958,E97W,0.6834,97,E,W
1959,E97Y,0.7613,97,E,Y
1960,Q98A,0.1564,98,Q,A
1961,Q98C,0.4393,98,Q,C
1962,Q98D,0.8581,98,Q,D
1963,Q98E,0.4046,98,Q,E
1964,Q98F,0.6093,98,Q,F
1965,Q98G,1.2167,98,Q,G
1966,Q98H,0.6467,98,Q,H
1967,Q98I,0.4822,98,Q,I
1968,Q98K,0.4614,98,Q,K
1969,Q98L,0.012,98,Q,L
1970,Q98M,-0.1514,98,Q,M
1971,Q98N,0.9193,98,Q,N
1972,Q98P,3.066,98,Q,P
1973,Q98Q,0.0,98,Q,Q
1974,Q98R,0.3955,98,Q,R
1975,Q98S,0.5475,98,Q,S
1976,Q98T,0.7255,98,Q,T
1977,Q98V,0.6764,98,Q,V
1978,Q98W,0.6224,98,Q,W
1979,Q98Y,0.7019,98,Q,Y
1980,I99A,1.6603,99,I,A
1981,I99C,1.6396,99,I,C
1982,I99D,2.8254,99,I,D
1983,I99E,2.5773,99,I,E
1984,I99F,1.6697,99,I,F
1985,I99G,2.8139,99,I,G
1986,I99H,2.8257,99,I,H
1987,I99I,0.0,99,I,I
1988,I99K,2.7296,99,I,K
1989,I99L,0.8304,99,I,L
1990,I99M,1.3653,99,I,M
1991,I99N,2.8919,99,I,N
1992,I99P,3.1758,99,I,P
1993,I99Q,2.6323,99,I,Q
1994,I99R,2.704,99,I,R
1995,I99S,2.4745,99,I,S
1996,I99T,1.9738,99,I,T
1997,I99V,0.8845,99,I,V
1998,I99W,2.0355,99,I,W
1999,I99Y,2.0183,99,I,Y
2000,K100A,0.5157,100,K,A
2001,K100C,0.1482,100,K,C
2002,K100D,1.3279,100,K,D
2003,K100E,0.5526,100,K,E
2004,K100F,0.3761,100,K,F
2005,K100G,1.2336,100,K,G
2006,K100H,0.4307,100,K,H
2007,K100I,-0.0858,100,K,I
2008,K100K,0.0,100,K,K
2009,K100L,0.0926,100,K,L
2010,K100M,0.1054,100,K,M
2011,K100N,0.8056,100,K,N
2012,K100P,2.2993,100,K,P
2013,K100Q,0.1984,100,K,Q
2014,K100R,-0.0499,100,K,R
2015,K100S,0.711,100,K,S
2016,K100T,0.3784,100,K,T
2017,K100V,0.0204,100,K,V
2018,K100W,0.4729,100,K,W
2019,K100Y,0.3561,100,K,Y
2020,R101A,0.6629,101,R,A
2021,R101C,0.7605,101,R,C
2022,R101D,1.5283,101,R,D
2023,R101E,1.1072,101,R,E
2024,R101F,0.9303,101,R,F
2025,R101G,1.5184,101,R,G
2026,R101H,0.9321,101,R,H
2027,R101I,0.6183,101,R,I
2028,R101K,0.2842,101,R,K
2029,R101L,0.5564,101,R,L
2030,R101M,0.6084,101,R,M
2031,R101N,1.0051,101,R,N
2032,R101P,3.1306,101,R,P
2033,R101Q,0.7405,101,R,Q
2034,R101R,0.0,101,R,R
2035,R101S,0.9101,101,R,S
2036,R101T,0.9,101,R,T
2037,R101V,0.8649,101,R,V
2038,R101W,0.9592,101,R,W
2039,R101Y,0.8694,101,R,Y
2040,V102A,1.0914,102,V,A
2041,V102C,0.6356,102,V,C
2042,V102D,2.3572,102,V,D
2043,V102E,1.6432,102,V,E
2044,V102F,0.8932,102,V,F
2045,V102G,2.3659,102,V,G
2046,V102H,1.6674,102,V,H
2047,V102I,-0.1054,102,V,I
2048,V102K,1.7135,102,V,K
2049,V102L,0.4828,102,V,L
2050,V102M,0.6277,102,V,M
2051,V102N,2.1484,102,V,N
2052,V102P,2.5573,102,V,P
2053,V102Q,1.4475,102,V,Q
2054,V102R,1.6293,102,V,R
2055,V102S,1.5576,102,V,S
2056,V102T,0.8049,102,V,T
2057,V102V,0.0,102,V,V
2058,V102W,0.9914,102,V,W
2059,V102Y,1.021,102,V,Y
2060,K103A,1.0927,103,K,A
2061,K103C,0.4602,103,K,C
2062,K103D,3.2151,103,K,D
2063,K103E,2.458,103,K,E
2064,K103F,0.7591,103,K,F
2065,K103G,2.1007,103,K,G
2066,K103H,0.9528,103,K,H
2067,K103I,1.0294,103,K,I
2068,K103K,0.0,103,K,K
2069,K103L,0.9964,103,K,L
2070,K103M,0.5264,103,K,M
2071,K103N,1.7532,103,K,N
2072,K103P,2.5938,103,K,P
2073,K103Q,0.7717,103,K,Q
2074,K103R,0.0344,103,K,R
2075,K103S,1.238,103,K,S
2076,K103T,1.4012,103,K,T
2077,K103V,1.1951,103,K,V
2078,K103W,0.739,103,K,W
2079,K103Y,0.5761,103,K,Y
2080,D104A,0.2857,104,D,A
2081,D104C,-0.3298,104,D,C
2082,D104D,0.0,104,D,D
2083,D104E,0.244,104,D,E
2084,D104F,0.1727,104,D,F
2085,D104G,-0.4174,104,D,G
2086,D104H,-0.0259,104,D,H
2087,D104I,0.9984,104,D,I
2088,D104K,0.1375,104,D,K
2089,D104L,0.3772,104,D,L
2090,D104M,0.1279,104,D,M
2091,D104N,-0.3327,104,D,N
2092,D104P,1.4443,104,D,P
2093,D104Q,0.0686,104,D,Q
2094,D104R,0.2455,104,D,R
2095,D104S,0.2275,104,D,S
2096,D104T,0.8048,104,D,T
2097,D104V,1.0074,104,D,V
2098,D104W,0.4291,104,D,W
2099,D104Y,0.3877,104,D,Y
2100,S105A,0.7177,105,S,A
2101,S105C,0.7268,105,S,C
2102,S105D,0.3876,105,S,D
2103,S105E,0.8951,105,S,E
2104,S105F,1.356,105,S,F
2105,S105G,0.9309,105,S,G
2106,S105H,1.207,105,S,H
2107,S105I,1.3317,105,S,I
2108,S105K,1.3002,105,S,K
2109,S105L,1.2182,105,S,L
2110,S105M,1.0152,105,S,M
2111,S105N,0.676,105,S,N
2112,S105P,1.5436,105,S,P
2113,S105Q,0.9935,105,S,Q
2114,S105R,1.282,105,S,R
2115,S105S,0.0,105,S,S
2116,S105T,0.123,105,S,T
2117,S105V,1.3371,105,S,V
2118,S105W,1.242,105,S,W
2119,S105Y,1.5465,105,S,Y
2120,E106A,0.3013,106,E,A
2121,E106C,0.1173,106,E,C
2122,E106D,0.0019,106,E,D
2123,E106E,0.0,106,E,E
2124,E106F,0.4227,106,E,F
2125,E106G,0.5704,106,E,G
2126,E106H,0.3327,106,E,H
2127,E106I,0.3925,106,E,I
2128,E106K,0.5157,106,E,K
2129,E106L,0.2914,106,E,L
2130,E106M,0.4156,106,E,M
2131,E106N,0.2873,106,E,N
2132,E106P,0.2899,106,E,P
2133,E106Q,0.3285,106,E,Q
2134,E106R,0.5974,106,E,R
2135,E106S,0.3106,106,E,S
2136,E106T,0.3871,106,E,T
2137,E106V,0.4457,106,E,V
2138,E106W,0.3402,106,E,W
2139,E106Y,0.3357,106,E,Y
2140,D107A,0.82,107,D,A
2141,D107C,0.3473,107,D,C
2142,D107D,0.0,107,D,D
2143,D107E,0.3016,107,D,E
2144,D107F,0.793,107,D,F
2145,D107G,1.0906,107,D,G
2146,D107H,0.7089,107,D,H
2147,D107I,1.0309,107,D,I
2148,D107K,1.2818,107,D,K
2149,D107L,1.0349,107,D,L
2150,D107M,0.9694,107,D,M
2151,D107N,0.6386,107,D,N
2152,D107P,1.3527,107,D,P
2153,D107Q,0.8359,107,D,Q
2154,D107R,1.313,107,D,R
2155,D107S,0.7578,107,D,S
2156,D107T,0.9268,107,D,T
2157,D107V,1.07,107,D,V
2158,D107W,0.7013,107,D,W
2159,D107Y,0.6486,107,D,Y
2160,V108A,1.2321,108,V,A
2161,V108C,0.6817,108,V,C
2162,V108D,2.0496,108,V,D
2163,V108E,1.9583,108,V,E
2164,V108F,0.8163,108,V,F
2165,V108G,2.0777,108,V,G
2166,V108H,1.8537,108,V,H
2167,V108I,0.4071,108,V,I
2168,V108K,2.0924,108,V,K
2169,V108L,0.6755,108,V,L
2170,V108M,1.0061,108,V,M
2171,V108N,2.0553,108,V,N
2172,V108P,1.4656,108,V,P
2173,V108Q,1.9832,108,V,Q
2174,V108R,2.1114,108,V,R
2175,V108S,1.7596,108,V,S
2176,V108T,1.1933,108,V,T
2177,V108V,0.0,108,V,V
2178,V108W,0.964,108,V,W
2179,V108Y,1.075,108,V,Y
2180,P109A,2.4747,109,P,A
2181,P109C,1.4323,109,P,C
2182,P109D,3.3629,109,P,D
2183,P109E,2.8024,109,P,E
2184,P109F,1.8193,109,P,F
2185,P109G,2.9342,109,P,G
2186,P109H,2.9233,109,P,H
2187,P109I,1.5689,109,P,I
2188,P109K,2.6552,109,P,K
2189,P109L,1.4082,109,P,L
2190,P109M,1.8495,109,P,M
2191,P109N,2.9555,109,P,N
2192,P109P,0.0,109,P,P
2193,P109Q,3.0058,109,P,Q
2194,P109R,2.7915,109,P,R
2195,P109S,2.8897,109,P,S
2196,P109T,2.839,109,P,T
2197,P109V,1.7392,109,P,V
2198,P109W,2.2102,109,P,W
2199,P109Y,2.0728,109,P,Y
2200,M110A,1.7154,110,M,A
2201,M110C,1.0535,110,M,C
2202,M110D,2.9656,110,M,D
2203,M110E,2.4398,110,M,E
2204,M110F,1.0314,110,M,F
2205,M110G,2.3369,110,M,G
2206,M110H,2.3353,110,M,H
2207,M110I,0.6701,110,M,I
2208,M110K,2.8089,110,M,K
2209,M110L,0.5076,110,M,L
2210,M110M,0.0,110,M,M
2211,M110N,2.8263,110,M,N
2212,M110P,2.6577,110,M,P
2213,M110Q,2.1201,110,M,Q
2214,M110R,2.487,110,M,R
2215,M110S,2.258,110,M,S
2216,M110T,2.3154,110,M,T
2217,M110V,1.1701,110,M,V
2218,M110W,1.584,110,M,W
2219,M110Y,1.6013,110,M,Y
2220,V111A,2.2962,111,V,A
2221,V111C,1.463,111,V,C
2222,V111D,3.1122,111,V,D
2223,V111E,2.9306,111,V,E
2224,V111F,1.9791,111,V,F
2225,V111G,2.9382,111,V,G
2226,V111H,2.9423,111,V,H
2227,V111I,0.5549,111,V,I
2228,V111K,2.9876,111,V,K
2229,V111L,1.2156,111,V,L
2230,V111M,1.981,111,V,M
2231,V111N,3.12,111,V,N
2232,V111P,2.9993,111,V,P
2233,V111Q,3.0289,111,V,Q
2234,V111R,2.9906,111,V,R
2235,V111S,3.0646,111,V,S
2236,V111T,2.3611,111,V,T
2237,V111V,0.0,111,V,V
2238,V111W,2.4739,111,V,W
2239,V111Y,2.422,111,V,Y
2240,L112A,2.0836,112,L,A
2241,L112C,1.3778,112,L,C
2242,L112D,2.7439,112,L,D
2243,L112E,2.6818,112,L,E
2244,L112F,1.2074,112,L,F
2245,L112G,2.5908,112,L,G
2246,L112H,2.5888,112,L,H
2247,L112I,0.6502,112,L,I
2248,L112K,2.7064,112,L,K
2249,L112L,0.0,112,L,L
2250,L112M,1.1544,112,L,M
2251,L112N,2.7411,112,L,N
2252,L112P,2.7185,112,L,P
2253,L112Q,2.7946,112,L,Q
2254,L112R,2.768,112,L,R
2255,L112S,2.6938,112,L,S
2256,L112T,2.4048,112,L,T
2257,L112V,1.0632,112,L,V
2258,L112W,1.8155,112,L,W
2259,L112Y,1.7469,112,L,Y
2260,V113A,2.3269,113,V,A
2261,V113C,1.3311,113,V,C
2262,V113D,2.9398,113,V,D
2263,V113E,3.0328,113,V,E
2264,V113F,1.8971,113,V,F
2265,V113G,2.7901,113,V,G
2266,V113H,2.9363,113,V,H
2267,V113I,0.1457,113,V,I
2268,V113K,3.0117,113,V,K
2269,V113L,1.1002,113,V,L
2270,V113M,1.7827,113,V,M
2271,V113N,2.9427,113,V,N
2272,V113P,3.0602,113,V,P
2273,V113Q,3.0524,113,V,Q
2274,V113R,3.0226,113,V,R
2275,V113S,2.836,113,V,S
2276,V113T,2.2096,113,V,T
2277,V113V,0.0,113,V,V
2278,V113W,2.4655,113,V,W
2279,V113Y,2.3983,113,V,Y
2280,G114A,0.356,114,G,A
2281,G114C,0.8315,114,G,C
2282,G114D,2.6407,114,G,D
2283,G114E,2.6773,114,G,E
2284,G114F,1.0561,114,G,F
2285,G114G,0.0,114,G,G
2286,G114H,2.0341,114,G,H
2287,G114I,1.3656,114,G,I
2288,G114K,2.0421,114,G,K
2289,G114L,1.3676,114,G,L
2290,G114M,1.2811,114,G,M
2291,G114N,2.4949,114,G,N
2292,G114P,2.5246,114,G,P
2293,G114Q,2.1398,114,G,Q
2294,G114R,1.8723,114,G,R
2295,G114S,1.377,114,G,S
2296,G114T,1.9242,114,G,T
2297,G114V,1.3017,114,G,V
2298,G114W,1.1931,114,G,W
2299,G114Y,1.4166,114,G,Y
2300,N115A,1.1912,115,N,A
2301,N115C,0.6934,115,N,C
2302,N115D,0.761,115,N,D
2303,N115E,1.365,115,N,E
2304,N115F,1.3621,115,N,F
2305,N115G,1.6373,115,N,G
2306,N115H,0.787,115,N,H
2307,N115I,1.3949,115,N,I
2308,N115K,1.4429,115,N,K
2309,N115L,1.0734,115,N,L
2310,N115M,1.2782,115,N,M
2311,N115N,0.0,115,N,N
2312,N115P,1.9616,115,N,P
2313,N115Q,1.4426,115,N,Q
2314,N115R,1.3565,115,N,R
2315,N115S,0.9426,115,N,S
2316,N115T,1.5471,115,N,T
2317,N115V,1.1726,115,N,V
2318,N115W,1.4223,115,N,W
2319,N115Y,1.323,115,N,Y
2320,K116A,1.4553,116,K,A
2321,K116C,0.9061,116,K,C
2322,K116D,3.762,116,K,D
2323,K116E,3.1366,116,K,E
2324,K116F,1.3556,116,K,F
2325,K116G,1.9917,116,K,G
2326,K116H,1.5336,116,K,H
2327,K116I,1.5469,116,K,I
2328,K116K,0.0,116,K,K
2329,K116L,0.7251,116,K,L
2330,K116M,0.4058,116,K,M
2331,K116N,1.9151,116,K,N
2332,K116P,2.1837,116,K,P
2333,K116Q,0.8477,116,K,Q
2334,K116R,0.3026,116,K,R
2335,K116S,1.7076,116,K,S
2336,K116T,1.9459,116,K,T
2337,K116V,1.9234,116,K,V
2338,K116W,2.1369,116,K,W
2339,K116Y,1.7133,116,K,Y
2340,C117A,0.2472,117,C,A
2341,C117C,0.0,117,C,C
2342,C117D,1.2017,117,C,D
2343,C117E,1.2679,117,C,E
2344,C117F,0.4745,117,C,F
2345,C117G,0.8316,117,C,G
2346,C117H,0.7866,117,C,H
2347,C117I,0.0958,117,C,I
2348,C117K,0.8066,117,C,K
2349,C117L,0.4776,117,C,L
2350,C117M,0.2618,117,C,M
2351,C117N,0.758,117,C,N
2352,C117P,2.1951,117,C,P
2353,C117Q,0.7664,117,C,Q
2354,C117R,0.7291,117,C,R
2355,C117S,0.1722,117,C,S
2356,C117T,0.3816,117,C,T
2357,C117V,0.1069,117,C,V
2358,C117W,0.6514,117,C,W
2359,C117Y,0.6642,117,C,Y
2360,D118A,1.7922,118,D,A
2361,D118C,1.1699,118,D,C
2362,D118D,0.0,118,D,D
2363,D118E,1.6444,118,D,E
2364,D118F,1.5887,118,D,F
2365,D118G,2.146,118,D,G
2366,D118H,1.5197,118,D,H
2367,D118I,1.802,118,D,I
2368,D118K,2.3202,118,D,K
2369,D118L,1.9342,118,D,L
2370,D118M,1.9433,118,D,M
2371,D118N,1.0156,118,D,N
2372,D118P,2.1161,118,D,P
2373,D118Q,1.904,118,D,Q
2374,D118R,2.217,118,D,R
2375,D118S,1.2252,118,D,S
2376,D118T,1.8436,118,D,T
2377,D118V,1.8899,118,D,V
2378,D118W,1.35,118,D,W
2379,D118Y,1.7132,118,D,Y
2380,L119A,1.3785,119,L,A
2381,L119C,0.7375,119,L,C
2382,L119D,1.3066,119,L,D
2383,L119E,1.457,119,L,E
2384,L119F,1.1734,119,L,F
2385,L119G,1.8766,119,L,G
2386,L119H,1.4134,119,L,H
2387,L119I,0.5498,119,L,I
2388,L119K,1.5234,119,L,K
2389,L119L,0.0,119,L,L
2390,L119M,0.5264,119,L,M
2391,L119N,1.3229,119,L,N
2392,L119P,2.7909,119,L,P
2393,L119Q,1.2452,119,L,Q
2394,L119R,1.5367,119,L,R
2395,L119S,1.3444,119,L,S
2396,L119T,1.4633,119,L,T
2397,L119V,0.9176,119,L,V
2398,L119W,1.1383,119,L,W
2399,L119Y,1.2615,119,L,Y
2400,P120A,0.0896,120,P,A
2401,P120C,0.0869,120,P,C
2402,P120D,0.1806,120,P,D
2403,P120E,0.1767,120,P,E
2404,P120F,0.4194,120,P,F
2405,P120G,0.3557,120,P,G
2406,P120H,0.3916,120,P,H
2407,P120I,0.3654,120,P,I
2408,P120K,0.268,120,P,K
2409,P120L,0.2268,120,P,L
2410,P120M,0.2869,120,P,M
2411,P120N,0.2883,120,P,N
2412,P120P,0.0,120,P,P
2413,P120Q,0.2103,120,P,Q
2414,P120R,0.3689,120,P,R
2415,P120S,0.1544,120,P,S
2416,P120T,0.222,120,P,T
2417,P120V,0.297,120,P,V
2418,P120W,0.4243,120,P,W
2419,P120Y,0.5126,120,P,Y
2420,S121A,0.1152,121,S,A
2421,S121C,-0.2503,121,S,C
2422,S121D,-0.086,121,S,D
2423,S121E,0.1669,121,S,E
2424,S121F,-0.0266,121,S,F
2425,S121G,0.078,121,S,G
2426,S121H,0.0424,121,S,H
2427,S121I,0.6408,121,S,I
2428,S121K,0.3517,121,S,K
2429,S121L,0.2743,121,S,L
2430,S121M,0.1459,121,S,M
2431,S121N,-0.1884,121,S,N
2432,S121P,0.9659,121,S,P
2433,S121Q,0.2048,121,S,Q
2434,S121R,0.3507,121,S,R
2435,S121S,0.0,121,S,S
2436,S121T,0.2584,121,S,T
2437,S121V,0.6303,121,S,V
2438,S121W,-0.1722,121,S,W
2439,S121Y,-0.0023,121,S,Y
2440,R122A,0.8973,122,R,A
2441,R122C,0.8214,122,R,C
2442,R122D,1.755,122,R,D
2443,R122E,1.6285,122,R,E
2444,R122F,0.7344,122,R,F
2445,R122G,1.3825,122,R,G
2446,R122H,1.0294,122,R,H
2447,R122I,0.4613,122,R,I
2448,R122K,0.156,122,R,K
2449,R122L,0.7194,122,R,L
2450,R122M,0.6986,122,R,M
2451,R122N,1.338,122,R,N
2452,R122P,1.224,122,R,P
2453,R122Q,0.8616,122,R,Q
2454,R122R,0.0,122,R,R
2455,R122S,1.1533,122,R,S
2456,R122T,1.0011,122,R,T
2457,R122V,0.597,122,R,V
2458,R122W,0.6148,122,R,W
2459,R122Y,0.627,122,R,Y
2460,T123A,0.5484,123,T,A
2461,T123C,0.4055,123,T,C
2462,T123D,1.322,123,T,D
2463,T123E,0.8837,123,T,E
2464,T123F,1.0611,123,T,F
2465,T123G,1.235,123,T,G
2466,T123H,0.8576,123,T,H
2467,T123I,0.6335,123,T,I
2468,T123K,0.6259,123,T,K
2469,T123L,0.5842,123,T,L
2470,T123M,0.5089,123,T,M
2471,T123N,0.9812,123,T,N
2472,T123P,2.3345,123,T,P
2473,T123Q,0.4674,123,T,Q
2474,T123R,0.5721,123,T,R
2475,T123S,0.3576,123,T,S
2476,T123T,0.0,123,T,T
2477,T123V,0.4108,123,T,V
2478,T123W,1.1666,123,T,W
2479,T123Y,1.1296,123,T,Y
2480,V124A,2.1121,124,V,A
2481,V124C,1.298,124,V,C
2482,V124D,2.4899,124,V,D
2483,V124E,2.5694,124,V,E
2484,V124F,1.8067,124,V,F
2485,V124G,2.6093,124,V,G
2486,V124H,2.6619,124,V,H
2487,V124I,0.3399,124,V,I
2488,V124K,2.7218,124,V,K
2489,V124L,1.071,124,V,L
2490,V124M,1.643,124,V,M
2491,V124N,2.5716,124,V,N
2492,V124P,2.4287,124,V,P
2493,V124Q,2.6146,124,V,Q
2494,V124R,2.7261,124,V,R
2495,V124S,2.4909,124,V,S
2496,V124T,2.0338,124,V,T
2497,V124V,0.0,124,V,V
2498,V124W,1.9569,124,V,W
2499,V124Y,2.1757,124,V,Y
2500,D125A,0.3467,125,D,A
2501,D125C,0.1735,125,D,C
2502,D125D,0.0,125,D,D
2503,D125E,0.1373,125,D,E
2504,D125F,0.8415,125,D,F
2505,D125G,0.7515,125,D,G
2506,D125H,0.5779,125,D,H
2507,D125I,0.72,125,D,I
2508,D125K,0.6811,125,D,K
2509,D125L,0.5931,125,D,L
2510,D125M,0.681,125,D,M
2511,D125N,0.5047,125,D,N
2512,D125P,-0.0188,125,D,P
2513,D125Q,0.4535,125,D,Q
2514,D125R,0.8336,125,D,R
2515,D125S,0.0789,125,D,S
2516,D125T,0.3842,125,D,T
2517,D125V,0.7002,125,D,V
2518,D125W,0.8549,125,D,W
2519,D125Y,0.8867,125,D,Y
2520,T126A,-0.1465,126,T,A
2521,T126C,-0.2386,126,T,C
2522,T126D,0.4916,126,T,D
2523,T126E,0.0598,126,T,E
2524,T126F,0.0077,126,T,F
2525,T126G,0.4894,126,T,G
2526,T126H,-0.2354,126,T,H
2527,T126I,-0.3693,126,T,I
2528,T126K,-0.2598,126,T,K
2529,T126L,-0.2481,126,T,L
2530,T126M,-0.0596,126,T,M
2531,T126N,0.1127,126,T,N
2532,T126P,-0.1086,126,T,P
2533,T126Q,0.0596,126,T,Q
2534,T126R,-0.2551,126,T,R
2535,T126S,-0.0687,126,T,S
2536,T126T,0.0,126,T,T
2537,T126V,-0.1856,126,T,V
2538,T126W,-0.1339,126,T,W
2539,T126Y,-0.2578,126,T,Y
2540,K127A,0.129,127,K,A
2541,K127C,0.3466,127,K,C
2542,K127D,0.842,127,K,D
2543,K127E,0.492,127,K,E
2544,K127F,0.6922,127,K,F
2545,K127G,0.6936,127,K,G
2546,K127H,0.4592,127,K,H
2547,K127I,0.4739,127,K,I
2548,K127K,0.0,127,K,K
2549,K127L,0.3909,127,K,L
2550,K127M,0.3603,127,K,M
2551,K127N,0.5484,127,K,N
2552,K127P,1.5159,127,K,P
2553,K127Q,0.1982,127,K,Q
2554,K127R,0.0494,127,K,R
2555,K127S,0.3685,127,K,S
2556,K127T,0.5378,127,K,T
2557,K127V,0.5825,127,K,V
2558,K127W,0.5798,127,K,W
2559,K127Y,0.633,127,K,Y
2560,Q128A,0.142,128,Q,A
2561,Q128C,0.291,128,Q,C
2562,Q128D,0.2233,128,Q,D
2563,Q128E,0.0194,128,Q,E
2564,Q128F,0.7637,128,Q,F
2565,Q128G,1.124,128,Q,G
2566,Q128H,0.52,128,Q,H
2567,Q128I,0.4614,128,Q,I
2568,Q128K,0.6259,128,Q,K
2569,Q128L,0.3446,128,Q,L
2570,Q128M,0.2464,128,Q,M
2571,Q128N,0.6883,128,Q,N
2572,Q128P,3.0169,128,Q,P
2573,Q128Q,0.0,128,Q,Q
2574,Q128R,0.5529,128,Q,R
2575,Q128S,0.4144,128,Q,S
2576,Q128T,0.5138,128,Q,T
2577,Q128V,0.4731,128,Q,V
2578,Q128W,0.529,128,Q,W
2579,Q128Y,0.744,128,Q,Y
2580,A129A,0.0,129,A,A
2581,A129C,0.2272,129,A,C
2582,A129D,2.8552,129,A,D
2583,A129E,2.8617,129,A,E
2584,A129F,0.3765,129,A,F
2585,A129G,0.9158,129,A,G
2586,A129H,2.1723,129,A,H
2587,A129I,0.2562,129,A,I
2588,A129K,2.6278,129,A,K
2589,A129L,0.5499,129,A,L
2590,A129M,0.5898,129,A,M
2591,A129N,2.5202,129,A,N
2592,A129P,2.4386,129,A,P
2593,A129Q,2.4556,129,A,Q
2594,A129R,2.459,129,A,R
2595,A129S,1.5081,129,A,S
2596,A129T,1.554,129,A,T
2597,A129V,0.3555,129,A,V
2598,A129W,0.9994,129,A,W
2599,A129Y,1.0394,129,A,Y
2600,Q130A,0.2452,130,Q,A
2601,Q130C,-0.0092,130,Q,C
2602,Q130D,1.1154,130,Q,D
2603,Q130E,0.2211,130,Q,E
2604,Q130F,0.4148,130,Q,F
2605,Q130G,1.1772,130,Q,G
2606,Q130H,0.5643,130,Q,H
2607,Q130I,-0.1756,130,Q,I
2608,Q130K,0.1309,130,Q,K
2609,Q130L,-0.1665,130,Q,L
2610,Q130M,-0.1622,130,Q,M
2611,Q130N,0.941,130,Q,N
2612,Q130P,2.9689,130,Q,P
2613,Q130Q,0.0,130,Q,Q
2614,Q130R,0.0788,130,Q,R
2615,Q130S,0.6465,130,Q,S
2616,Q130T,0.4709,130,Q,T
2617,Q130V,0.0173,130,Q,V
2618,Q130W,0.2988,130,Q,W
2619,Q130Y,0.3828,130,Q,Y
2620,D131A,-0.085,131,D,A
2621,D131C,-0.046,131,D,C
2622,D131D,0.0,131,D,D
2623,D131E,-0.0537,131,D,E
2624,D131F,0.3728,131,D,F
2625,D131G,0.7838,131,D,G
2626,D131H,0.341,131,D,H
2627,D131I,0.173,131,D,I
2628,D131K,0.2516,131,D,K
2629,D131L,0.0667,131,D,L
2630,D131M,0.0484,131,D,M
2631,D131N,0.2246,131,D,N
2632,D131P,2.7456,131,D,P
2633,D131Q,0.0745,131,D,Q
2634,D131R,0.1167,131,D,R
2635,D131S,0.1828,131,D,S
2636,D131T,0.4218,131,D,T
2637,D131V,0.3688,131,D,V
2638,D131W,0.2951,131,D,W
2639,D131Y,0.3786,131,D,Y
2640,L132A,1.2935,132,L,A
2641,L132C,0.6704,132,L,C
2642,L132D,2.0653,132,L,D
2643,L132E,1.5885,132,L,E
2644,L132F,0.2974,132,L,F
2645,L132G,2.2218,132,L,G
2646,L132H,1.4924,132,L,H
2647,L132I,0.5214,132,L,I
2648,L132K,1.7336,132,L,K
2649,L132L,0.0,132,L,L
2650,L132M,0.4486,132,L,M
2651,L132N,1.9507,132,L,N
2652,L132P,2.6661,132,L,P
2653,L132Q,1.6085,132,L,Q
2654,L132R,1.6612,132,L,R
2655,L132S,1.7011,132,L,S
2656,L132T,1.3045,132,L,T
2657,L132V,0.848,132,L,V
2658,L132W,0.5075,132,L,W
2659,L132Y,0.3711,132,L,Y
2660,A133A,0.0,133,A,A
2661,A133C,1.36,133,A,C
2662,A133D,2.8762,133,A,D
2663,A133E,2.6613,133,A,E
2664,A133F,2.0821,133,A,F
2665,A133G,1.913,133,A,G
2666,A133H,2.4271,133,A,H
2667,A133I,2.0844,133,A,I
2668,A133K,2.2848,133,A,K
2669,A133L,2.0173,133,A,L
2670,A133M,1.7714,133,A,M
2671,A133N,2.7145,133,A,N
2672,A133P,2.8516,133,A,P
2673,A133Q,2.2963,133,A,Q
2674,A133R,2.2071,133,A,R
2675,A133S,1.5245,133,A,S
2676,A133T,2.2497,133,A,T
2677,A133V,1.8137,133,A,V
2678,A133W,2.1128,133,A,W
2679,A133Y,2.1371,133,A,Y
2680,R134A,0.4565,134,R,A
2681,R134C,0.5942,134,R,C
2682,R134D,1.121,134,R,D
2683,R134E,0.8379,134,R,E
2684,R134F,0.9483,134,R,F
2685,R134G,1.3227,134,R,G
2686,R134H,0.8028,134,R,H
2687,R134I,0.657,134,R,I
2688,R134K,0.2225,134,R,K
2689,R134L,0.5596,134,R,L
2690,R134M,0.5603,134,R,M
2691,R134N,0.7154,134,R,N
2692,R134P,3.135,134,R,P
2693,R134Q,0.5805,134,R,Q
2694,R134R,0.0,134,R,R
2695,R134S,0.7036,134,R,S
2696,R134T,0.9045,134,R,T
2697,R134V,0.9185,134,R,V
2698,R134W,0.9449,134,R,W
2699,R134Y,0.8943,134,R,Y
2700,S135A,-0.1394,135,S,A
2701,S135C,-0.2612,135,S,C
2702,S135D,0.5431,135,S,D
2703,S135E,0.0461,135,S,E
2704,S135F,-0.0385,135,S,F
2705,S135G,0.5827,135,S,G
2706,S135H,0.0622,135,S,H
2707,S135I,-0.0585,135,S,I
2708,S135K,-0.2185,135,S,K
2709,S135L,-0.1793,135,S,L
2710,S135M,-0.2591,135,S,M
2711,S135N,0.3418,135,S,N
2712,S135P,2.0597,135,S,P
2713,S135Q,-0.2191,135,S,Q
2714,S135R,-0.2551,135,S,R
2715,S135S,0.0,135,S,S
2716,S135T,0.0811,135,S,T
2717,S135V,0.0348,135,S,V
2718,S135W,-0.2083,135,S,W
2719,S135Y,-0.1172,135,S,Y
2720,Y136A,1.7945,136,Y,A
2721,Y136C,1.032,136,Y,C
2722,Y136D,2.629,136,Y,D
2723,Y136E,2.1782,136,Y,E
2724,Y136F,0.5363,136,Y,F
2725,Y136G,2.6714,136,Y,G
2726,Y136H,1.5866,136,Y,H
2727,Y136I,1.2613,136,Y,I
2728,Y136K,2.3807,136,Y,K
2729,Y136L,0.6847,136,Y,L
2730,Y136M,0.8969,136,Y,M
2731,Y136N,2.4241,136,Y,N
2732,Y136P,2.9286,136,Y,P
2733,Y136Q,2.0761,136,Y,Q
2734,Y136R,2.2184,136,Y,R
2735,Y136S,2.2832,136,Y,S
2736,Y136T,2.2837,136,Y,T
2737,Y136V,1.6428,136,Y,V
2738,Y136W,-0.0774,136,Y,W
2739,Y136Y,0.0,136,Y,Y
2740,G137A,0.9759,137,G,A
2741,G137C,0.4356,137,G,C
2742,G137D,1.1398,137,G,D
2743,G137E,1.1845,137,G,E
2744,G137F,0.9644,137,G,F
2745,G137G,0.0,137,G,G
2746,G137H,0.6187,137,G,H
2747,G137I,1.8324,137,G,I
2748,G137K,0.6871,137,G,K
2749,G137L,1.1184,137,G,L
2750,G137M,0.8887,137,G,M
2751,G137N,0.5253,137,G,N
2752,G137P,2.2127,137,G,P
2753,G137Q,0.7281,137,G,Q
2754,G137R,0.8019,137,G,R
2755,G137S,1.0081,137,G,S
2756,G137T,1.5866,137,G,T
2757,G137V,1.7279,137,G,V
2758,G137W,1.3193,137,G,W
2759,G137Y,1.1711,137,G,Y
2760,I138A,1.5052,138,I,A
2761,I138C,1.056,138,I,C
2762,I138D,2.3663,138,I,D
2763,I138E,2.4003,138,I,E
2764,I138F,1.1016,138,I,F
2765,I138G,2.2004,138,I,G
2766,I138H,1.9603,138,I,H
2767,I138I,0.0,138,I,I
2768,I138K,1.9678,138,I,K
2769,I138L,0.8288,138,I,L
2770,I138M,1.1397,138,I,M
2771,I138N,2.2267,138,I,N
2772,I138P,2.5303,138,I,P
2773,I138Q,1.9683,138,I,Q
2774,I138R,2.0534,138,I,R
2775,I138S,1.9143,138,I,S
2776,I138T,1.3688,138,I,T
2777,I138V,0.4875,138,I,V
2778,I138W,1.5709,138,I,W
2779,I138Y,1.369,138,I,Y
2780,P139A,0.2445,139,P,A
2781,P139C,0.3413,139,P,C
2782,P139D,1.343,139,P,D
2783,P139E,0.9976,139,P,E
2784,P139F,1.0546,139,P,F
2785,P139G,0.9846,139,P,G
2786,P139H,0.9945,139,P,H
2787,P139I,0.9391,139,P,I
2788,P139K,0.699,139,P,K
2789,P139L,0.8465,139,P,L
2790,P139M,0.7694,139,P,M
2791,P139N,0.9633,139,P,N
2792,P139P,0.0,139,P,P
2793,P139Q,0.8263,139,P,Q
2794,P139R,0.8119,139,P,R
2795,P139S,0.4719,139,P,S
2796,P139T,0.6466,139,P,T
2797,P139V,0.7266,139,P,V
2798,P139W,0.9513,139,P,W
2799,P139Y,1.0264,139,P,Y
2800,F140A,1.6812,140,F,A
2801,F140C,1.1888,140,F,C
2802,F140D,2.3328,140,F,D
2803,F140E,2.0913,140,F,E
2804,F140F,0.0,140,F,F
2805,F140G,2.0571,140,F,G
2806,F140H,1.8028,140,F,H
2807,F140I,0.856,140,F,I
2808,F140K,1.9173,140,F,K
2809,F140L,1.0916,140,F,L
2810,F140M,1.2764,140,F,M
2811,F140N,2.2287,140,F,N
2812,F140P,1.8957,140,F,P
2813,F140Q,2.07,140,F,Q
2814,F140R,1.8843,140,F,R
2815,F140S,1.9635,140,F,S
2816,F140T,1.7237,140,F,T
2817,F140V,0.9387,140,F,V
2818,F140W,0.8184,140,F,W
2819,F140Y,0.4206,140,F,Y
2820,I141A,2.0603,141,I,A
2821,I141C,1.3459,141,I,C
2822,I141D,3.076,141,I,D
2823,I141E,2.654,141,I,E
2824,I141F,1.2124,141,I,F
2825,I141G,2.9249,141,I,G
2826,I141H,2.1202,141,I,H
2827,I141I,0.0,141,I,I
2828,I141K,2.1735,141,I,K
2829,I141L,0.9166,141,I,L
2830,I141M,1.2545,141,I,M
2831,I141N,2.7857,141,I,N
2832,I141P,3.0135,141,I,P
2833,I141Q,2.3253,141,I,Q
2834,I141R,2.1747,141,I,R
2835,I141S,2.5172,141,I,S
2836,I141T,2.0187,141,I,T
2837,I141V,0.6771,141,I,V
2838,I141W,1.5116,141,I,W
2839,I141Y,1.3874,141,I,Y
2840,E142A,0.7661,142,E,A
2841,E142C,0.3828,142,E,C
2842,E142D,1.6812,142,E,D
2843,E142E,0.0,142,E,E
2844,E142F,0.9852,142,E,F
2845,E142G,1.0069,142,E,G
2846,E142H,1.1603,142,E,H
2847,E142I,0.7219,142,E,I
2848,E142K,1.7188,142,E,K
2849,E142L,0.8122,142,E,L
2850,E142M,0.5686,142,E,M
2851,E142N,1.66,142,E,N
2852,E142P,1.6558,142,E,P
2853,E142Q,0.7424,142,E,Q
2854,E142R,1.8081,142,E,R
2855,E142S,1.0109,142,E,S
2856,E142T,0.9101,142,E,T
2857,E142V,0.8013,142,E,V
2858,E142W,1.0753,142,E,W
2859,E142Y,0.9783,142,E,Y
2860,T143A,0.5079,143,T,A
2861,T143C,0.4276,143,T,C
2862,T143D,2.5758,143,T,D
2863,T143E,2.5744,143,T,E
2864,T143F,1.3838,143,T,F
2865,T143G,1.4933,143,T,G
2866,T143H,2.2886,143,T,H
2867,T143I,0.3548,143,T,I
2868,T143K,2.49,143,T,K
2869,T143L,1.0602,143,T,L
2870,T143M,1.2689,143,T,M
2871,T143N,2.2753,143,T,N
2872,T143P,1.9669,143,T,P
2873,T143Q,2.3006,143,T,Q
2874,T143R,2.2503,143,T,R
2875,T143S,1.0067,143,T,S
2876,T143T,0.0,143,T,T
2877,T143V,-0.418,143,T,V
2878,T143W,2.0567,143,T,W
2879,T143Y,1.7589,143,T,Y
2880,S144A,0.7617,144,S,A
2881,S144C,0.9397,144,S,C
2882,S144D,2.0716,144,S,D
2883,S144E,2.4977,144,S,E
2884,S144F,1.7998,144,S,F
2885,S144G,1.7401,144,S,G
2886,S144H,1.4534,144,S,H
2887,S144I,1.3624,144,S,I
2888,S144K,1.235,144,S,K
2889,S144L,1.869,144,S,L
2890,S144M,1.3859,144,S,M
2891,S144N,1.536,144,S,N
2892,S144P,2.4814,144,S,P
2893,S144Q,1.5603,144,S,Q
2894,S144R,1.0145,144,S,R
2895,S144S,0.0,144,S,S
2896,S144T,1.1813,144,S,T
2897,S144V,1.6412,144,S,V
2898,S144W,1.8598,144,S,W
2899,S144Y,1.8079,144,S,Y
2900,A145A,0.0,145,A,A
2901,A145C,0.924,145,A,C
2902,A145D,2.3384,145,A,D
2903,A145E,2.1052,145,A,E
2904,A145F,1.3226,145,A,F
2905,A145G,1.1486,145,A,G
2906,A145H,1.8418,145,A,H
2907,A145I,1.3421,145,A,I
2908,A145K,1.7984,145,A,K
2909,A145L,1.4078,145,A,L
2910,A145M,1.3424,145,A,M
2911,A145N,2.1577,145,A,N
2912,A145P,2.0344,145,A,P
2913,A145Q,1.8842,145,A,Q
2914,A145R,1.7307,145,A,R
2915,A145S,1.2167,145,A,S
2916,A145T,1.6204,145,A,T
2917,A145V,1.1759,145,A,V
2918,A145W,1.3597,145,A,W
2919,A145Y,1.4484,145,A,Y
2920,K146A,1.0125,146,K,A
2921,K146C,1.0231,146,K,C
2922,K146D,2.9832,146,K,D
2923,K146E,2.135,146,K,E
2924,K146F,1.3346,146,K,F
2925,K146G,1.9116,146,K,G
2926,K146H,1.2475,146,K,H
2927,K146I,1.5404,146,K,I
2928,K146K,0.0,146,K,K
2929,K146L,1.0477,146,K,L
2930,K146M,0.8965,146,K,M
2931,K146N,1.8371,146,K,N
2932,K146P,2.6717,146,K,P
2933,K146Q,0.9259,146,K,Q
2934,K146R,-0.1411,146,K,R
2935,K146S,1.5158,146,K,S
2936,K146T,1.8334,146,K,T
2937,K146V,1.6889,146,K,V
2938,K146W,1.4463,146,K,W
2939,K146Y,1.3256,146,K,Y
2940,T147A,1.5643,147,T,A
2941,T147C,0.991,147,T,C
2942,T147D,1.7175,147,T,D
2943,T147E,1.569,147,T,E
2944,T147F,1.2562,147,T,F
2945,T147G,1.6028,147,T,G
2946,T147H,1.2315,147,T,H
2947,T147I,1.3477,147,T,I
2948,T147K,1.2427,147,T,K
2949,T147L,1.0043,147,T,L
2950,T147M,1.2518,147,T,M
2951,T147N,1.0309,147,T,N
2952,T147P,2.1807,147,T,P
2953,T147Q,1.3534,147,T,Q
2954,T147R,1.2287,147,T,R
2955,T147S,0.8019,147,T,S
2956,T147T,0.0,147,T,T
2957,T147V,1.3326,147,T,V
2958,T147W,1.5054,147,T,W
2959,T147Y,1.2606,147,T,Y
2960,R148A,0.2156,148,R,A
2961,R148C,0.3686,148,R,C
2962,R148D,1.245,148,R,D
2963,R148E,1.1494,148,R,E
2964,R148F,0.5129,148,R,F
2965,R148G,-0.059,148,R,G
2966,R148H,0.2721,148,R,H
2967,R148I,1.6007,148,R,I
2968,R148K,-0.0297,148,R,K
2969,R148L,0.7829,148,R,L
2970,R148M,0.4408,148,R,M
2971,R148N,0.4783,148,R,N
2972,R148P,1.716,148,R,P
2973,R148Q,0.1988,148,R,Q
2974,R148R,0.0,148,R,R
2975,R148S,0.4397,148,R,S
2976,R148T,1.049,148,R,T
2977,R148V,1.4705,148,R,V
2978,R148W,0.7739,148,R,W
2979,R148Y,0.7299,148,R,Y
2980,Q149A,0.1431,149,Q,A
2981,Q149C,-0.3566,149,Q,C
2982,Q149D,0.3622,149,Q,D
2983,Q149E,0.0264,149,Q,E
2984,Q149F,-0.5464,149,Q,F
2985,Q149G,0.7314,149,Q,G
2986,Q149H,-0.2539,149,Q,H
2987,Q149I,-0.218,149,Q,I
2988,Q149K,0.2645,149,Q,K
2989,Q149L,-0.0907,149,Q,L
2990,Q149M,-0.1158,149,Q,M
2991,Q149N,0.2592,149,Q,N
2992,Q149P,1.9638,149,Q,P
2993,Q149Q,0.0,149,Q,Q
2994,Q149R,0.1852,149,Q,R
2995,Q149S,0.1603,149,Q,S
2996,Q149T,-0.0145,149,Q,T
2997,Q149V,-0.1133,149,Q,V
2998,Q149W,-0.4028,149,Q,W
2999,Q149Y,-0.719,149,Q,Y
3000,R150A,0.4843,150,R,A
3001,R150C,0.1633,150,R,C
3002,R150D,1.1032,150,R,D
3003,R150E,1.1835,150,R,E
3004,R150F,0.7139,150,R,F
3005,R150G,0.5289,150,R,G
3006,R150H,0.0979,150,R,H
3007,R150I,1.4944,150,R,I
3008,R150K,0.1547,150,R,K
3009,R150L,0.6575,150,R,L
3010,R150M,0.6356,150,R,M
3011,R150N,-0.2574,150,R,N
3012,R150P,2.3045,150,R,P
3013,R150Q,0.5715,150,R,Q
3014,R150R,0.0,150,R,R
3015,R150S,0.4977,150,R,S
3016,R150T,1.1601,150,R,T
3017,R150V,1.2808,150,R,V
3018,R150W,1.1273,150,R,W
3019,R150Y,0.896,150,R,Y
3020,V151A,1.5734,151,V,A
3021,V151C,1.037,151,V,C
3022,V151D,2.1886,151,V,D
3023,V151E,2.267,151,V,E
3024,V151F,1.4903,151,V,F
3025,V151G,2.1476,151,V,G
3026,V151H,2.2243,151,V,H
3027,V151I,0.0349,151,V,I
3028,V151K,2.2977,151,V,K
3029,V151L,0.8897,151,V,L
3030,V151M,1.3078,151,V,M
3031,V151N,2.2206,151,V,N
3032,V151P,2.1389,151,V,P
3033,V151Q,2.1789,151,V,Q
3034,V151R,2.2937,151,V,R
3035,V151S,1.8671,151,V,S
3036,V151T,1.2814,151,V,T
3037,V151V,0.0,151,V,V
3038,V151W,1.691,151,V,W
3039,V151Y,1.7913,151,V,Y
3040,E152A,0.5239,152,E,A
3041,E152C,0.2765,152,E,C
3042,E152D,0.6679,152,E,D
3043,E152E,0.0,152,E,E
3044,E152F,0.4432,152,E,F
3045,E152G,1.0548,152,E,G
3046,E152H,0.5997,152,E,H
3047,E152I,0.5899,152,E,I
3048,E152K,0.7308,152,E,K
3049,E152L,0.4134,152,E,L
3050,E152M,0.4783,152,E,M
3051,E152N,0.7435,152,E,N
3052,E152P,1.139,152,E,P
3053,E152Q,0.444,152,E,Q
3054,E152R,0.7827,152,E,R
3055,E152S,0.7546,152,E,S
3056,E152T,0.7732,152,E,T
3057,E152V,0.5886,152,E,V
3058,E152W,0.2755,152,E,W
3059,E152Y,0.3364,152,E,Y
3060,D153A,0.7007,153,D,A
3061,D153C,0.4526,153,D,C
3062,D153D,0.0,153,D,D
3063,D153E,-0.0033,153,D,E
3064,D153F,0.8489,153,D,F
3065,D153G,1.161,153,D,G
3066,D153H,0.9223,153,D,H
3067,D153I,0.819,153,D,I
3068,D153K,1.166,153,D,K
3069,D153L,0.6024,153,D,L
3070,D153M,0.6243,153,D,M
3071,D153N,0.9048,153,D,N
3072,D153P,1.6199,153,D,P
3073,D153Q,0.5752,153,D,Q
3074,D153R,1.1369,153,D,R
3075,D153S,0.8266,153,D,S
3076,D153T,0.6846,153,D,T
3077,D153V,1.0149,153,D,V
3078,D153W,0.8001,153,D,W
3079,D153Y,0.8532,153,D,Y
3080,A154A,0.0,154,A,A
3081,A154C,0.6313,154,A,C
3082,A154D,2.7329,154,A,D
3083,A154E,2.4818,154,A,E
3084,A154F,1.4622,154,A,F
3085,A154G,1.5622,154,A,G
3086,A154H,2.3688,154,A,H
3087,A154I,0.977,154,A,I
3088,A154K,2.555,154,A,K
3089,A154L,1.2976,154,A,L
3090,A154M,1.4447,154,A,M
3091,A154N,2.4182,154,A,N
3092,A154P,2.2547,154,A,P
3093,A154Q,2.5829,154,A,Q
3094,A154R,2.5052,154,A,R
3095,A154S,1.4167,154,A,S
3096,A154T,1.6795,154,A,T
3097,A154V,0.5721,154,A,V
3098,A154W,1.6238,154,A,W
3099,A154Y,1.6794,154,A,Y
3100,F155A,2.3601,155,F,A
3101,F155C,1.6871,155,F,C
3102,F155D,2.7081,155,F,D
3103,F155E,2.899,155,F,E
3104,F155F,0.0,155,F,F
3105,F155G,2.6861,155,F,G
3106,F155H,2.5913,155,F,H
3107,F155I,1.4507,155,F,I
3108,F155K,2.4962,155,F,K
3109,F155L,1.4017,155,F,L
3110,F155M,1.4968,155,F,M
3111,F155N,2.7523,155,F,N
3112,F155P,2.316,155,F,P
3113,F155Q,2.6712,155,F,Q
3114,F155R,2.3759,155,F,R
3115,F155S,2.5082,155,F,S
3116,F155T,2.3152,155,F,T
3117,F155V,1.612,155,F,V
3118,F155W,1.5513,155,F,W
3119,F155Y,1.4512,155,F,Y
3120,Y156A,1.3493,156,Y,A
3121,Y156C,0.6246,156,Y,C
3122,Y156D,2.0296,156,Y,D
3123,Y156E,1.9627,156,Y,E
3124,Y156F,-0.2913,156,Y,F
3125,Y156G,2.1099,156,Y,G
3126,Y156H,1.1053,156,Y,H
3127,Y156I,0.6446,156,Y,I
3128,Y156K,1.374,156,Y,K
3129,Y156L,0.0259,156,Y,L
3130,Y156M,0.5185,156,Y,M
3131,Y156N,1.3414,156,Y,N
3132,Y156P,2.1649,156,Y,P
3133,Y156Q,1.6628,156,Y,Q
3134,Y156R,1.2818,156,Y,R
3135,Y156S,1.5647,156,Y,S
3136,Y156T,1.2881,156,Y,T
3137,Y156V,1.0362,156,Y,V
3138,Y156W,0.3473,156,Y,W
3139,Y156Y,0.0,156,Y,Y
3140,T157A,0.0457,157,T,A
3141,T157C,-0.2373,157,T,C
3142,T157D,1.2643,157,T,D
3143,T157E,0.3899,157,T,E
3144,T157F,-0.0378,157,T,F
3145,T157G,1.1602,157,T,G
3146,T157H,0.1996,157,T,H
3147,T157I,0.0103,157,T,I
3148,T157K,0.2998,157,T,K
3149,T157L,-0.185,157,T,L
3150,T157M,-0.3436,157,T,M
3151,T157N,0.8487,157,T,N
3152,T157P,2.3979,157,T,P
3153,T157Q,0.0402,157,T,Q
3154,T157R,0.1524,157,T,R
3155,T157S,0.1528,157,T,S
3156,T157T,0.0,157,T,T
3157,T157V,0.0242,157,T,V
3158,T157W,-0.0152,157,T,W
3159,T157Y,-0.1344,157,T,Y
3160,L158A,1.5172,158,L,A
3161,L158C,0.7347,158,L,C
3162,L158D,2.4815,158,L,D
3163,L158E,2.1736,158,L,E
3164,L158F,0.8566,158,L,F
3165,L158G,1.9483,158,L,G
3166,L158H,2.0558,158,L,H
3167,L158I,0.2965,158,L,I
3168,L158K,2.0821,158,L,K
3169,L158L,0.0,158,L,L
3170,L158M,0.9495,158,L,M
3171,L158N,2.2185,158,L,N
3172,L158P,2.2993,158,L,P
3173,L158Q,2.2615,158,L,Q
3174,L158R,2.2327,158,L,R
3175,L158S,2.0276,158,L,S
3176,L158T,1.7063,158,L,T
3177,L158V,0.39,158,L,V
3178,L158W,1.3739,158,L,W
3179,L158Y,1.2478,158,L,Y
3180,V159A,1.322,159,V,A
3181,V159C,0.7527,159,V,C
3182,V159D,2.1586,159,V,D
3183,V159E,2.2727,159,V,E
3184,V159F,1.2224,159,V,F
3185,V159G,1.9553,159,V,G
3186,V159H,1.8669,159,V,H
3187,V159I,0.0603,159,V,I
3188,V159K,1.9632,159,V,K
3189,V159L,0.2624,159,V,L
3190,V159M,1.0134,159,V,M
3191,V159N,2.0515,159,V,N
3192,V159P,2.0365,159,V,P
3193,V159Q,2.0766,159,V,Q
3194,V159R,2.0572,159,V,R
3195,V159S,2.0453,159,V,S
3196,V159T,1.7979,159,V,T
3197,V159V,0.0,159,V,V
3198,V159W,1.4156,159,V,W
3199,V159Y,1.4461,159,V,Y
3200,R160A,1.0983,160,R,A
3201,R160C,0.84,160,R,C
3202,R160D,2.0266,160,R,D
3203,R160E,1.6922,160,R,E
3204,R160F,0.853,160,R,F
3205,R160G,1.7135,160,R,G
3206,R160H,1.0347,160,R,H
3207,R160I,0.9467,160,R,I
3208,R160K,0.4444,160,R,K
3209,R160L,0.7015,160,R,L
3210,R160M,0.8045,160,R,M
3211,R160N,1.2624,160,R,N
3212,R160P,2.7322,160,R,P
3213,R160Q,1.0722,160,R,Q
3214,R160R,0.0,160,R,R
3215,R160S,1.3146,160,R,S
3216,R160T,1.1982,160,R,T
3217,R160V,1.0483,160,R,V
3218,R160W,0.8931,160,R,W
3219,R160Y,0.8626,160,R,Y
3220,E161A,-0.161,161,E,A
3221,E161C,-1.0939,161,E,C
3222,E161D,1.0828,161,E,D
3223,E161E,0.0,161,E,E
3224,E161F,-0.5756,161,E,F
3225,E161G,0.6749,161,E,G
3226,E161H,0.2357,161,E,H
3227,E161I,-1.0486,161,E,I
3228,E161K,0.2064,161,E,K
3229,E161L,-1.419,161,E,L
3230,E161M,-1.1995,161,E,M
3231,E161N,0.6578,161,E,N
3232,E161P,0.8697,161,E,P
3233,E161Q,-0.045,161,E,Q
3234,E161R,0.1875,161,E,R
3235,E161S,0.2548,161,E,S
3236,E161T,-0.0739,161,E,T
3237,E161V,-0.963,161,E,V
3238,E161W,-0.4982,161,E,W
3239,E161Y,-0.2216,161,E,Y
3240,I162A,1.6491,162,I,A
3241,I162C,0.9661,162,I,C
3242,I162D,2.6437,162,I,D
3243,I162E,2.4775,162,I,E
3244,I162F,1.1599,162,I,F
3245,I162G,2.458,162,I,G
3246,I162H,2.1244,162,I,H
3247,I162I,0.0,162,I,I
3248,I162K,2.2155,162,I,K
3249,I162L,0.507,162,I,L
3250,I162M,0.7848,162,I,M
3251,I162N,2.4829,162,I,N
3252,I162P,2.4791,162,I,P
3253,I162Q,2.2216,162,I,Q
3254,I162R,2.2211,162,I,R
3255,I162S,2.2108,162,I,S
3256,I162T,1.7819,162,I,T
3257,I162V,0.4732,162,I,V
3258,I162W,1.28,162,I,W
3259,I162Y,1.4361,162,I,Y
3260,R163A,0.9938,163,R,A
3261,R163C,0.7199,163,R,C
3262,R163D,1.8125,163,R,D
3263,R163E,1.4719,163,R,E
3264,R163F,0.818,163,R,F
3265,R163G,1.713,163,R,G
3266,R163H,0.978,163,R,H
3267,R163I,0.638,163,R,I
3268,R163K,0.3809,163,R,K
3269,R163L,0.7846,163,R,L
3270,R163M,0.7633,163,R,M
3271,R163N,1.385,163,R,N
3272,R163P,2.4945,163,R,P
3273,R163Q,0.9476,163,R,Q
3274,R163R,0.0,163,R,R
3275,R163S,1.3042,163,R,S
3276,R163T,1.1984,163,R,T
3277,R163V,0.6925,163,R,V
3278,R163W,0.5499,163,R,W
3279,R163Y,0.643,163,R,Y
3280,Q164A,-0.1144,164,Q,A
3281,Q164C,0.0218,164,Q,C
3282,Q164D,0.4782,164,Q,D
3283,Q164E,0.1732,164,Q,E
3284,Q164F,0.4034,164,Q,F
3285,Q164G,0.6863,164,Q,G
3286,Q164H,0.2424,164,Q,H
3287,Q164I,0.0749,164,Q,I
3288,Q164K,-0.2519,164,Q,K
3289,Q164L,-0.0052,164,Q,L
3290,Q164M,0.0058,164,Q,M
3291,Q164N,0.1538,164,Q,N
3292,Q164P,2.3253,164,Q,P
3293,Q164Q,0.0,164,Q,Q
3294,Q164R,-0.3752,164,Q,R
3295,Q164S,0.1435,164,Q,S
3296,Q164T,0.331,164,Q,T
3297,Q164V,0.3073,164,Q,V
3298,Q164W,0.3832,164,Q,W
3299,Q164Y,0.3546,164,Q,Y
3300,Y165A,0.9647,165,Y,A
3301,Y165C,0.7426,165,Y,C
3302,Y165D,1.8802,165,Y,D
3303,Y165E,1.3461,165,Y,E
3304,Y165F,0.3714,165,Y,F
3305,Y165G,1.7726,165,Y,G
3306,Y165H,1.0273,165,Y,H
3307,Y165I,0.9713,165,Y,I
3308,Y165K,1.3121,165,Y,K
3309,Y165L,0.7734,165,Y,L
3310,Y165M,0.7295,165,Y,M
3311,Y165N,1.7194,165,Y,N
3312,Y165P,2.5101,165,Y,P
3313,Y165Q,1.228,165,Y,Q
3314,Y165R,1.0258,165,Y,R
3315,Y165S,1.4934,165,Y,S
3316,Y165T,1.5941,165,Y,T
3317,Y165V,1.0436,165,Y,V
3318,Y165W,0.1154,165,Y,W
3319,Y165Y,0.0,165,Y,Y
3320,R166A,0.556,166,R,A
3321,R166C,0.0625,166,R,C
3322,R166D,1.1989,166,R,D
3323,R166E,0.7776,166,R,E
3324,R166F,0.2447,166,R,F
3325,R166G,1.0708,166,R,G
3326,R166H,0.3309,166,R,H
3327,R166I,0.1475,166,R,I
3328,R166K,0.1656,166,R,K
3329,R166L,0.0246,166,R,L
3330,R166M,0.185,166,R,M
3331,R166N,0.6823,166,R,N
3332,R166P,2.0153,166,R,P
3333,R166Q,0.4722,166,R,Q
3334,R166R,0.0,166,R,R
3335,R166S,0.8865,166,R,S
3336,R166T,0.714,166,R,T
3337,R166V,0.2983,166,R,V
3338,R166W,0.1007,166,R,W
3339,R166Y,0.1216,166,R,Y
3340,L167A,0.0856,167,L,A
3341,L167C,0.1407,167,L,C
3342,L167D,0.4174,167,L,D
3343,L167E,0.1653,167,L,E
3344,L167F,0.4542,167,L,F
3345,L167G,0.8206,167,L,G
3346,L167H,0.5795,167,L,H
3347,L167I,0.1865,167,L,I
3348,L167K,0.1548,167,L,K
3349,L167L,0.0,167,L,L
3350,L167M,0.1012,167,L,M
3351,L167N,0.4863,167,L,N
3352,L167P,1.938,167,L,P
3353,L167Q,0.2369,167,L,Q
3354,L167R,0.1059,167,L,R
3355,L167S,0.3876,167,L,S
3356,L167T,0.5012,167,L,T
3357,L167V,0.4933,167,L,V
3358,L167W,0.3731,167,L,W
3359,L167Y,0.4913,167,L,Y
3360,K168A,0.0918,168,K,A
3361,K168C,0.2172,168,K,C
3362,K168D,0.6797,168,K,D
3363,K168E,0.3923,168,K,E
3364,K168F,0.4667,168,K,F
3365,K168G,0.7044,168,K,G
3366,K168H,0.4643,168,K,H
3367,K168I,0.3663,168,K,I
3368,K168K,0.0,168,K,K
3369,K168L,0.1907,168,K,L
3370,K168M,0.2191,168,K,M
3371,K168N,0.4412,168,K,N
3372,K168P,1.8036,168,K,P
3373,K168Q,0.2531,168,K,Q
3374,K168R,-0.0627,168,K,R
3375,K168S,0.3383,168,K,S
3376,K168T,0.4954,168,K,T
3377,K168V,0.5785,168,K,V
3378,K168W,0.4054,168,K,W
3379,K168Y,0.4535,168,K,Y
3380,K169A,0.4836,169,K,A
3381,K169C,0.4294,169,K,C
3382,K169D,1.2551,169,K,D
3383,K169E,0.5784,169,K,E
3384,K169F,0.6937,169,K,F
3385,K169G,1.1909,169,K,G
3386,K169H,0.7225,169,K,H
3387,K169I,0.2926,169,K,I
3388,K169K,0.0,169,K,K
3389,K169L,0.1951,169,K,L
3390,K169M,0.184,169,K,M
3391,K169N,0.8693,169,K,N
3392,K169P,2.1144,169,K,P
3393,K169Q,0.1178,169,K,Q
3394,K169R,0.0464,169,K,R
3395,K169S,0.7236,169,K,S
3396,K169T,0.5348,169,K,T
3397,K169V,0.4041,169,K,V
3398,K169W,0.658,169,K,W
3399,K169Y,0.7366,169,K,Y
3400,I170A,0.561,170,I,A
3401,I170C,0.4654,170,I,C
3402,I170D,1.0437,170,I,D
3403,I170E,0.8082,170,I,E
3404,I170F,0.5226,170,I,F
3405,I170G,1.0209,170,I,G
3406,I170H,0.7188,170,I,H
3407,I170I,0.0,170,I,I
3408,I170K,0.3734,170,I,K
3409,I170L,0.284,170,I,L
3410,I170M,0.4295,170,I,M
3411,I170N,0.83,170,I,N
3412,I170P,1.3918,170,I,P
3413,I170Q,0.6112,170,I,Q
3414,I170R,0.3703,170,I,R
3415,I170S,0.7487,170,I,S
3416,I170T,0.6427,170,I,T
3417,I170V,0.3415,170,I,V
3418,I170W,0.5828,170,I,W
3419,I170Y,0.5547,170,I,Y
3420,S171A,-0.2231,171,S,A
3421,S171C,-0.2293,171,S,C
3422,S171D,0.1751,171,S,D
3423,S171E,-0.2237,171,S,E
3424,S171F,0.0559,171,S,F
3425,S171G,0.2661,171,S,G
3426,S171H,0.0974,171,S,H
3427,S171I,-0.1671,171,S,I
3428,S171K,-0.0502,171,S,K
3429,S171L,-0.2789,171,S,L
3430,S171M,-0.2617,171,S,M
3431,S171N,0.151,171,S,N
3432,S171P,1.1605,171,S,P
3433,S171Q,-0.1354,171,S,Q
3434,S171R,-0.0372,171,S,R
3435,S171S,0.0,171,S,S
3436,S171T,0.0851,171,S,T
3437,S171V,0.0448,171,S,V
3438,S171W,-0.0137,171,S,W
3439,S171Y,0.0368,171,S,Y
3440,K172A,-0.1708,172,K,A
3441,K172C,-0.098,172,K,C
3442,K172D,0.0995,172,K,D
3443,K172E,-0.2982,172,K,E
3444,K172F,0.1484,172,K,F
3445,K172G,0.3343,172,K,G
3446,K172H,0.2137,172,K,H
3447,K172I,-0.0056,172,K,I
3448,K172K,0.0,172,K,K
3449,K172L,-0.2035,172,K,L
3450,K172M,-0.1274,172,K,M
3451,K172N,0.182,172,K,N
3452,K172P,0.9875,172,K,P
3453,K172Q,-0.0714,172,K,Q
3454,K172R,0.0406,172,K,R
3455,K172S,0.1241,172,K,S
3456,K172T,0.193,172,K,T
3457,K172V,0.1975,172,K,V
3458,K172W,0.0686,172,K,W
3459,K172Y,0.1082,172,K,Y
3460,E173A,0.156,173,E,A
3461,E173C,0.0367,173,E,C
3462,E173D,0.4033,173,E,D
3463,E173E,0.0,173,E,E
3464,E173F,0.0799,173,E,F
3465,E173G,0.5787,173,E,G
3466,E173H,0.3315,173,E,H
3467,E173I,0.0399,173,E,I
3468,E173K,0.4645,173,E,K
3469,E173L,0.056,173,E,L
3470,E173M,0.1132,173,E,M
3471,E173N,0.5084,173,E,N
3472,E173P,0.8251,173,E,P
3473,E173Q,0.3342,173,E,Q
3474,E173R,0.4407,173,E,R
3475,E173S,0.4554,173,E,S
3476,E173T,0.4558,173,E,T
3477,E173V,0.2162,173,E,V
3478,E173W,-0.0055,173,E,W
3479,E173Y,0.0446,173,E,Y
3480,E174A,0.03,174,E,A
3481,E174C,-0.1422,174,E,C
3482,E174D,0.3252,174,E,D
3483,E174E,0.0,174,E,E
3484,E174F,0.1607,174,E,F
3485,E174G,0.3516,174,E,G
3486,E174H,0.2786,174,E,H
3487,E174I,-0.007,174,E,I
3488,E174K,0.3136,174,E,K
3489,E174L,-0.0268,174,E,L
3490,E174M,0.0963,174,E,M
3491,E174N,0.3568,174,E,N
3492,E174P,0.6276,174,E,P
3493,E174Q,0.2629,174,E,Q
3494,E174R,0.3664,174,E,R
3495,E174S,0.289,174,E,S
3496,E174T,0.3277,174,E,T
3497,E174V,0.1272,174,E,V
3498,E174W,0.03,174,E,W
3499,E174Y,0.1259,174,E,Y
3500,K175A,-0.1735,175,K,A
3501,K175C,0.0654,175,K,C
3502,K175D,0.2142,175,K,D
3503,K175E,0.1045,175,K,E
3504,K175F,0.3162,175,K,F
3505,K175G,0.0531,175,K,G
3506,K175H,0.2374,175,K,H
3507,K175I,0.3819,175,K,I
3508,K175K,0.0,175,K,K
3509,K175L,0.0892,175,K,L
3510,K175M,-0.0848,175,K,M
3511,K175N,0.1713,175,K,N
3512,K175P,1.0493,175,K,P
3513,K175Q,-0.1129,175,K,Q
3514,K175R,0.1554,175,K,R
3515,K175S,0.0085,175,K,S
3516,K175T,0.2894,175,K,T
3517,K175V,0.518,175,K,V
3518,K175W,0.2908,175,K,W
3519,K175Y,0.3859,175,K,Y
3520,T176A,0.0649,176,T,A
3521,T176C,-0.0152,176,T,C
3522,T176D,0.1929,176,T,D
3523,T176E,0.1656,176,T,E
3524,T176F,0.1724,176,T,F
3525,T176G,0.2069,176,T,G
3526,T176H,0.1944,176,T,H
3527,T176I,0.0127,176,T,I
3528,T176K,0.0221,176,T,K
3529,T176L,-0.0161,176,T,L
3530,T176M,0.0204,176,T,M
3531,T176N,0.1024,176,T,N
3532,T176P,0.4538,176,T,P
3533,T176Q,0.0702,176,T,Q
3534,T176R,0.0827,176,T,R
3535,T176S,0.0281,176,T,S
3536,T176T,0.0,176,T,T
3537,T176V,0.1548,176,T,V
3538,T176W,0.1552,176,T,W
3539,T176Y,0.2212,176,T,Y
3540,P177A,0.2331,177,P,A
3541,P177C,0.1009,177,P,C
3542,P177D,0.3741,177,P,D
3543,P177E,0.5655,177,P,E
3544,P177F,0.3919,177,P,F
3545,P177G,0.4778,177,P,G
3546,P177H,0.4084,177,P,H
3547,P177I,0.3118,177,P,I
3548,P177K,0.355,177,P,K
3549,P177L,0.3003,177,P,L
3550,P177M,0.3631,177,P,M
3551,P177N,0.4068,177,P,N
3552,P177P,0.0,177,P,P
3553,P177Q,0.4308,177,P,Q
3554,P177R,0.3743,177,P,R
3555,P177S,0.3337,177,P,S
3556,P177T,0.382,177,P,T
3557,P177V,0.3172,177,P,V
3558,P177W,0.2342,177,P,W
3559,P177Y,0.3883,177,P,Y
3560,G178A,-0.0909,178,G,A
3561,G178C,-0.3059,178,G,C
3562,G178D,0.0575,178,G,D
3563,G178E,0.0748,178,G,E
3564,G178F,0.0781,178,G,F
3565,G178G,0.0,178,G,G
3566,G178H,0.0655,178,G,H
3567,G178I,0.0252,178,G,I
3568,G178K,0.0095,178,G,K
3569,G178L,-0.0171,178,G,L
3570,G178M,0.0223,178,G,M
3571,G178N,0.0176,178,G,N
3572,G178P,-0.2574,178,G,P
3573,G178Q,0.0173,178,G,Q
3574,G178R,0.0919,178,G,R
3575,G178S,-0.0385,178,G,S
3576,G178T,0.036,178,G,T
3577,G178V,0.0102,178,G,V
3578,G178W,0.096,178,G,W
3579,G178Y,0.1847,178,G,Y
3580,C179A,0.2358,179,C,A
3581,C179C,0.0,179,C,C
3582,C179D,0.1495,179,C,D
3583,C179E,0.1989,179,C,E
3584,C179F,0.3262,179,C,F
3585,C179G,0.3267,179,C,G
3586,C179H,0.3223,179,C,H
3587,C179I,0.2882,179,C,I
3588,C179K,0.4006,179,C,K
3589,C179L,0.2036,179,C,L
3590,C179M,0.2568,179,C,M
3591,C179N,0.2231,179,C,N
3592,C179P,0.3287,179,C,P
3593,C179Q,0.3253,179,C,Q
3594,C179R,0.391,179,C,R
3595,C179S,0.2782,179,C,S
3596,C179T,0.3045,179,C,T
3597,C179V,0.3364,179,C,V
3598,C179W,0.2314,179,C,W
3599,C179Y,0.4341,179,C,Y
3600,V180A,-0.0737,180,V,A
3601,V180C,-0.3172,180,V,C
3602,V180D,-0.1789,180,V,D
3603,V180E,-0.1105,180,V,E
3604,V180F,0.0339,180,V,F
3605,V180G,-0.0325,180,V,G
3606,V180H,0.0322,180,V,H
3607,V180I,-0.0043,180,V,I
3608,V180K,0.1082,180,V,K
3609,V180L,-0.1359,180,V,L
3610,V180M,-0.0498,180,V,M
3611,V180N,-0.0645,180,V,N
3612,V180P,0.0402,180,V,P
3613,V180Q,0.0154,180,V,Q
3614,V180R,0.1374,180,V,R
3615,V180S,0.0123,180,V,S
3616,V180T,0.0193,180,V,T
3617,V180V,0.0,180,V,V
3618,V180W,-0.0206,180,V,W
3619,V180Y,0.1507,180,V,Y
3620,K181A,-0.1441,181,K,A
3621,K181C,-0.3801,181,K,C
3622,K181D,-0.1888,181,K,D
3623,K181E,-0.1417,181,K,E
3624,K181F,-0.0848,181,K,F
3625,K181G,-0.0196,181,K,G
3626,K181H,-0.1007,181,K,H
3627,K181I,-0.0724,181,K,I
3628,K181K,0.0,181,K,K
3629,K181L,-0.15,181,K,L
3630,K181M,-0.0866,181,K,M
3631,K181N,-0.1172,181,K,N
3632,K181P,-0.0874,181,K,P
3633,K181Q,-0.0365,181,K,Q
3634,K181R,-0.0082,181,K,R
3635,K181S,-0.0652,181,K,S
3636,K181T,-0.0515,181,K,T
3637,K181V,-0.024,181,K,V
3638,K181W,-0.111,181,K,W
3639,K181Y,0.0334,181,K,Y
3640,I182A,-0.0565,182,I,A
3641,I182C,-0.3122,182,I,C
3642,I182D,-0.1636,182,I,D
3643,I182E,-0.1505,182,I,E
3644,I182F,-0.1893,182,I,F
3645,I182G,0.0479,182,I,G
3646,I182H,-0.0526,182,I,H
3647,I182I,0.0,182,I,I
3648,I182K,0.0632,182,I,K
3649,I182L,-0.0838,182,I,L
3650,I182M,-0.0836,182,I,M
3651,I182N,-0.0778,182,I,N
3652,I182P,0.128,182,I,P
3653,I182Q,0.0228,182,I,Q
3654,I182R,0.0083,182,I,R
3655,I182S,-0.0587,182,I,S
3656,I182T,-0.1097,182,I,T
3657,I182V,0.0595,182,I,V
3658,I182W,-0.2825,182,I,W
3659,I182Y,-0.0752,182,I,Y
3660,K183A,-0.0657,183,K,A
3661,K183C,-0.433,183,K,C
3662,K183D,-0.1604,183,K,D
3663,K183E,-0.2082,183,K,E
3664,K183F,-0.2316,183,K,F
3665,K183G,0.0649,183,K,G
3666,K183H,-0.1352,183,K,H
3667,K183I,-0.1537,183,K,I
3668,K183K,0.0,183,K,K
3669,K183L,-0.1794,183,K,L
3670,K183M,-0.1524,183,K,M
3671,K183N,-0.0994,183,K,N
3672,K183P,0.0866,183,K,P
3673,K183Q,-0.0245,183,K,Q
3674,K183R,-0.0411,183,K,R
3675,K183S,-0.0643,183,K,S
3676,K183T,-0.1393,183,K,T
3677,K183V,-0.098,183,K,V
3678,K183W,-0.2614,183,K,W
3679,K183Y,-0.119,183,K,Y
3680,K184A,0.0936,184,K,A
3681,K184C,-0.3818,184,K,C
3682,K184D,0.046,184,K,D
3683,K184E,0.087,184,K,E
3684,K184F,-0.1893,184,K,F
3685,K184G,0.3349,184,K,G
3686,K184H,-0.0759,184,K,H
3687,K184I,-0.205,184,K,I
3688,K184K,0.0,184,K,K
3689,K184L,-0.1019,184,K,L
3690,K184M,-0.0725,184,K,M
3691,K184N,0.0074,184,K,N
3692,K184P,0.0376,184,K,P
3693,K184Q,0.1213,184,K,Q
3694,K184R,-0.0564,184,K,R
3695,K184S,0.0015,184,K,S
3696,K184T,-0.0782,184,K,T
3697,K184V,-0.1084,184,K,V
3698,K184W,-0.2538,184,K,W
3699,K184Y,-0.1445,184,K,Y
3700,C185A,0.4649,185,C,A
3701,C185C,0.0,185,C,C
3702,C185D,0.4333,185,C,D
3703,C185E,0.4283,185,C,E
3704,C185F,0.271,185,C,F
3705,C185G,0.6804,185,C,G
3706,C185H,0.343,185,C,H
3707,C185I,0.1286,185,C,I
3708,C185K,0.3909,185,C,K
3709,C185L,0.21,185,C,L
3710,C185M,0.2534,185,C,M
3711,C185N,0.3931,185,C,N
3712,C185P,0.6006,185,C,P
3713,C185Q,0.4056,185,C,Q
3714,C185R,0.4042,185,C,R
3715,C185S,0.4001,185,C,S
3716,C185T,0.3095,185,C,T
3717,C185V,0.2125,185,C,V
3718,C185W,0.1496,185,C,W
3719,C185Y,0.297,185,C,Y
3720,I186A,0.2986,186,I,A
3721,I186C,-0.103,186,I,C
3722,I186D,0.265,186,I,D
3723,I186E,0.3018,186,I,E
3724,I186F,0.0201,186,I,F
3725,I186G,0.4549,186,I,G
3726,I186H,0.2175,186,I,H
3727,I186I,0.0,186,I,I
3728,I186K,0.2992,186,I,K
3729,I186L,0.1296,186,I,L
3730,I186M,0.104,186,I,M
3731,I186N,0.299,186,I,N
3732,I186P,0.5365,186,I,P
3733,I186Q,0.2999,186,I,Q
3734,I186R,0.2792,186,I,R
3735,I186S,0.2238,186,I,S
3736,I186T,0.1353,186,I,T
3737,I186V,0.1441,186,I,V
3738,I186W,-0.09,186,I,W
3739,I186Y,0.0962,186,I,Y
3740,I187A,0.0865,187,I,A
3741,I187C,-0.2492,187,I,C
3742,I187D,0.0123,187,I,D
3743,I187E,0.0791,187,I,E
3744,I187F,-0.0811,187,I,F
3745,I187G,0.1677,187,I,G
3746,I187H,0.0668,187,I,H
3747,I187I,0.0,187,I,I
3748,I187K,0.152,187,I,K
3749,I187L,0.0269,187,I,L
3750,I187M,-0.0249,187,I,M
3751,I187N,0.0503,187,I,N
3752,I187P,0.3052,187,I,P
3753,I187Q,0.1066,187,I,Q
3754,I187R,0.1321,187,I,R
3755,I187S,-0.0044,187,I,S
3756,I187T,-0.0373,187,I,T
3757,I187V,0.0969,187,I,V
3758,I187W,-0.188,187,I,W
3759,I187Y,0.021,187,I,Y
3760,M188A,0.0516,188,M,A
3761,M188C,-0.164,188,M,C
3762,M188D,0.1123,188,M,D
3763,M188E,0.0204,188,M,E
3764,M188F,0.1168,188,M,F
3765,M188G,0.1987,188,M,G
3766,M188H,0.1395,188,M,H
3767,M188I,-0.0071,188,M,I
3768,M188K,0.1472,188,M,K
3769,M188L,-0.0378,188,M,L
3770,M188M,0.0,188,M,M
3771,M188N,0.1696,188,M,N
3772,M188P,0.329,188,M,P
3773,M188Q,0.072,188,M,Q
3774,M188R,0.1369,188,M,R
3775,M188S,0.1639,188,M,S
3776,M188T,0.161,188,M,T
3777,M188V,0.0566,188,M,V
3778,M188W,-0.0516,188,M,W
3779,M188Y,0.156,188,M,Y
