GeneName,FeatureID,hgvsp_like,protPos,n_snv,phylop_mean,phylop_median,phylop_max
GRB2,ENST00000316804,A115A,115,3,-2.021,-2.021,-2.021
GRB2,ENST00000316804,A115D,115,1,11.295,11.295,11.295
GRB2,ENST00000316804,A115G,115,1,11.295,11.295,11.295
GRB2,ENST00000316804,A115P,115,1,7.518,7.518,7.518
GRB2,ENST00000316804,A115S,115,1,7.518,7.518,7.518
GRB2,ENST00000316804,A115T,115,1,7.518,7.518,7.518
GRB2,ENST00000316804,A115V,115,1,11.295,11.295,11.295
GRB2,ENST00000316804,A11A,11,3,0.938,0.938,0.938
GRB2,ENST00000316804,A11D,11,1,10.034,10.034,10.034
GRB2,ENST00000316804,A11G,11,1,10.034,10.034,10.034
GRB2,ENST00000316804,A11P,11,1,6.698,6.698,6.698
GRB2,ENST00000316804,A11S,11,1,6.698,6.698,6.698
GRB2,ENST00000316804,A11T,11,1,6.698,6.698,6.698
GRB2,ENST00000316804,A11V,11,1,10.034,10.034,10.034
GRB2,ENST00000316804,A13A,13,3,-0.558,-0.558,-0.558
GRB2,ENST00000316804,A13E,13,1,10.034,10.034,10.034
GRB2,ENST00000316804,A13G,13,1,10.034,10.034,10.034
GRB2,ENST00000316804,A13P,13,1,6.698,6.698,6.698
GRB2,ENST00000316804,A13S,13,1,6.698,6.698,6.698
GRB2,ENST00000316804,A13T,13,1,6.698,6.698,6.698
GRB2,ENST00000316804,A13V,13,1,10.034,10.034,10.034
GRB2,ENST00000316804,A163A,163,3,-0.023,-0.023,-0.023
GRB2,ENST00000316804,A163D,163,1,11.288,11.288,11.288
GRB2,ENST00000316804,A163G,163,1,11.288,11.288,11.288
GRB2,ENST00000316804,A163P,163,1,7.513,7.513,7.513
GRB2,ENST00000316804,A163S,163,1,7.513,7.513,7.513
GRB2,ENST00000316804,A163T,163,1,7.513,7.513,7.513
GRB2,ENST00000316804,A163V,163,1,11.288,11.288,11.288
GRB2,ENST00000316804,A197A,197,3,-0.044,-0.044,-0.044
GRB2,ENST00000316804,A197D,197,1,6.218,6.218,6.218
GRB2,ENST00000316804,A197G,197,1,6.218,6.218,6.218
GRB2,ENST00000316804,A197P,197,1,1.926,1.926,1.926
GRB2,ENST00000316804,A197S,197,1,1.926,1.926,1.926
GRB2,ENST00000316804,A197T,197,1,1.926,1.926,1.926
GRB2,ENST00000316804,A197V,197,1,6.218,6.218,6.218
GRB2,ENST00000316804,A39A,39,3,1.578,1.578,1.578
GRB2,ENST00000316804,A39E,39,1,10.994,10.994,10.994
GRB2,ENST00000316804,A39G,39,1,10.994,10.994,10.994
GRB2,ENST00000316804,A39P,39,1,7.321,7.321,7.321
GRB2,ENST00000316804,A39S,39,1,7.321,7.321,7.321
GRB2,ENST00000316804,A39T,39,1,7.321,7.321,7.321
GRB2,ENST00000316804,A39V,39,1,10.994,10.994,10.994
GRB2,ENST00000316804,A3A,3,3,6.555,6.555,6.555
GRB2,ENST00000316804,A3D,3,1,10.034,10.034,10.034
GRB2,ENST00000316804,A3G,3,1,10.034,10.034,10.034
GRB2,ENST00000316804,A3P,3,1,6.698,6.698,6.698
GRB2,ENST00000316804,A3S,3,1,6.698,6.698,6.698
GRB2,ENST00000316804,A3T,3,1,6.698,6.698,6.698
GRB2,ENST00000316804,A3V,3,1,10.034,10.034,10.034
GRB2,ENST00000316804,A5A,5,3,6.722,6.722,6.722
GRB2,ENST00000316804,A5D,5,1,8.026,8.026,8.026
GRB2,ENST00000316804,A5G,5,1,8.026,8.026,8.026
GRB2,ENST00000316804,A5P,5,1,6.698,6.698,6.698
GRB2,ENST00000316804,A5S,5,1,6.698,6.698,6.698
GRB2,ENST00000316804,A5T,5,1,6.698,6.698,6.698
GRB2,ENST00000316804,A5V,5,1,8.026,8.026,8.026
GRB2,ENST00000316804,A68A,68,3,0.801,0.801,0.801
GRB2,ENST00000316804,A68D,68,1,6.946,6.946,6.946
GRB2,ENST00000316804,A68G,68,1,6.946,6.946,6.946
GRB2,ENST00000316804,A68P,68,1,5.754,5.754,5.754
GRB2,ENST00000316804,A68S,68,1,5.754,5.754,5.754
GRB2,ENST00000316804,A68T,68,1,5.754,5.754,5.754
GRB2,ENST00000316804,A68V,68,1,6.946,6.946,6.946
GRB2,ENST00000316804,A70A,70,3,0.91,0.91,0.91
GRB2,ENST00000316804,A70E,70,1,11.252,11.252,11.252
GRB2,ENST00000316804,A70G,70,1,11.252,11.252,11.252
GRB2,ENST00000316804,A70P,70,1,7.49,7.49,7.49
GRB2,ENST00000316804,A70S,70,1,7.49,7.49,7.49
GRB2,ENST00000316804,A70T,70,1,7.49,7.49,7.49
GRB2,ENST00000316804,A70V,70,1,11.252,11.252,11.252
GRB2,ENST00000316804,A82A,82,3,1.681,1.681,1.681
GRB2,ENST00000316804,A82D,82,1,11.209,11.209,11.209
GRB2,ENST00000316804,A82G,82,1,11.209,11.209,11.209
GRB2,ENST00000316804,A82P,82,1,5.66,5.66,5.66
GRB2,ENST00000316804,A82S,82,1,5.66,5.66,5.66
GRB2,ENST00000316804,A82T,82,1,5.66,5.66,5.66
GRB2,ENST00000316804,A82V,82,1,11.209,11.209,11.209
GRB2,ENST00000316804,A91A,91,3,-0.322,-0.322,-0.322
GRB2,ENST00000316804,A91D,91,1,10.991,10.991,10.991
GRB2,ENST00000316804,A91G,91,1,10.991,10.991,10.991
GRB2,ENST00000316804,A91P,91,1,5.602,5.602,5.602
GRB2,ENST00000316804,A91S,91,1,5.602,5.602,5.602
GRB2,ENST00000316804,A91T,91,1,5.602,5.602,5.602
GRB2,ENST00000316804,A91V,91,1,10.991,10.991,10.991
GRB2,ENST00000316804,C198C,198,1,4.505,4.505,4.505
GRB2,ENST00000316804,C198F,198,1,5.713,5.713,5.713
GRB2,ENST00000316804,C198G,198,1,6.933,6.933,6.933
GRB2,ENST00000316804,C198R,198,1,6.933,6.933,6.933
GRB2,ENST00000316804,C198S,198,2,6.323,6.323,6.933
GRB2,ENST00000316804,C198W,198,1,4.505,4.505,4.505
GRB2,ENST00000316804,C198Y,198,1,5.713,5.713,5.713
GRB2,ENST00000316804,C32C,32,1,0.972,0.972,0.972
GRB2,ENST00000316804,C32F,32,1,4.532,4.532,4.532
GRB2,ENST00000316804,C32G,32,1,6.644,6.644,6.644
GRB2,ENST00000316804,C32R,32,1,6.644,6.644,6.644
GRB2,ENST00000316804,C32S,32,2,5.588,5.588,6.644
GRB2,ENST00000316804,C32W,32,1,0.972,0.972,0.972
GRB2,ENST00000316804,C32Y,32,1,4.532,4.532,4.532
GRB2,ENST00000316804,D104A,104,1,7.075,7.075,7.075
GRB2,ENST00000316804,D104D,104,1,-0.36,-0.36,-0.36
GRB2,ENST00000316804,D104E,104,2,-0.36,-0.36,-0.36
GRB2,ENST00000316804,D104G,104,1,7.075,7.075,7.075
GRB2,ENST00000316804,D104H,104,1,7.518,7.518,7.518
GRB2,ENST00000316804,D104N,104,1,7.518,7.518,7.518
GRB2,ENST00000316804,D104V,104,1,7.075,7.075,7.075
GRB2,ENST00000316804,D104Y,104,1,7.518,7.518,7.518
GRB2,ENST00000316804,D113A,113,1,8.871,8.871,8.871
GRB2,ENST00000316804,D113D,113,1,-0.136,-0.136,-0.136
GRB2,ENST00000316804,D113E,113,2,-0.136,-0.136,-0.136
GRB2,ENST00000316804,D113G,113,1,8.871,8.871,8.871
GRB2,ENST00000316804,D113H,113,1,7.518,7.518,7.518
GRB2,ENST00000316804,D113N,113,1,7.518,7.518,7.518
GRB2,ENST00000316804,D113V,113,1,8.871,8.871,8.871
GRB2,ENST00000316804,D113Y,113,1,7.518,7.518,7.518
GRB2,ENST00000316804,D133A,133,1,8.871,8.871,8.871
GRB2,ENST00000316804,D133D,133,1,-0.002,-0.002,-0.002
GRB2,ENST00000316804,D133E,133,2,-0.002,-0.002,-0.002
GRB2,ENST00000316804,D133G,133,1,8.871,8.871,8.871
GRB2,ENST00000316804,D133H,133,1,5.787,5.787,5.787
GRB2,ENST00000316804,D133N,133,1,5.787,5.787,5.787
GRB2,ENST00000316804,D133V,133,1,8.871,8.871,8.871
GRB2,ENST00000316804,D133Y,133,1,5.787,5.787,5.787
GRB2,ENST00000316804,D14A,14,1,7.896,7.896,7.896
GRB2,ENST00000316804,D14D,14,1,0.186,0.186,0.186
GRB2,ENST00000316804,D14E,14,2,0.186,0.186,0.186
GRB2,ENST00000316804,D14G,14,1,7.896,7.896,7.896
GRB2,ENST00000316804,D14H,14,1,6.698,6.698,6.698
GRB2,ENST00000316804,D14N,14,1,6.698,6.698,6.698
GRB2,ENST00000316804,D14V,14,1,7.896,7.896,7.896
GRB2,ENST00000316804,D14Y,14,1,6.698,6.698,6.698
GRB2,ENST00000316804,D150A,150,1,8.871,8.871,8.871
GRB2,ENST00000316804,D150D,150,1,3.902,3.902,3.902
GRB2,ENST00000316804,D150E,150,2,3.902,3.902,3.902
GRB2,ENST00000316804,D150G,150,1,8.871,8.871,8.871
GRB2,ENST00000316804,D150H,150,1,7.518,7.518,7.518
GRB2,ENST00000316804,D150N,150,1,7.518,7.518,7.518
GRB2,ENST00000316804,D150V,150,1,8.871,8.871,8.871
GRB2,ENST00000316804,D150Y,150,1,7.518,7.518,7.518
GRB2,ENST00000316804,D15A,15,1,7.896,7.896,7.896
GRB2,ENST00000316804,D15D,15,1,0.659,0.659,0.659
GRB2,ENST00000316804,D15E,15,2,0.659,0.659,0.659
GRB2,ENST00000316804,D15G,15,1,7.896,7.896,7.896
GRB2,ENST00000316804,D15H,15,1,6.698,6.698,6.698
GRB2,ENST00000316804,D15N,15,1,6.698,6.698,6.698
GRB2,ENST00000316804,D15V,15,1,7.896,7.896,7.896
GRB2,ENST00000316804,D15Y,15,1,6.698,6.698,6.698
GRB2,ENST00000316804,D166A,166,1,8.866,8.866,8.866
GRB2,ENST00000316804,D166D,166,1,6.413,6.413,6.413
GRB2,ENST00000316804,D166E,166,2,6.413,6.413,6.413
GRB2,ENST00000316804,D166G,166,1,8.866,8.866,8.866
GRB2,ENST00000316804,D166H,166,1,7.513,7.513,7.513
GRB2,ENST00000316804,D166N,166,1,7.513,7.513,7.513
GRB2,ENST00000316804,D166V,166,1,8.866,8.866,8.866
GRB2,ENST00000316804,D166Y,166,1,7.513,7.513,7.513
GRB2,ENST00000316804,D168A,168,1,5.777,5.777,5.777
GRB2,ENST00000316804,D168D,168,1,0.992,0.992,0.992
GRB2,ENST00000316804,D168E,168,2,0.992,0.992,0.992
GRB2,ENST00000316804,D168G,168,1,5.777,5.777,5.777
GRB2,ENST00000316804,D168H,168,1,4.572,4.572,4.572
GRB2,ENST00000316804,D168N,168,1,4.572,4.572,4.572
GRB2,ENST00000316804,D168V,168,1,5.777,5.777,5.777
GRB2,ENST00000316804,D168Y,168,1,4.572,4.572,4.572
GRB2,ENST00000316804,D172A,172,1,4.861,4.861,4.861
GRB2,ENST00000316804,D172D,172,1,0.259,0.259,0.259
GRB2,ENST00000316804,D172E,172,2,0.259,0.259,0.259
GRB2,ENST00000316804,D172G,172,1,4.861,4.861,4.861
GRB2,ENST00000316804,D172H,172,1,4.61,4.61,4.61
GRB2,ENST00000316804,D172N,172,1,4.61,4.61,4.61
GRB2,ENST00000316804,D172V,172,1,4.861,4.861,4.861
GRB2,ENST00000316804,D172Y,172,1,4.61,4.61,4.61
GRB2,ENST00000316804,D181A,181,1,8.871,8.871,8.871
GRB2,ENST00000316804,D181D,181,1,2.359,2.359,2.359
GRB2,ENST00000316804,D181E,181,2,2.359,2.359,2.359
GRB2,ENST00000316804,D181G,181,1,8.871,8.871,8.871
GRB2,ENST00000316804,D181H,181,1,7.518,7.518,7.518
GRB2,ENST00000316804,D181N,181,1,7.518,7.518,7.518
GRB2,ENST00000316804,D181V,181,1,8.871,8.871,8.871
GRB2,ENST00000316804,D181Y,181,1,7.518,7.518,7.518
GRB2,ENST00000316804,D187A,187,1,8.871,8.871,8.871
GRB2,ENST00000316804,D187D,187,1,5.825,5.825,5.825
GRB2,ENST00000316804,D187E,187,2,5.825,5.825,5.825
GRB2,ENST00000316804,D187G,187,1,8.871,8.871,8.871
GRB2,ENST00000316804,D187H,187,1,7.518,7.518,7.518
GRB2,ENST00000316804,D187N,187,1,7.518,7.518,7.518
GRB2,ENST00000316804,D187V,187,1,8.871,8.871,8.871
GRB2,ENST00000316804,D187Y,187,1,7.518,7.518,7.518
GRB2,ENST00000316804,D190A,190,1,8.871,8.871,8.871
GRB2,ENST00000316804,D190D,190,1,1.712,1.712,1.712
GRB2,ENST00000316804,D190E,190,2,1.712,1.712,1.712
GRB2,ENST00000316804,D190G,190,1,8.871,8.871,8.871
GRB2,ENST00000316804,D190H,190,1,5.788,5.788,5.788
GRB2,ENST00000316804,D190N,190,1,5.788,5.788,5.788
GRB2,ENST00000316804,D190V,190,1,8.871,8.871,8.871
GRB2,ENST00000316804,D190Y,190,1,5.788,5.788,5.788
GRB2,ENST00000316804,D23A,23,1,7.896,7.896,7.896
GRB2,ENST00000316804,D23D,23,1,2.693,2.693,2.693
GRB2,ENST00000316804,D23E,23,2,2.693,2.693,2.693
GRB2,ENST00000316804,D23G,23,1,7.896,7.896,7.896
GRB2,ENST00000316804,D23H,23,1,6.698,6.698,6.698
GRB2,ENST00000316804,D23N,23,1,6.698,6.698,6.698
GRB2,ENST00000316804,D23V,23,1,7.896,7.896,7.896
GRB2,ENST00000316804,D23Y,23,1,6.698,6.698,6.698
GRB2,ENST00000316804,D33A,33,1,8.64,8.64,8.64
GRB2,ENST00000316804,D33D,33,1,1.579,1.579,1.579
GRB2,ENST00000316804,D33E,33,2,1.579,1.579,1.579
GRB2,ENST00000316804,D33G,33,1,8.64,8.64,8.64
GRB2,ENST00000316804,D33H,33,1,7.321,7.321,7.321
GRB2,ENST00000316804,D33N,33,1,7.321,7.321,7.321
GRB2,ENST00000316804,D33V,33,1,8.64,8.64,8.64
GRB2,ENST00000316804,D33Y,33,1,7.321,7.321,7.321
GRB2,ENST00000316804,D45A,45,1,8.64,8.64,8.64
GRB2,ENST00000316804,D45D,45,1,-1.187,-1.187,-1.187
GRB2,ENST00000316804,D45E,45,2,-1.187,-1.187,-1.187
GRB2,ENST00000316804,D45G,45,1,8.64,8.64,8.64
GRB2,ENST00000316804,D45H,45,1,7.321,7.321,7.321
GRB2,ENST00000316804,D45N,45,1,7.321,7.321,7.321
GRB2,ENST00000316804,D45V,45,1,8.64,8.64,8.64
GRB2,ENST00000316804,D45Y,45,1,7.321,7.321,7.321
GRB2,ENST00000316804,D80A,80,1,5.832,5.832,5.832
GRB2,ENST00000316804,D80D,80,1,-0.179,-0.179,-0.179
GRB2,ENST00000316804,D80E,80,2,-0.179,-0.179,-0.179
GRB2,ENST00000316804,D80G,80,1,5.832,5.832,5.832
GRB2,ENST00000316804,D80H,80,1,4.555,4.555,4.555
GRB2,ENST00000316804,D80N,80,1,4.555,4.555,4.555
GRB2,ENST00000316804,D80V,80,1,5.832,5.832,5.832
GRB2,ENST00000316804,D80Y,80,1,4.555,4.555,4.555
GRB2,ENST00000316804,D8A,8,1,7.896,7.896,7.896
GRB2,ENST00000316804,D8D,8,1,3.771,3.771,3.771
GRB2,ENST00000316804,D8E,8,2,3.771,3.771,3.771
GRB2,ENST00000316804,D8G,8,1,7.896,7.896,7.896
GRB2,ENST00000316804,D8H,8,1,6.698,6.698,6.698
GRB2,ENST00000316804,D8N,8,1,6.698,6.698,6.698
GRB2,ENST00000316804,D8V,8,1,7.896,7.896,7.896
GRB2,ENST00000316804,D8Y,8,1,6.698,6.698,6.698
GRB2,ENST00000316804,D94A,94,1,8.635,8.635,8.635
GRB2,ENST00000316804,D94D,94,1,0.678,0.678,0.678
GRB2,ENST00000316804,D94E,94,2,0.678,0.678,0.678
GRB2,ENST00000316804,D94G,94,1,8.635,8.635,8.635
GRB2,ENST00000316804,D94H,94,1,7.321,7.321,7.321
GRB2,ENST00000316804,D94N,94,1,7.321,7.321,7.321
GRB2,ENST00000316804,D94V,94,1,8.635,8.635,8.635
GRB2,ENST00000316804,D94Y,94,1,7.321,7.321,7.321
GRB2,ENST00000316804,E130A,130,1,5.744,5.744,5.744
GRB2,ENST00000316804,E130D,130,2,1.42,1.42,1.42
GRB2,ENST00000316804,E130E,130,1,1.42,1.42,1.42
GRB2,ENST00000316804,E130G,130,1,5.744,5.744,5.744
GRB2,ENST00000316804,E130K,130,1,4.474,4.474,4.474
GRB2,ENST00000316804,E130Q,130,1,4.474,4.474,4.474
GRB2,ENST00000316804,E130V,130,1,5.744,5.744,5.744
GRB2,ENST00000316804,E152A,152,1,8.838,8.838,8.838
GRB2,ENST00000316804,E152D,152,2,-0.744,-0.744,-0.744
GRB2,ENST00000316804,E152E,152,1,-0.744,-0.744,-0.744
GRB2,ENST00000316804,E152G,152,1,8.838,8.838,8.838
GRB2,ENST00000316804,E152K,152,1,5.758,5.758,5.758
GRB2,ENST00000316804,E152Q,152,1,5.758,5.758,5.758
GRB2,ENST00000316804,E152V,152,1,8.838,8.838,8.838
GRB2,ENST00000316804,E16A,16,1,7.896,7.896,7.896
GRB2,ENST00000316804,E16D,16,2,3.162,3.162,3.162
GRB2,ENST00000316804,E16E,16,1,3.162,3.162,3.162
GRB2,ENST00000316804,E16G,16,1,7.896,7.896,7.896
GRB2,ENST00000316804,E16K,16,1,6.698,6.698,6.698
GRB2,ENST00000316804,E16Q,16,1,6.698,6.698,6.698
GRB2,ENST00000316804,E16V,16,1,7.896,7.896,7.896
GRB2,ENST00000316804,E171A,171,1,8.866,8.866,8.866
GRB2,ENST00000316804,E171D,171,2,1.887,1.887,1.887
GRB2,ENST00000316804,E171E,171,1,1.887,1.887,1.887
GRB2,ENST00000316804,E171G,171,1,8.866,8.866,8.866
GRB2,ENST00000316804,E171K,171,1,5.743,5.743,5.743
GRB2,ENST00000316804,E171Q,171,1,5.743,5.743,5.743
GRB2,ENST00000316804,E171V,171,1,8.866,8.866,8.866
GRB2,ENST00000316804,E174A,174,1,8.866,8.866,8.866
GRB2,ENST00000316804,E174D,174,2,3.162,3.162,3.162
GRB2,ENST00000316804,E174E,174,1,3.162,3.162,3.162
GRB2,ENST00000316804,E174G,174,1,8.866,8.866,8.866
GRB2,ENST00000316804,E174K,174,1,4.616,4.616,4.616
GRB2,ENST00000316804,E174Q,174,1,4.616,4.616,4.616
GRB2,ENST00000316804,E174V,174,1,8.866,8.866,8.866
GRB2,ENST00000316804,E2A,2,1,7.896,7.896,7.896
GRB2,ENST00000316804,E2D,2,2,4.475,4.475,4.475
GRB2,ENST00000316804,E2E,2,1,4.475,4.475,4.475
GRB2,ENST00000316804,E2G,2,1,7.896,7.896,7.896
GRB2,ENST00000316804,E2K,2,1,6.529,6.529,6.529
GRB2,ENST00000316804,E2Q,2,1,6.529,6.529,6.529
GRB2,ENST00000316804,E2V,2,1,7.896,7.896,7.896
GRB2,ENST00000316804,E30A,30,1,6.828,6.828,6.828
GRB2,ENST00000316804,E30D,30,2,4.746,4.746,4.746
GRB2,ENST00000316804,E30E,30,1,4.746,4.746,4.746
GRB2,ENST00000316804,E30G,30,1,6.828,6.828,6.828
GRB2,ENST00000316804,E30K,30,1,5.61,5.61,5.61
GRB2,ENST00000316804,E30Q,30,1,5.61,5.61,5.61
GRB2,ENST00000316804,E30V,30,1,6.828,6.828,6.828
GRB2,ENST00000316804,E31A,31,1,8.64,8.64,8.64
GRB2,ENST00000316804,E31D,31,2,1.462,1.462,1.462
GRB2,ENST00000316804,E31E,31,1,1.462,1.462,1.462
GRB2,ENST00000316804,E31G,31,1,8.64,8.64,8.64
GRB2,ENST00000316804,E31K,31,1,7.321,7.321,7.321
GRB2,ENST00000316804,E31Q,31,1,7.321,7.321,7.321
GRB2,ENST00000316804,E31V,31,1,8.64,8.64,8.64
GRB2,ENST00000316804,E40A,40,1,8.64,8.64,8.64
GRB2,ENST00000316804,E40D,40,2,0.383,0.383,0.383
GRB2,ENST00000316804,E40E,40,1,0.383,0.383,0.383
GRB2,ENST00000316804,E40G,40,1,8.64,8.64,8.64
GRB2,ENST00000316804,E40K,40,1,7.321,7.321,7.321
GRB2,ENST00000316804,E40Q,40,1,7.321,7.321,7.321
GRB2,ENST00000316804,E40V,40,1,8.64,8.64,8.64
GRB2,ENST00000316804,E54A,54,1,8.64,8.64,8.64
GRB2,ENST00000316804,E54D,54,2,0.959,0.959,0.959
GRB2,ENST00000316804,E54E,54,1,0.959,0.959,0.959
GRB2,ENST00000316804,E54G,54,1,8.64,8.64,8.64
GRB2,ENST00000316804,E54K,54,1,4.519,4.519,4.519
GRB2,ENST00000316804,E54Q,54,1,4.519,4.519,4.519
GRB2,ENST00000316804,E54V,54,1,8.64,8.64,8.64
GRB2,ENST00000316804,E71A,71,1,8.838,8.838,8.838
GRB2,ENST00000316804,E71D,71,2,2.149,2.149,2.149
GRB2,ENST00000316804,E71E,71,1,2.149,2.149,2.149
GRB2,ENST00000316804,E71G,71,1,8.838,8.838,8.838
GRB2,ENST00000316804,E71K,71,1,7.49,7.49,7.49
GRB2,ENST00000316804,E71Q,71,1,7.49,7.49,7.49
GRB2,ENST00000316804,E71V,71,1,8.838,8.838,8.838
GRB2,ENST00000316804,E72A,72,1,7.043,7.043,7.043
GRB2,ENST00000316804,E72D,72,2,0.683,0.683,0.683
GRB2,ENST00000316804,E72E,72,1,0.683,0.683,0.683
GRB2,ENST00000316804,E72G,72,1,7.043,7.043,7.043
GRB2,ENST00000316804,E72K,72,1,5.761,5.761,5.761
GRB2,ENST00000316804,E72Q,72,1,5.761,5.761,5.761
GRB2,ENST00000316804,E72V,72,1,7.043,7.043,7.043
GRB2,ENST00000316804,E87A,87,1,8.635,8.635,8.635
GRB2,ENST00000316804,E87D,87,2,2.913,2.913,2.913
GRB2,ENST00000316804,E87E,87,1,2.913,2.913,2.913
GRB2,ENST00000316804,E87G,87,1,8.635,8.635,8.635
GRB2,ENST00000316804,E87K,87,1,7.321,7.321,7.321
GRB2,ENST00000316804,E87Q,87,1,7.321,7.321,7.321
GRB2,ENST00000316804,E87V,87,1,8.635,8.635,8.635
GRB2,ENST00000316804,E89A,89,1,8.635,8.635,8.635
GRB2,ENST00000316804,E89D,89,2,2.367,2.367,2.367
GRB2,ENST00000316804,E89E,89,1,2.367,2.367,2.367
GRB2,ENST00000316804,E89G,89,1,8.635,8.635,8.635
GRB2,ENST00000316804,E89K,89,1,5.602,5.602,5.602
GRB2,ENST00000316804,E89Q,89,1,5.602,5.602,5.602
GRB2,ENST00000316804,E89V,89,1,8.635,8.635,8.635
GRB2,ENST00000316804,F101C,101,1,5.658,5.658,5.658
GRB2,ENST00000316804,F101F,101,1,2.292,2.292,2.292
GRB2,ENST00000316804,F101I,101,1,8.687,8.687,8.687
GRB2,ENST00000316804,F101L,101,3,4.42366666666667,2.292,8.687
GRB2,ENST00000316804,F101S,101,1,5.658,5.658,5.658
GRB2,ENST00000316804,F101V,101,1,8.687,8.687,8.687
GRB2,ENST00000316804,F101Y,101,1,5.658,5.658,5.658
GRB2,ENST00000316804,F108C,108,1,8.687,8.687,8.687
GRB2,ENST00000316804,F108F,108,1,3.872,3.872,3.872
GRB2,ENST00000316804,F108I,108,1,8.687,8.687,8.687
GRB2,ENST00000316804,F108L,108,3,5.477,3.872,8.687
GRB2,ENST00000316804,F108S,108,1,8.687,8.687,8.687
GRB2,ENST00000316804,F108V,108,1,8.687,8.687,8.687
GRB2,ENST00000316804,F108Y,108,1,8.687,8.687,8.687
GRB2,ENST00000316804,F119C,119,1,8.687,8.687,8.687
GRB2,ENST00000316804,F119F,119,1,6.036,6.036,6.036
GRB2,ENST00000316804,F119I,119,1,8.687,8.687,8.687
GRB2,ENST00000316804,F119L,119,3,6.91966666666667,6.036,8.687
GRB2,ENST00000316804,F119S,119,1,8.687,8.687,8.687
GRB2,ENST00000316804,F119V,119,1,8.687,8.687,8.687
GRB2,ENST00000316804,F119Y,119,1,8.687,8.687,8.687
GRB2,ENST00000316804,F125C,125,1,8.687,8.687,8.687
GRB2,ENST00000316804,F125F,125,1,3.554,3.554,3.554
GRB2,ENST00000316804,F125I,125,1,8.687,8.687,8.687
GRB2,ENST00000316804,F125L,125,3,5.265,3.554,8.687
GRB2,ENST00000316804,F125S,125,1,8.687,8.687,8.687
GRB2,ENST00000316804,F125V,125,1,8.687,8.687,8.687
GRB2,ENST00000316804,F125Y,125,1,8.687,8.687,8.687
GRB2,ENST00000316804,F147C,147,1,8.687,8.687,8.687
GRB2,ENST00000316804,F147F,147,1,2.012,2.012,2.012
GRB2,ENST00000316804,F147I,147,1,8.687,8.687,8.687
GRB2,ENST00000316804,F147L,147,3,4.237,2.012,8.687
GRB2,ENST00000316804,F147S,147,1,8.687,8.687,8.687
GRB2,ENST00000316804,F147V,147,1,8.687,8.687,8.687
GRB2,ENST00000316804,F147Y,147,1,8.687,8.687,8.687
GRB2,ENST00000316804,F165C,165,1,8.682,8.682,8.682
GRB2,ENST00000316804,F165F,165,1,1.738,1.738,1.738
GRB2,ENST00000316804,F165I,165,1,8.682,8.682,8.682
GRB2,ENST00000316804,F165L,165,3,4.05266666666667,1.738,8.682
GRB2,ENST00000316804,F165S,165,1,8.682,8.682,8.682
GRB2,ENST00000316804,F165V,165,1,8.682,8.682,8.682
GRB2,ENST00000316804,F165Y,165,1,8.682,8.682,8.682
GRB2,ENST00000316804,F167C,167,1,8.682,8.682,8.682
GRB2,ENST00000316804,F167F,167,1,0.365,0.365,0.365
GRB2,ENST00000316804,F167I,167,1,8.682,8.682,8.682
GRB2,ENST00000316804,F167L,167,3,3.13733333333333,0.365,8.682
GRB2,ENST00000316804,F167S,167,1,8.682,8.682,8.682
GRB2,ENST00000316804,F167V,167,1,8.682,8.682,8.682
GRB2,ENST00000316804,F167Y,167,1,8.682,8.682,8.682
GRB2,ENST00000316804,F177C,177,1,8.687,8.687,8.687
GRB2,ENST00000316804,F177F,177,1,6.854,6.854,6.854
GRB2,ENST00000316804,F177I,177,1,8.687,8.687,8.687
GRB2,ENST00000316804,F177L,177,3,7.465,6.854,8.687
GRB2,ENST00000316804,F177S,177,1,8.687,8.687,8.687
GRB2,ENST00000316804,F177V,177,1,8.687,8.687,8.687
GRB2,ENST00000316804,F177Y,177,1,8.687,8.687,8.687
GRB2,ENST00000316804,F182C,182,1,5.61,5.61,5.61
GRB2,ENST00000316804,F182F,182,1,2.836,2.836,2.836
GRB2,ENST00000316804,F182I,182,1,5.566,5.566,5.566
GRB2,ENST00000316804,F182L,182,3,3.746,2.836,5.566
GRB2,ENST00000316804,F182S,182,1,5.61,5.61,5.61
GRB2,ENST00000316804,F182V,182,1,5.566,5.566,5.566
GRB2,ENST00000316804,F182Y,182,1,5.61,5.61,5.61
GRB2,ENST00000316804,F19C,19,1,7.732,7.732,7.732
GRB2,ENST00000316804,F19F,19,1,8.157,8.157,8.157
GRB2,ENST00000316804,F19I,19,1,7.732,7.732,7.732
GRB2,ENST00000316804,F19L,19,3,8.01533333333333,8.157,8.157
GRB2,ENST00000316804,F19S,19,1,7.732,7.732,7.732
GRB2,ENST00000316804,F19V,19,1,7.732,7.732,7.732
GRB2,ENST00000316804,F19Y,19,1,7.732,7.732,7.732
GRB2,ENST00000316804,F205C,205,1,8.687,8.687,8.687
GRB2,ENST00000316804,F205F,205,1,0.812,0.812,0.812
GRB2,ENST00000316804,F205I,205,1,8.687,8.687,8.687
GRB2,ENST00000316804,F205L,205,3,3.437,0.812,8.687
GRB2,ENST00000316804,F205S,205,1,8.687,8.687,8.687
GRB2,ENST00000316804,F205V,205,1,8.687,8.687,8.687
GRB2,ENST00000316804,F205Y,205,1,8.687,8.687,8.687
GRB2,ENST00000316804,F47C,47,1,8.457,8.457,8.457
GRB2,ENST00000316804,F47F,47,1,7.797,7.797,7.797
GRB2,ENST00000316804,F47I,47,1,8.457,8.457,8.457
GRB2,ENST00000316804,F47L,47,3,8.017,7.797,8.457
GRB2,ENST00000316804,F47S,47,1,8.457,8.457,8.457
GRB2,ENST00000316804,F47V,47,1,8.457,8.457,8.457
GRB2,ENST00000316804,F47Y,47,1,8.457,8.457,8.457
GRB2,ENST00000316804,F61C,61,1,6.827,6.827,6.827
GRB2,ENST00000316804,F61F,61,1,3.399,3.399,3.399
GRB2,ENST00000316804,F61I,61,1,8.654,8.654,8.654
GRB2,ENST00000316804,F61L,61,3,5.15066666666667,3.399,8.654
GRB2,ENST00000316804,F61S,61,1,6.827,6.827,6.827
GRB2,ENST00000316804,F61V,61,1,8.654,8.654,8.654
GRB2,ENST00000316804,F61Y,61,1,6.827,6.827,6.827
GRB2,ENST00000316804,F62C,62,1,3.117,3.117,3.117
GRB2,ENST00000316804,F62F,62,1,2.129,2.129,2.129
GRB2,ENST00000316804,F62I,62,1,4.577,4.577,4.577
GRB2,ENST00000316804,F62L,62,3,2.945,2.129,4.577
GRB2,ENST00000316804,F62S,62,1,3.117,3.117,3.117
GRB2,ENST00000316804,F62V,62,1,4.577,4.577,4.577
GRB2,ENST00000316804,F62Y,62,1,3.117,3.117,3.117
GRB2,ENST00000316804,F83C,83,1,8.654,8.654,8.654
GRB2,ENST00000316804,F83F,83,1,0.55,0.55,0.55
GRB2,ENST00000316804,F83I,83,1,8.654,8.654,8.654
GRB2,ENST00000316804,F83L,83,3,3.25133333333333,0.55,8.654
GRB2,ENST00000316804,F83S,83,1,8.654,8.654,8.654
GRB2,ENST00000316804,F83V,83,1,8.654,8.654,8.654
GRB2,ENST00000316804,F83Y,83,1,8.654,8.654,8.654
GRB2,ENST00000316804,F95C,95,1,8.457,8.457,8.457
GRB2,ENST00000316804,F95F,95,1,7.8,7.8,7.8
GRB2,ENST00000316804,F95I,95,1,8.457,8.457,8.457
GRB2,ENST00000316804,F95L,95,3,8.019,7.8,8.457
GRB2,ENST00000316804,F95S,95,1,8.457,8.457,8.457
GRB2,ENST00000316804,F95V,95,1,8.457,8.457,8.457
GRB2,ENST00000316804,F95Y,95,1,8.457,8.457,8.457
GRB2,ENST00000316804,F9C,9,1,7.732,7.732,7.732
GRB2,ENST00000316804,F9F,9,1,6.769,6.769,6.769
GRB2,ENST00000316804,F9I,9,1,7.732,7.732,7.732
GRB2,ENST00000316804,F9L,9,3,7.09,6.769,7.732
GRB2,ENST00000316804,F9S,9,1,7.732,7.732,7.732
GRB2,ENST00000316804,F9V,9,1,7.732,7.732,7.732
GRB2,ENST00000316804,F9Y,9,1,7.732,7.732,7.732
GRB2,ENST00000316804,G102A,102,1,5.787,5.787,5.787
GRB2,ENST00000316804,G102E,102,1,5.787,5.787,5.787
GRB2,ENST00000316804,G102G,102,3,-0.046,-0.046,-0.046
GRB2,ENST00000316804,G102R,102,2,5.787,5.787,5.787
GRB2,ENST00000316804,G102V,102,1,5.787,5.787,5.787
GRB2,ENST00000316804,G114A,114,1,7.518,7.518,7.518
GRB2,ENST00000316804,G114E,114,1,7.518,7.518,7.518
GRB2,ENST00000316804,G114G,114,3,-0.584,-0.584,-0.584
GRB2,ENST00000316804,G114R,114,2,7.518,7.518,7.518
GRB2,ENST00000316804,G114V,114,1,7.518,7.518,7.518
GRB2,ENST00000316804,G116A,116,1,7.518,7.518,7.518
GRB2,ENST00000316804,G116E,116,1,7.518,7.518,7.518
GRB2,ENST00000316804,G116G,116,3,-2.541,-2.541,-2.541
GRB2,ENST00000316804,G116R,116,2,7.518,7.518,7.518
GRB2,ENST00000316804,G116V,116,1,7.518,7.518,7.518
GRB2,ENST00000316804,G116W,116,1,7.518,7.518,7.518
GRB2,ENST00000316804,G173A,173,1,3.716,3.716,3.716
GRB2,ENST00000316804,G173E,173,1,3.716,3.716,3.716
GRB2,ENST00000316804,G173G,173,3,-1.167,-1.167,-1.167
GRB2,ENST00000316804,G173R,173,2,3.736,3.736,3.736
GRB2,ENST00000316804,G173V,173,1,3.716,3.716,3.716
GRB2,ENST00000316804,G176A,176,1,5.807,5.807,5.807
GRB2,ENST00000316804,G176C,176,1,3.761,3.761,3.761
GRB2,ENST00000316804,G176D,176,1,5.807,5.807,5.807
GRB2,ENST00000316804,G176G,176,3,-0.186,-0.186,-0.186
GRB2,ENST00000316804,G176R,176,1,3.761,3.761,3.761
GRB2,ENST00000316804,G176S,176,1,3.761,3.761,3.761
GRB2,ENST00000316804,G176V,176,1,5.807,5.807,5.807
GRB2,ENST00000316804,G180A,180,1,7.518,7.518,7.518
GRB2,ENST00000316804,G180E,180,1,7.518,7.518,7.518
GRB2,ENST00000316804,G180G,180,3,2.038,2.038,2.038
GRB2,ENST00000316804,G180R,180,2,7.518,7.518,7.518
GRB2,ENST00000316804,G180V,180,1,7.518,7.518,7.518
GRB2,ENST00000316804,G196A,196,1,7.518,7.518,7.518
GRB2,ENST00000316804,G196E,196,1,7.518,7.518,7.518
GRB2,ENST00000316804,G196G,196,3,0.204,0.204,0.204
GRB2,ENST00000316804,G196R,196,2,7.518,7.518,7.518
GRB2,ENST00000316804,G196V,196,1,7.518,7.518,7.518
GRB2,ENST00000316804,G200A,200,1,7.518,7.518,7.518
GRB2,ENST00000316804,G200E,200,1,7.518,7.518,7.518
GRB2,ENST00000316804,G200G,200,3,0.108,0.108,0.108
GRB2,ENST00000316804,G200R,200,2,4.696,4.696,4.696
GRB2,ENST00000316804,G200V,200,1,7.518,7.518,7.518
GRB2,ENST00000316804,G200W,200,1,4.696,4.696,4.696
GRB2,ENST00000316804,G203A,203,1,7.518,7.518,7.518
GRB2,ENST00000316804,G203C,203,1,7.518,7.518,7.518
GRB2,ENST00000316804,G203D,203,1,7.518,7.518,7.518
GRB2,ENST00000316804,G203G,203,3,5.437,5.437,5.437
GRB2,ENST00000316804,G203R,203,1,7.518,7.518,7.518
GRB2,ENST00000316804,G203S,203,1,7.518,7.518,7.518
GRB2,ENST00000316804,G203V,203,1,7.518,7.518,7.518
GRB2,ENST00000316804,G22A,22,1,6.698,6.698,6.698
GRB2,ENST00000316804,G22E,22,1,6.698,6.698,6.698
GRB2,ENST00000316804,G22G,22,3,0.793,0.793,0.793
GRB2,ENST00000316804,G22R,22,2,6.698,6.698,6.698
GRB2,ENST00000316804,G22V,22,1,6.698,6.698,6.698
GRB2,ENST00000316804,G22W,22,1,6.698,6.698,6.698
GRB2,ENST00000316804,G43A,43,1,7.321,7.321,7.321
GRB2,ENST00000316804,G43E,43,1,7.321,7.321,7.321
GRB2,ENST00000316804,G43G,43,3,-0.298,-0.298,-0.298
GRB2,ENST00000316804,G43R,43,2,7.321,7.321,7.321
GRB2,ENST00000316804,G43V,43,1,7.321,7.321,7.321
GRB2,ENST00000316804,G46A,46,1,7.321,7.321,7.321
GRB2,ENST00000316804,G46C,46,1,7.321,7.321,7.321
GRB2,ENST00000316804,G46D,46,1,7.321,7.321,7.321
GRB2,ENST00000316804,G46G,46,3,4.17,4.17,4.17
GRB2,ENST00000316804,G46R,46,1,7.321,7.321,7.321
GRB2,ENST00000316804,G46S,46,1,7.321,7.321,7.321
GRB2,ENST00000316804,G46V,46,1,7.321,7.321,7.321
GRB2,ENST00000316804,G63A,63,1,5.761,5.761,5.761
GRB2,ENST00000316804,G63C,63,1,5.761,5.761,5.761
GRB2,ENST00000316804,G63D,63,1,5.761,5.761,5.761
GRB2,ENST00000316804,G63G,63,3,1.086,1.086,1.086
GRB2,ENST00000316804,G63R,63,1,5.761,5.761,5.761
GRB2,ENST00000316804,G63S,63,1,5.761,5.761,5.761
GRB2,ENST00000316804,G63V,63,1,5.761,5.761,5.761
GRB2,ENST00000316804,G81A,81,1,7.49,7.49,7.49
GRB2,ENST00000316804,G81E,81,1,7.49,7.49,7.49
GRB2,ENST00000316804,G81G,81,3,0.101,0.101,0.101
GRB2,ENST00000316804,G81R,81,2,7.49,7.49,7.49
GRB2,ENST00000316804,G81V,81,1,7.49,7.49,7.49
GRB2,ENST00000316804,G81W,81,1,7.49,7.49,7.49
GRB2,ENST00000316804,G93A,93,1,7.321,7.321,7.321
GRB2,ENST00000316804,G93E,93,1,7.321,7.321,7.321
GRB2,ENST00000316804,G93G,93,3,0.012,0.012,0.012
GRB2,ENST00000316804,G93R,93,2,7.321,7.321,7.321
GRB2,ENST00000316804,G93V,93,1,7.321,7.321,7.321
GRB2,ENST00000316804,G93W,93,1,7.321,7.321,7.321
GRB2,ENST00000316804,H107D,107,1,11.295,11.295,11.295
GRB2,ENST00000316804,H107H,107,1,4.441,4.441,4.441
GRB2,ENST00000316804,H107L,107,1,8.871,8.871,8.871
GRB2,ENST00000316804,H107N,107,1,11.295,11.295,11.295
GRB2,ENST00000316804,H107P,107,1,8.871,8.871,8.871
GRB2,ENST00000316804,H107Q,107,2,4.441,4.441,4.441
GRB2,ENST00000316804,H107R,107,1,8.871,8.871,8.871
GRB2,ENST00000316804,H107Y,107,1,11.295,11.295,11.295
GRB2,ENST00000316804,H135D,135,1,11.295,11.295,11.295
GRB2,ENST00000316804,H135H,135,1,9.329,9.329,9.329
GRB2,ENST00000316804,H135L,135,1,8.871,8.871,8.871
GRB2,ENST00000316804,H135N,135,1,11.295,11.295,11.295
GRB2,ENST00000316804,H135P,135,1,8.871,8.871,8.871
GRB2,ENST00000316804,H135Q,135,2,9.329,9.329,9.329
GRB2,ENST00000316804,H135R,135,1,8.871,8.871,8.871
GRB2,ENST00000316804,H135Y,135,1,11.295,11.295,11.295
GRB2,ENST00000316804,H184D,184,1,5.78,5.78,5.78
GRB2,ENST00000316804,H184H,184,1,0.712,0.712,0.712
GRB2,ENST00000316804,H184L,184,1,5.778,5.778,5.778
GRB2,ENST00000316804,H184N,184,1,5.78,5.78,5.78
GRB2,ENST00000316804,H184P,184,1,5.778,5.778,5.778
GRB2,ENST00000316804,H184Q,184,2,0.712,0.712,0.712
GRB2,ENST00000316804,H184R,184,1,5.778,5.778,5.778
GRB2,ENST00000316804,H184Y,184,1,5.78,5.78,5.78
GRB2,ENST00000316804,H199D,199,1,7.991,7.991,7.991
GRB2,ENST00000316804,H199H,199,1,0.715,0.715,0.715
GRB2,ENST00000316804,H199L,199,1,4.793,4.793,4.793
GRB2,ENST00000316804,H199N,199,1,7.991,7.991,7.991
GRB2,ENST00000316804,H199P,199,1,4.793,4.793,4.793
GRB2,ENST00000316804,H199Q,199,2,0.715,0.715,0.715
GRB2,ENST00000316804,H199R,199,1,4.793,4.793,4.793
GRB2,ENST00000316804,H199Y,199,1,7.991,7.991,7.991
GRB2,ENST00000316804,H58D,58,1,10.994,10.994,10.994
GRB2,ENST00000316804,H58H,58,1,1.245,1.245,1.245
GRB2,ENST00000316804,H58L,58,1,8.64,8.64,8.64
GRB2,ENST00000316804,H58N,58,1,10.994,10.994,10.994
GRB2,ENST00000316804,H58P,58,1,8.64,8.64,8.64
GRB2,ENST00000316804,H58Q,58,2,1.245,1.245,1.245
GRB2,ENST00000316804,H58R,58,1,8.64,8.64,8.64
GRB2,ENST00000316804,H58Y,58,1,10.994,10.994,10.994
GRB2,ENST00000316804,H79D,79,1,5.849,5.849,5.849
GRB2,ENST00000316804,H79H,79,1,-0.226,-0.226,-0.226
GRB2,ENST00000316804,H79L,79,1,3.892,3.892,3.892
GRB2,ENST00000316804,H79N,79,1,5.849,5.849,5.849
GRB2,ENST00000316804,H79P,79,1,3.892,3.892,3.892
GRB2,ENST00000316804,H79Q,79,2,-0.226,-0.226,-0.226
GRB2,ENST00000316804,H79R,79,1,3.892,3.892,3.892
GRB2,ENST00000316804,H79Y,79,1,5.849,5.849,5.849
GRB2,ENST00000316804,I146I,146,2,2.267,2.267,2.267
GRB2,ENST00000316804,I146K,146,1,8.687,8.687,8.687
GRB2,ENST00000316804,I146L,146,2,8.871,8.871,8.871
GRB2,ENST00000316804,I146M,146,1,2.267,2.267,2.267
GRB2,ENST00000316804,I146R,146,1,8.687,8.687,8.687
GRB2,ENST00000316804,I146T,146,1,8.687,8.687,8.687
GRB2,ENST00000316804,I146V,146,1,8.871,8.871,8.871
GRB2,ENST00000316804,I151I,151,2,0.703,0.703,0.703
GRB2,ENST00000316804,I151K,151,1,6.894,6.894,6.894
GRB2,ENST00000316804,I151L,151,2,8.871,8.871,8.871
GRB2,ENST00000316804,I151M,151,1,0.703,0.703,0.703
GRB2,ENST00000316804,I151R,151,1,6.894,6.894,6.894
GRB2,ENST00000316804,I151T,151,1,6.894,6.894,6.894
GRB2,ENST00000316804,I151V,151,1,8.871,8.871,8.871
GRB2,ENST00000316804,I183F,183,1,7.016,7.016,7.016
GRB2,ENST00000316804,I183I,183,2,5.029,5.029,5.029
GRB2,ENST00000316804,I183L,183,1,7.016,7.016,7.016
GRB2,ENST00000316804,I183M,183,1,5.029,5.029,5.029
GRB2,ENST00000316804,I183N,183,1,8.687,8.687,8.687
GRB2,ENST00000316804,I183S,183,1,8.687,8.687,8.687
GRB2,ENST00000316804,I183T,183,1,8.687,8.687,8.687
GRB2,ENST00000316804,I183V,183,1,7.016,7.016,7.016
GRB2,ENST00000316804,I24F,24,1,3.061,3.061,3.061
GRB2,ENST00000316804,I24I,24,2,3.946,3.946,3.946
GRB2,ENST00000316804,I24L,24,1,3.061,3.061,3.061
GRB2,ENST00000316804,I24M,24,1,3.946,3.946,3.946
GRB2,ENST00000316804,I24N,24,1,7.732,7.732,7.732
GRB2,ENST00000316804,I24S,24,1,7.732,7.732,7.732
GRB2,ENST00000316804,I24T,24,1,7.732,7.732,7.732
GRB2,ENST00000316804,I24V,24,1,3.061,3.061,3.061
GRB2,ENST00000316804,I48F,48,1,8.64,8.64,8.64
GRB2,ENST00000316804,I48I,48,2,-0.089,-0.089,-0.089
GRB2,ENST00000316804,I48L,48,1,8.64,8.64,8.64
GRB2,ENST00000316804,I48M,48,1,-0.089,-0.089,-0.089
GRB2,ENST00000316804,I48N,48,1,8.457,8.457,8.457
GRB2,ENST00000316804,I48S,48,1,8.457,8.457,8.457
GRB2,ENST00000316804,I48T,48,1,8.457,8.457,8.457
GRB2,ENST00000316804,I48V,48,1,8.64,8.64,8.64
GRB2,ENST00000316804,I4F,4,1,2.698,2.698,2.698
GRB2,ENST00000316804,I4I,4,2,1.766,1.766,1.766
GRB2,ENST00000316804,I4L,4,1,2.698,2.698,2.698
GRB2,ENST00000316804,I4M,4,1,1.766,1.766,1.766
GRB2,ENST00000316804,I4N,4,1,5.987,5.987,5.987
GRB2,ENST00000316804,I4S,4,1,5.987,5.987,5.987
GRB2,ENST00000316804,I4T,4,1,5.987,5.987,5.987
GRB2,ENST00000316804,I4V,4,1,2.698,2.698,2.698
GRB2,ENST00000316804,I53I,53,2,0.102,0.102,0.102
GRB2,ENST00000316804,I53K,53,1,8.457,8.457,8.457
GRB2,ENST00000316804,I53L,53,2,8.64,8.64,8.64
GRB2,ENST00000316804,I53M,53,1,0.102,0.102,0.102
GRB2,ENST00000316804,I53R,53,1,8.457,8.457,8.457
GRB2,ENST00000316804,I53T,53,1,8.457,8.457,8.457
GRB2,ENST00000316804,I53V,53,1,8.64,8.64,8.64
GRB2,ENST00000316804,I65F,65,1,7.043,7.043,7.043
GRB2,ENST00000316804,I65I,65,2,1.515,1.515,1.515
GRB2,ENST00000316804,I65L,65,1,7.043,7.043,7.043
GRB2,ENST00000316804,I65M,65,1,1.515,1.515,1.515
GRB2,ENST00000316804,I65N,65,1,8.654,8.654,8.654
GRB2,ENST00000316804,I65S,65,1,8.654,8.654,8.654
GRB2,ENST00000316804,I65T,65,1,8.654,8.654,8.654
GRB2,ENST00000316804,I65V,65,1,7.043,7.043,7.043
GRB2,ENST00000316804,I85F,85,1,7.034,7.034,7.034
GRB2,ENST00000316804,I85I,85,2,3.557,3.557,3.557
GRB2,ENST00000316804,I85L,85,1,7.034,7.034,7.034
GRB2,ENST00000316804,I85M,85,1,3.557,3.557,3.557
GRB2,ENST00000316804,I85N,85,1,8.654,8.654,8.654
GRB2,ENST00000316804,I85S,85,1,8.654,8.654,8.654
GRB2,ENST00000316804,I85T,85,1,8.654,8.654,8.654
GRB2,ENST00000316804,I85V,85,1,7.034,7.034,7.034
GRB2,ENST00000316804,K100E,100,1,8.635,8.635,8.635
GRB2,ENST00000316804,K100K,100,1,1.485,1.485,1.485
GRB2,ENST00000316804,K100M,100,1,6.851,6.851,6.851
GRB2,ENST00000316804,K100N,100,2,1.485,1.485,1.485
GRB2,ENST00000316804,K100Q,100,1,8.635,8.635,8.635
GRB2,ENST00000316804,K100R,100,1,6.851,6.851,6.851
GRB2,ENST00000316804,K100T,100,1,6.851,6.851,6.851
GRB2,ENST00000316804,K109E,109,1,8.871,8.871,8.871
GRB2,ENST00000316804,K109K,109,1,1.449,1.449,1.449
GRB2,ENST00000316804,K109M,109,1,8.871,8.871,8.871
GRB2,ENST00000316804,K109N,109,2,1.449,1.449,1.449
GRB2,ENST00000316804,K109Q,109,1,8.871,8.871,8.871
GRB2,ENST00000316804,K109R,109,1,8.871,8.871,8.871
GRB2,ENST00000316804,K109T,109,1,8.871,8.871,8.871
GRB2,ENST00000316804,K10E,10,1,7.896,7.896,7.896
GRB2,ENST00000316804,K10I,10,1,4.989,4.989,4.989
GRB2,ENST00000316804,K10K,10,1,4.81,4.81,4.81
GRB2,ENST00000316804,K10N,10,2,4.81,4.81,4.81
GRB2,ENST00000316804,K10Q,10,1,7.896,7.896,7.896
GRB2,ENST00000316804,K10R,10,1,4.989,4.989,4.989
GRB2,ENST00000316804,K10T,10,1,4.989,4.989,4.989
GRB2,ENST00000316804,K117E,117,1,8.871,8.871,8.871
GRB2,ENST00000316804,K117K,117,1,2.556,2.556,2.556
GRB2,ENST00000316804,K117M,117,1,8.871,8.871,8.871
GRB2,ENST00000316804,K117N,117,2,2.556,2.556,2.556
GRB2,ENST00000316804,K117Q,117,1,8.871,8.871,8.871
GRB2,ENST00000316804,K117R,117,1,8.871,8.871,8.871
GRB2,ENST00000316804,K117T,117,1,8.871,8.871,8.871
GRB2,ENST00000316804,K124E,124,1,8.871,8.871,8.871
GRB2,ENST00000316804,K124K,124,1,1.571,1.571,1.571
GRB2,ENST00000316804,K124M,124,1,8.871,8.871,8.871
GRB2,ENST00000316804,K124N,124,2,1.571,1.571,1.571
GRB2,ENST00000316804,K124Q,124,1,8.871,8.871,8.871
GRB2,ENST00000316804,K124R,124,1,8.871,8.871,8.871
GRB2,ENST00000316804,K124T,124,1,8.871,8.871,8.871
GRB2,ENST00000316804,K195E,195,1,8.871,8.871,8.871
GRB2,ENST00000316804,K195I,195,1,7.036,7.036,7.036
GRB2,ENST00000316804,K195K,195,1,-0.115,-0.115,-0.115
GRB2,ENST00000316804,K195N,195,2,-0.115,-0.115,-0.115
GRB2,ENST00000316804,K195Q,195,1,8.871,8.871,8.871
GRB2,ENST00000316804,K195R,195,1,7.036,7.036,7.036
GRB2,ENST00000316804,K195T,195,1,7.036,7.036,7.036
GRB2,ENST00000316804,K20E,20,1,6.051,6.051,6.051
GRB2,ENST00000316804,K20I,20,1,6.103,6.103,6.103
GRB2,ENST00000316804,K20K,20,1,0.282,0.282,0.282
GRB2,ENST00000316804,K20N,20,2,0.282,0.282,0.282
GRB2,ENST00000316804,K20Q,20,1,6.051,6.051,6.051
GRB2,ENST00000316804,K20R,20,1,6.103,6.103,6.103
GRB2,ENST00000316804,K20T,20,1,6.103,6.103,6.103
GRB2,ENST00000316804,K26E,26,1,7.896,7.896,7.896
GRB2,ENST00000316804,K26K,26,1,6.698,6.698,6.698
GRB2,ENST00000316804,K26M,26,1,7.896,7.896,7.896
GRB2,ENST00000316804,K26N,26,2,6.698,6.698,6.698
GRB2,ENST00000316804,K26Q,26,1,7.896,7.896,7.896
GRB2,ENST00000316804,K26R,26,1,7.896,7.896,7.896
GRB2,ENST00000316804,K26T,26,1,7.896,7.896,7.896
GRB2,ENST00000316804,K38E,38,1,8.64,8.64,8.64
GRB2,ENST00000316804,K38K,38,1,0.806,0.806,0.806
GRB2,ENST00000316804,K38M,38,1,8.64,8.64,8.64
GRB2,ENST00000316804,K38N,38,2,0.806,0.806,0.806
GRB2,ENST00000316804,K38Q,38,1,8.64,8.64,8.64
GRB2,ENST00000316804,K38R,38,1,8.64,8.64,8.64
GRB2,ENST00000316804,K38T,38,1,8.64,8.64,8.64
GRB2,ENST00000316804,K44E,44,1,5.576,5.576,5.576
GRB2,ENST00000316804,K44I,44,1,4.72,4.72,4.72
GRB2,ENST00000316804,K44K,44,1,0.448,0.448,0.448
GRB2,ENST00000316804,K44N,44,2,0.448,0.448,0.448
GRB2,ENST00000316804,K44Q,44,1,5.576,5.576,5.576
GRB2,ENST00000316804,K44R,44,1,4.72,4.72,4.72
GRB2,ENST00000316804,K44T,44,1,4.72,4.72,4.72
GRB2,ENST00000316804,K50E,50,1,8.64,8.64,8.64
GRB2,ENST00000316804,K50K,50,1,2.256,2.256,2.256
GRB2,ENST00000316804,K50M,50,1,8.64,8.64,8.64
GRB2,ENST00000316804,K50N,50,2,2.256,2.256,2.256
GRB2,ENST00000316804,K50Q,50,1,8.64,8.64,8.64
GRB2,ENST00000316804,K50R,50,1,8.64,8.64,8.64
GRB2,ENST00000316804,K50T,50,1,8.64,8.64,8.64
GRB2,ENST00000316804,K56E,56,1,8.64,8.64,8.64
GRB2,ENST00000316804,K56I,56,1,8.64,8.64,8.64
GRB2,ENST00000316804,K56K,56,1,0.927,0.927,0.927
GRB2,ENST00000316804,K56N,56,2,0.927,0.927,0.927
GRB2,ENST00000316804,K56Q,56,1,8.64,8.64,8.64
GRB2,ENST00000316804,K56R,56,1,8.64,8.64,8.64
GRB2,ENST00000316804,K56T,56,1,8.64,8.64,8.64
GRB2,ENST00000316804,K64E,64,1,5.844,5.844,5.844
GRB2,ENST00000316804,K64I,64,1,7.043,7.043,7.043
GRB2,ENST00000316804,K64K,64,1,3.349,3.349,3.349
GRB2,ENST00000316804,K64N,64,2,3.349,3.349,3.349
GRB2,ENST00000316804,K64Q,64,1,5.844,5.844,5.844
GRB2,ENST00000316804,K64R,64,1,7.043,7.043,7.043
GRB2,ENST00000316804,K64T,64,1,7.043,7.043,7.043
GRB2,ENST00000316804,K69E,69,1,4.817,4.817,4.817
GRB2,ENST00000316804,K69K,69,1,0.367,0.367,0.367
GRB2,ENST00000316804,K69M,69,1,5.84,5.84,5.84
GRB2,ENST00000316804,K69N,69,2,0.367,0.367,0.367
GRB2,ENST00000316804,K69Q,69,1,4.817,4.817,4.817
GRB2,ENST00000316804,K69R,69,1,5.84,5.84,5.84
GRB2,ENST00000316804,K69T,69,1,5.84,5.84,5.84
GRB2,ENST00000316804,K6E,6,1,7.896,7.896,7.896
GRB2,ENST00000316804,K6I,6,1,7.896,7.896,7.896
GRB2,ENST00000316804,K6K,6,1,0.155,0.155,0.155
GRB2,ENST00000316804,K6N,6,2,0.155,0.155,0.155
GRB2,ENST00000316804,K6Q,6,1,7.896,7.896,7.896
GRB2,ENST00000316804,K6R,6,1,7.896,7.896,7.896
GRB2,ENST00000316804,K6T,6,1,7.896,7.896,7.896
GRB2,ENST00000316804,K76E,76,1,5.751,5.751,5.751
GRB2,ENST00000316804,K76I,76,1,5.853,5.853,5.853
GRB2,ENST00000316804,K76K,76,1,1.902,1.902,1.902
GRB2,ENST00000316804,K76N,76,2,1.902,1.902,1.902
GRB2,ENST00000316804,K76Q,76,1,5.751,5.751,5.751
GRB2,ENST00000316804,K76R,76,1,5.853,5.853,5.853
GRB2,ENST00000316804,K76T,76,1,5.853,5.853,5.853
GRB2,ENST00000316804,L111F,111,1,8.039,8.039,8.039
GRB2,ENST00000316804,L111H,111,1,8.687,8.687,8.687
GRB2,ENST00000316804,L111I,111,1,8.039,8.039,8.039
GRB2,ENST00000316804,L111L,111,3,0.647,0.647,0.647
GRB2,ENST00000316804,L111P,111,1,8.687,8.687,8.687
GRB2,ENST00000316804,L111R,111,1,8.687,8.687,8.687
GRB2,ENST00000316804,L111V,111,1,8.039,8.039,8.039
GRB2,ENST00000316804,L120F,120,1,9.329,9.329,9.329
GRB2,ENST00000316804,L120H,120,1,8.687,8.687,8.687
GRB2,ENST00000316804,L120I,120,1,9.329,9.329,9.329
GRB2,ENST00000316804,L120L,120,3,-0.197,-0.197,-0.197
GRB2,ENST00000316804,L120P,120,1,8.687,8.687,8.687
GRB2,ENST00000316804,L120R,120,1,8.687,8.687,8.687
GRB2,ENST00000316804,L120V,120,1,9.329,9.329,9.329
GRB2,ENST00000316804,L128F,128,2,0.451,0.451,0.451
GRB2,ENST00000316804,L128L,128,2,1.098,1.098,1.745
GRB2,ENST00000316804,L128M,128,1,1.745,1.745,1.745
GRB2,ENST00000316804,L128S,128,1,8.687,8.687,8.687
GRB2,ENST00000316804,L128V,128,1,1.745,1.745,1.745
GRB2,ENST00000316804,L128W,128,1,8.687,8.687,8.687
GRB2,ENST00000316804,L131L,131,4,3.2395,2.812,4.522
GRB2,ENST00000316804,L131M,131,1,4.522,4.522,4.522
GRB2,ENST00000316804,L131P,131,1,8.687,8.687,8.687
GRB2,ENST00000316804,L131Q,131,1,8.687,8.687,8.687
GRB2,ENST00000316804,L131R,131,1,8.687,8.687,8.687
GRB2,ENST00000316804,L131V,131,1,4.522,4.522,4.522
GRB2,ENST00000316804,L148L,148,4,1.53675,-0.618,8.001
GRB2,ENST00000316804,L148M,148,1,8.001,8.001,8.001
GRB2,ENST00000316804,L148P,148,1,8.687,8.687,8.687
GRB2,ENST00000316804,L148Q,148,1,8.687,8.687,8.687
GRB2,ENST00000316804,L148R,148,1,8.687,8.687,8.687
GRB2,ENST00000316804,L148V,148,1,8.001,8.001,8.001
GRB2,ENST00000316804,L164F,164,1,7.678,7.678,7.678
GRB2,ENST00000316804,L164H,164,1,6.799,6.799,6.799
GRB2,ENST00000316804,L164I,164,1,7.678,7.678,7.678
GRB2,ENST00000316804,L164L,164,3,1.07,1.07,1.07
GRB2,ENST00000316804,L164P,164,1,6.799,6.799,6.799
GRB2,ENST00000316804,L164R,164,1,6.799,6.799,6.799
GRB2,ENST00000316804,L164V,164,1,7.678,7.678,7.678
GRB2,ENST00000316804,L175L,175,4,2.65,1.791,5.227
GRB2,ENST00000316804,L175M,175,1,5.227,5.227,5.227
GRB2,ENST00000316804,L175P,175,1,8.687,8.687,8.687
GRB2,ENST00000316804,L175Q,175,1,8.687,8.687,8.687
GRB2,ENST00000316804,L175R,175,1,8.687,8.687,8.687
GRB2,ENST00000316804,L175V,175,1,5.227,5.227,5.227
GRB2,ENST00000316804,L17L,17,4,2.7155,1.355,6.797
GRB2,ENST00000316804,L17M,17,1,6.797,6.797,6.797
GRB2,ENST00000316804,L17P,17,1,7.732,7.732,7.732
GRB2,ENST00000316804,L17Q,17,1,7.732,7.732,7.732
GRB2,ENST00000316804,L17R,17,1,7.732,7.732,7.732
GRB2,ENST00000316804,L17V,17,1,6.797,6.797,6.797
GRB2,ENST00000316804,L25F,25,1,10.034,10.034,10.034
GRB2,ENST00000316804,L25H,25,1,7.732,7.732,7.732
GRB2,ENST00000316804,L25I,25,1,10.034,10.034,10.034
GRB2,ENST00000316804,L25L,25,3,2.542,2.542,2.542
GRB2,ENST00000316804,L25P,25,1,7.732,7.732,7.732
GRB2,ENST00000316804,L25R,25,1,7.732,7.732,7.732
GRB2,ENST00000316804,L25V,25,1,10.034,10.034,10.034
GRB2,ENST00000316804,L28F,28,2,3.726,3.726,3.726
GRB2,ENST00000316804,L28L,28,2,4.672,4.672,5.618
GRB2,ENST00000316804,L28M,28,1,5.618,5.618,5.618
GRB2,ENST00000316804,L28S,28,1,8.457,8.457,8.457
GRB2,ENST00000316804,L28V,28,1,5.618,5.618,5.618
GRB2,ENST00000316804,L28W,28,1,8.457,8.457,8.457
GRB2,ENST00000316804,L41F,41,1,6.622,6.622,6.622
GRB2,ENST00000316804,L41H,41,1,6.623,6.623,6.623
GRB2,ENST00000316804,L41I,41,1,6.622,6.622,6.622
GRB2,ENST00000316804,L41L,41,3,1.099,1.099,1.099
GRB2,ENST00000316804,L41P,41,1,6.623,6.623,6.623
GRB2,ENST00000316804,L41R,41,1,6.623,6.623,6.623
GRB2,ENST00000316804,L41V,41,1,6.622,6.622,6.622
GRB2,ENST00000316804,L74F,74,1,6.445,6.445,6.445
GRB2,ENST00000316804,L74H,74,1,8.654,8.654,8.654
GRB2,ENST00000316804,L74I,74,1,6.445,6.445,6.445
GRB2,ENST00000316804,L74L,74,3,-0.332,-0.332,-0.332
GRB2,ENST00000316804,L74P,74,1,8.654,8.654,8.654
GRB2,ENST00000316804,L74R,74,1,8.654,8.654,8.654
GRB2,ENST00000316804,L74V,74,1,6.445,6.445,6.445
GRB2,ENST00000316804,L84F,84,1,6.935,6.935,6.935
GRB2,ENST00000316804,L84H,84,1,8.654,8.654,8.654
GRB2,ENST00000316804,L84I,84,1,6.935,6.935,6.935
GRB2,ENST00000316804,L84L,84,3,-0.753,-0.753,-0.753
GRB2,ENST00000316804,L84P,84,1,8.654,8.654,8.654
GRB2,ENST00000316804,L84R,84,1,8.654,8.654,8.654
GRB2,ENST00000316804,L84V,84,1,6.935,6.935,6.935
GRB2,ENST00000316804,L97F,97,1,6.65,6.65,6.65
GRB2,ENST00000316804,L97H,97,1,8.457,8.457,8.457
GRB2,ENST00000316804,L97I,97,1,6.65,6.65,6.65
GRB2,ENST00000316804,L97L,97,3,0.766,0.766,0.766
GRB2,ENST00000316804,L97P,97,1,8.457,8.457,8.457
GRB2,ENST00000316804,L97R,97,1,8.457,8.457,8.457
GRB2,ENST00000316804,L97V,97,1,6.65,6.65,6.65
GRB2,ENST00000316804,M186I,186,3,0.641,0.641,0.641
GRB2,ENST00000316804,M186K,186,1,8.687,8.687,8.687
GRB2,ENST00000316804,M186L,186,2,5.9,5.9,5.9
GRB2,ENST00000316804,M186R,186,1,8.687,8.687,8.687
GRB2,ENST00000316804,M186T,186,1,8.687,8.687,8.687
GRB2,ENST00000316804,M186V,186,1,5.9,5.9,5.9
GRB2,ENST00000316804,M1I,1,3,6.529,6.529,6.529
GRB2,ENST00000316804,M1K,1,1,7.535,7.535,7.535
GRB2,ENST00000316804,M1L,1,2,7.693,7.693,7.693
GRB2,ENST00000316804,M1R,1,1,7.535,7.535,7.535
GRB2,ENST00000316804,M1T,1,1,7.535,7.535,7.535
GRB2,ENST00000316804,M1V,1,1,7.693,7.693,7.693
GRB2,ENST00000316804,M204I,204,3,3.786,3.786,3.786
GRB2,ENST00000316804,M204K,204,1,6.887,6.887,6.887
GRB2,ENST00000316804,M204L,204,2,4.787,4.787,4.787
GRB2,ENST00000316804,M204R,204,1,6.887,6.887,6.887
GRB2,ENST00000316804,M204T,204,1,6.887,6.887,6.887
GRB2,ENST00000316804,M204V,204,1,4.787,4.787,4.787
GRB2,ENST00000316804,M55I,55,3,5.598,5.598,5.598
GRB2,ENST00000316804,M55K,55,1,8.457,8.457,8.457
GRB2,ENST00000316804,M55L,55,2,6.856,6.856,6.856
GRB2,ENST00000316804,M55R,55,1,8.457,8.457,8.457
GRB2,ENST00000316804,M55T,55,1,8.457,8.457,8.457
GRB2,ENST00000316804,M55V,55,1,6.856,6.856,6.856
GRB2,ENST00000316804,M73I,73,3,4.674,4.674,4.674
GRB2,ENST00000316804,M73K,73,1,8.654,8.654,8.654
GRB2,ENST00000316804,M73L,73,2,5.849,5.849,5.849
GRB2,ENST00000316804,M73R,73,1,8.654,8.654,8.654
GRB2,ENST00000316804,M73T,73,1,8.654,8.654,8.654
GRB2,ENST00000316804,M73V,73,1,5.849,5.849,5.849
GRB2,ENST00000316804,N103D,103,1,8.871,8.871,8.871
GRB2,ENST00000316804,N103H,103,1,8.871,8.871,8.871
GRB2,ENST00000316804,N103I,103,1,5.881,5.881,5.881
GRB2,ENST00000316804,N103K,103,2,0.685,0.685,0.685
GRB2,ENST00000316804,N103N,103,1,0.685,0.685,0.685
GRB2,ENST00000316804,N103S,103,1,5.881,5.881,5.881
GRB2,ENST00000316804,N103T,103,1,5.881,5.881,5.881
GRB2,ENST00000316804,N103Y,103,1,8.871,8.871,8.871
GRB2,ENST00000316804,N126D,126,1,8.871,8.871,8.871
GRB2,ENST00000316804,N126H,126,1,8.871,8.871,8.871
GRB2,ENST00000316804,N126I,126,1,4.912,4.912,4.912
GRB2,ENST00000316804,N126K,126,2,1.172,1.172,1.172
GRB2,ENST00000316804,N126N,126,1,1.172,1.172,1.172
GRB2,ENST00000316804,N126S,126,1,4.912,4.912,4.912
GRB2,ENST00000316804,N126T,126,1,4.912,4.912,4.912
GRB2,ENST00000316804,N126Y,126,1,8.871,8.871,8.871
GRB2,ENST00000316804,N129D,129,1,8.871,8.871,8.871
GRB2,ENST00000316804,N129H,129,1,8.871,8.871,8.871
GRB2,ENST00000316804,N129I,129,1,8.871,8.871,8.871
GRB2,ENST00000316804,N129K,129,2,0.438,0.438,0.438
GRB2,ENST00000316804,N129N,129,1,0.438,0.438,0.438
GRB2,ENST00000316804,N129S,129,1,8.871,8.871,8.871
GRB2,ENST00000316804,N129T,129,1,8.871,8.871,8.871
GRB2,ENST00000316804,N129Y,129,1,8.871,8.871,8.871
GRB2,ENST00000316804,N143D,143,1,8.871,8.871,8.871
GRB2,ENST00000316804,N143H,143,1,8.871,8.871,8.871
GRB2,ENST00000316804,N143I,143,1,5.781,5.781,5.781
GRB2,ENST00000316804,N143K,143,2,3.966,3.966,3.966
GRB2,ENST00000316804,N143N,143,1,3.966,3.966,3.966
GRB2,ENST00000316804,N143S,143,1,5.781,5.781,5.781
GRB2,ENST00000316804,N143T,143,1,5.781,5.781,5.781
GRB2,ENST00000316804,N143Y,143,1,8.871,8.871,8.871
GRB2,ENST00000316804,N188D,188,1,5.771,5.771,5.771
GRB2,ENST00000316804,N188H,188,1,5.771,5.771,5.771
GRB2,ENST00000316804,N188I,188,1,4.903,4.903,4.903
GRB2,ENST00000316804,N188K,188,2,4.844,4.844,4.844
GRB2,ENST00000316804,N188N,188,1,4.844,4.844,4.844
GRB2,ENST00000316804,N188S,188,1,4.903,4.903,4.903
GRB2,ENST00000316804,N188T,188,1,4.903,4.903,4.903
GRB2,ENST00000316804,N188Y,188,1,5.771,5.771,5.771
GRB2,ENST00000316804,N192D,192,1,5.822,5.822,5.822
GRB2,ENST00000316804,N192H,192,1,5.822,5.822,5.822
GRB2,ENST00000316804,N192I,192,1,7.01,7.01,7.01
GRB2,ENST00000316804,N192K,192,2,3.635,3.635,3.635
GRB2,ENST00000316804,N192N,192,1,3.635,3.635,3.635
GRB2,ENST00000316804,N192S,192,1,7.01,7.01,7.01
GRB2,ENST00000316804,N192T,192,1,7.01,7.01,7.01
GRB2,ENST00000316804,N192Y,192,1,5.822,5.822,5.822
GRB2,ENST00000316804,N208D,208,1,7.036,7.036,7.036
GRB2,ENST00000316804,N208H,208,1,7.036,7.036,7.036
GRB2,ENST00000316804,N208I,208,1,7.072,7.072,7.072
GRB2,ENST00000316804,N208K,208,2,1.883,1.883,1.883
GRB2,ENST00000316804,N208N,208,1,1.883,1.883,1.883
GRB2,ENST00000316804,N208S,208,1,7.072,7.072,7.072
GRB2,ENST00000316804,N208T,208,1,7.072,7.072,7.072
GRB2,ENST00000316804,N208Y,208,1,7.036,7.036,7.036
GRB2,ENST00000316804,N214D,214,1,5.705,5.705,5.705
GRB2,ENST00000316804,N214H,214,1,5.705,5.705,5.705
GRB2,ENST00000316804,N214I,214,1,3.242,3.242,3.242
GRB2,ENST00000316804,N214K,214,2,3.036,3.036,3.036
GRB2,ENST00000316804,N214N,214,1,3.036,3.036,3.036
GRB2,ENST00000316804,N214S,214,1,3.242,3.242,3.242
GRB2,ENST00000316804,N214T,214,1,3.242,3.242,3.242
GRB2,ENST00000316804,N214Y,214,1,5.705,5.705,5.705
GRB2,ENST00000316804,N216D,216,1,8.123,8.123,8.123
GRB2,ENST00000316804,N216H,216,1,8.123,8.123,8.123
GRB2,ENST00000316804,N216I,216,1,4.314,4.314,4.314
GRB2,ENST00000316804,N216K,216,2,4.089,4.089,4.089
GRB2,ENST00000316804,N216N,216,1,4.089,4.089,4.089
GRB2,ENST00000316804,N216S,216,1,4.314,4.314,4.314
GRB2,ENST00000316804,N216T,216,1,4.314,4.314,4.314
GRB2,ENST00000316804,N216Y,216,1,8.123,8.123,8.123
GRB2,ENST00000316804,N29D,29,1,8.64,8.64,8.64
GRB2,ENST00000316804,N29H,29,1,8.64,8.64,8.64
GRB2,ENST00000316804,N29I,29,1,8.64,8.64,8.64
GRB2,ENST00000316804,N29K,29,2,2.224,2.224,2.224
GRB2,ENST00000316804,N29N,29,1,2.224,2.224,2.224
GRB2,ENST00000316804,N29S,29,1,8.64,8.64,8.64
GRB2,ENST00000316804,N29T,29,1,8.64,8.64,8.64
GRB2,ENST00000316804,N29Y,29,1,8.64,8.64,8.64
GRB2,ENST00000316804,N35D,35,1,8.64,8.64,8.64
GRB2,ENST00000316804,N35H,35,1,8.64,8.64,8.64
GRB2,ENST00000316804,N35I,35,1,8.64,8.64,8.64
GRB2,ENST00000316804,N35K,35,2,2.691,2.691,2.691
GRB2,ENST00000316804,N35N,35,1,2.691,2.691,2.691
GRB2,ENST00000316804,N35S,35,1,8.64,8.64,8.64
GRB2,ENST00000316804,N35T,35,1,8.64,8.64,8.64
GRB2,ENST00000316804,N35Y,35,1,8.64,8.64,8.64
GRB2,ENST00000316804,N42D,42,1,5.655,5.655,5.655
GRB2,ENST00000316804,N42H,42,1,5.655,5.655,5.655
GRB2,ENST00000316804,N42I,42,1,5.656,5.656,5.656
GRB2,ENST00000316804,N42K,42,2,0.477,0.477,0.477
GRB2,ENST00000316804,N42N,42,1,0.477,0.477,0.477
GRB2,ENST00000316804,N42S,42,1,5.656,5.656,5.656
GRB2,ENST00000316804,N42T,42,1,5.656,5.656,5.656
GRB2,ENST00000316804,N42Y,42,1,5.655,5.655,5.655
GRB2,ENST00000316804,N51D,51,1,8.64,8.64,8.64
GRB2,ENST00000316804,N51H,51,1,8.64,8.64,8.64
GRB2,ENST00000316804,N51I,51,1,8.64,8.64,8.64
GRB2,ENST00000316804,N51K,51,2,0.317,0.317,0.317
GRB2,ENST00000316804,N51N,51,1,0.317,0.317,0.317
GRB2,ENST00000316804,N51S,51,1,8.64,8.64,8.64
GRB2,ENST00000316804,N51T,51,1,8.64,8.64,8.64
GRB2,ENST00000316804,N51Y,51,1,8.64,8.64,8.64
GRB2,ENST00000316804,P155A,155,1,6.687,6.687,6.687
GRB2,ENST00000316804,P155L,155,1,11.295,11.295,11.295
GRB2,ENST00000316804,P155P,155,3,0.732,0.732,0.732
GRB2,ENST00000316804,P155Q,155,1,11.295,11.295,11.295
GRB2,ENST00000316804,P155R,155,1,11.295,11.295,11.295
GRB2,ENST00000316804,P155S,155,1,6.687,6.687,6.687
GRB2,ENST00000316804,P155T,155,1,6.687,6.687,6.687
GRB2,ENST00000316804,P158A,158,1,7.452,7.452,7.452
GRB2,ENST00000316804,P158L,158,1,11.245,11.245,11.245
GRB2,ENST00000316804,P158P,158,3,-3.1,-3.1,-3.1
GRB2,ENST00000316804,P158Q,158,1,11.245,11.245,11.245
GRB2,ENST00000316804,P158R,158,1,11.245,11.245,11.245
GRB2,ENST00000316804,P158S,158,1,7.452,7.452,7.452
GRB2,ENST00000316804,P158T,158,1,7.452,7.452,7.452
GRB2,ENST00000316804,P169A,169,1,7.979,7.979,7.979
GRB2,ENST00000316804,P169H,169,1,9.376,9.376,9.376
GRB2,ENST00000316804,P169L,169,1,9.376,9.376,9.376
GRB2,ENST00000316804,P169P,169,3,0.93,0.93,0.93
GRB2,ENST00000316804,P169R,169,1,9.376,9.376,9.376
GRB2,ENST00000316804,P169S,169,1,7.979,7.979,7.979
GRB2,ENST00000316804,P169T,169,1,7.979,7.979,7.979
GRB2,ENST00000316804,P191A,191,1,9.383,9.383,9.383
GRB2,ENST00000316804,P191H,191,1,11.295,11.295,11.295
GRB2,ENST00000316804,P191L,191,1,11.295,11.295,11.295
GRB2,ENST00000316804,P191P,191,3,4.992,4.992,4.992
GRB2,ENST00000316804,P191R,191,1,11.295,11.295,11.295
GRB2,ENST00000316804,P191S,191,1,9.383,9.383,9.383
GRB2,ENST00000316804,P191T,191,1,9.383,9.383,9.383
GRB2,ENST00000316804,P206A,206,1,11.295,11.295,11.295
GRB2,ENST00000316804,P206H,206,1,11.295,11.295,11.295
GRB2,ENST00000316804,P206L,206,1,11.295,11.295,11.295
GRB2,ENST00000316804,P206P,206,3,-0.237,-0.237,-0.237
GRB2,ENST00000316804,P206R,206,1,11.295,11.295,11.295
GRB2,ENST00000316804,P206S,206,1,11.295,11.295,11.295
GRB2,ENST00000316804,P206T,206,1,11.295,11.295,11.295
GRB2,ENST00000316804,P212A,212,1,11.207,11.207,11.207
GRB2,ENST00000316804,P212H,212,1,9.291,9.291,9.291
GRB2,ENST00000316804,P212L,212,1,9.291,9.291,9.291
GRB2,ENST00000316804,P212P,212,3,-2.741,-2.741,-2.741
GRB2,ENST00000316804,P212R,212,1,9.291,9.291,9.291
GRB2,ENST00000316804,P212S,212,1,11.207,11.207,11.207
GRB2,ENST00000316804,P212T,212,1,11.207,11.207,11.207
GRB2,ENST00000316804,P49A,49,1,10.994,10.994,10.994
GRB2,ENST00000316804,P49H,49,1,9.109,9.109,9.109
GRB2,ENST00000316804,P49L,49,1,9.109,9.109,9.109
GRB2,ENST00000316804,P49P,49,3,6.312,6.312,6.312
GRB2,ENST00000316804,P49R,49,1,9.109,9.109,9.109
GRB2,ENST00000316804,P49S,49,1,10.994,10.994,10.994
GRB2,ENST00000316804,P49T,49,1,10.994,10.994,10.994
GRB2,ENST00000316804,P57A,57,1,6.117,6.117,6.117
GRB2,ENST00000316804,P57L,57,1,10.994,10.994,10.994
GRB2,ENST00000316804,P57P,57,3,0.126,0.126,0.126
GRB2,ENST00000316804,P57Q,57,1,10.994,10.994,10.994
GRB2,ENST00000316804,P57R,57,1,10.994,10.994,10.994
GRB2,ENST00000316804,P57S,57,1,6.117,6.117,6.117
GRB2,ENST00000316804,P57T,57,1,6.117,6.117,6.117
GRB2,ENST00000316804,P59A,59,1,10.994,10.994,10.994
GRB2,ENST00000316804,P59L,59,1,7.767,7.767,7.767
GRB2,ENST00000316804,P59P,59,3,1.801,1.801,1.801
GRB2,ENST00000316804,P59Q,59,1,7.767,7.767,7.767
GRB2,ENST00000316804,P59R,59,1,7.767,7.767,7.767
GRB2,ENST00000316804,P59S,59,1,10.994,10.994,10.994
GRB2,ENST00000316804,P59T,59,1,10.994,10.994,10.994
GRB2,ENST00000316804,P66A,66,1,8.047,8.047,8.047
GRB2,ENST00000316804,P66H,66,1,11.252,11.252,11.252
GRB2,ENST00000316804,P66L,66,1,11.252,11.252,11.252
GRB2,ENST00000316804,P66P,66,3,3.526,3.526,3.526
GRB2,ENST00000316804,P66R,66,1,11.252,11.252,11.252
GRB2,ENST00000316804,P66S,66,1,8.047,8.047,8.047
GRB2,ENST00000316804,P66T,66,1,8.047,8.047,8.047
GRB2,ENST00000316804,P92A,92,1,9.095,9.095,9.095
GRB2,ENST00000316804,P92H,92,1,10.991,10.991,10.991
GRB2,ENST00000316804,P92L,92,1,10.991,10.991,10.991
GRB2,ENST00000316804,P92P,92,3,-1.339,-1.339,-1.339
GRB2,ENST00000316804,P92R,92,1,10.991,10.991,10.991
GRB2,ENST00000316804,P92S,92,1,9.095,9.095,9.095
GRB2,ENST00000316804,P92T,92,1,9.095,9.095,9.095
GRB2,ENST00000316804,Q106E,106,1,11.295,11.295,11.295
GRB2,ENST00000316804,Q106H,106,2,4.679,4.679,4.679
GRB2,ENST00000316804,Q106K,106,1,11.295,11.295,11.295
GRB2,ENST00000316804,Q106L,106,1,8.871,8.871,8.871
GRB2,ENST00000316804,Q106P,106,1,8.871,8.871,8.871
GRB2,ENST00000316804,Q106Q,106,1,4.679,4.679,4.679
GRB2,ENST00000316804,Q106R,106,1,8.871,8.871,8.871
GRB2,ENST00000316804,Q144E,144,1,9.383,9.383,9.383
GRB2,ENST00000316804,Q144H,144,2,3.827,3.827,3.827
GRB2,ENST00000316804,Q144K,144,1,9.383,9.383,9.383
GRB2,ENST00000316804,Q144L,144,1,8.871,8.871,8.871
GRB2,ENST00000316804,Q144P,144,1,8.871,8.871,8.871
GRB2,ENST00000316804,Q144Q,144,1,3.827,3.827,3.827
GRB2,ENST00000316804,Q144R,144,1,8.871,8.871,8.871
GRB2,ENST00000316804,Q145E,145,1,9.382,9.382,9.382
GRB2,ENST00000316804,Q145H,145,2,1.102,1.102,1.102
GRB2,ENST00000316804,Q145K,145,1,9.382,9.382,9.382
GRB2,ENST00000316804,Q145L,145,1,6.928,6.928,6.928
GRB2,ENST00000316804,Q145P,145,1,6.928,6.928,6.928
GRB2,ENST00000316804,Q145Q,145,1,1.102,1.102,1.102
GRB2,ENST00000316804,Q145R,145,1,6.928,6.928,6.928
GRB2,ENST00000316804,Q153E,153,1,11.295,11.295,11.295
GRB2,ENST00000316804,Q153H,153,2,1.145,1.145,1.145
GRB2,ENST00000316804,Q153K,153,1,11.295,11.295,11.295
GRB2,ENST00000316804,Q153L,153,1,8.871,8.871,8.871
GRB2,ENST00000316804,Q153P,153,1,8.871,8.871,8.871
GRB2,ENST00000316804,Q153Q,153,1,1.145,1.145,1.145
GRB2,ENST00000316804,Q153R,153,1,8.871,8.871,8.871
GRB2,ENST00000316804,Q156E,156,1,11.295,11.295,11.295
GRB2,ENST00000316804,Q156H,156,2,7.49,7.49,7.49
GRB2,ENST00000316804,Q156K,156,1,11.295,11.295,11.295
GRB2,ENST00000316804,Q156L,156,1,8.871,8.871,8.871
GRB2,ENST00000316804,Q156P,156,1,8.871,8.871,8.871
GRB2,ENST00000316804,Q156Q,156,1,7.49,7.49,7.49
GRB2,ENST00000316804,Q156R,156,1,8.871,8.871,8.871
GRB2,ENST00000316804,Q157E,157,1,6.58,6.58,6.58
GRB2,ENST00000316804,Q157H,157,2,-0.006,-0.006,-0.006
GRB2,ENST00000316804,Q157K,157,1,6.58,6.58,6.58
GRB2,ENST00000316804,Q157L,157,1,5.706,5.706,5.706
GRB2,ENST00000316804,Q157P,157,1,5.706,5.706,5.706
GRB2,ENST00000316804,Q157Q,157,1,-0.006,-0.006,-0.006
GRB2,ENST00000316804,Q157R,157,1,5.706,5.706,5.706
GRB2,ENST00000316804,Q162E,162,1,11.245,11.245,11.245
GRB2,ENST00000316804,Q162H,162,2,0.741,0.741,0.741
GRB2,ENST00000316804,Q162K,162,1,11.245,11.245,11.245
GRB2,ENST00000316804,Q162L,162,1,8.833,8.833,8.833
GRB2,ENST00000316804,Q162P,162,1,8.833,8.833,8.833
GRB2,ENST00000316804,Q162Q,162,1,0.741,0.741,0.741
GRB2,ENST00000316804,Q162R,162,1,8.833,8.833,8.833
GRB2,ENST00000316804,Q170E,170,1,9.375,9.375,9.375
GRB2,ENST00000316804,Q170H,170,2,0.002,0.002,0.002
GRB2,ENST00000316804,Q170K,170,1,9.375,9.375,9.375
GRB2,ENST00000316804,Q170L,170,1,8.866,8.866,8.866
GRB2,ENST00000316804,Q170P,170,1,8.866,8.866,8.866
GRB2,ENST00000316804,Q170Q,170,1,0.002,0.002,0.002
GRB2,ENST00000316804,Q170R,170,1,8.866,8.866,8.866
GRB2,ENST00000316804,Q201E,201,1,9.382,9.382,9.382
GRB2,ENST00000316804,Q201H,201,2,0.962,0.962,0.962
GRB2,ENST00000316804,Q201K,201,1,9.382,9.382,9.382
GRB2,ENST00000316804,Q201L,201,1,5.88,5.88,5.88
GRB2,ENST00000316804,Q201P,201,1,5.88,5.88,5.88
GRB2,ENST00000316804,Q201Q,201,1,0.962,0.962,0.962
GRB2,ENST00000316804,Q201R,201,1,5.88,5.88,5.88
GRB2,ENST00000316804,Q34E,34,1,10.994,10.994,10.994
GRB2,ENST00000316804,Q34H,34,2,1.185,1.185,1.185
GRB2,ENST00000316804,Q34K,34,1,10.994,10.994,10.994
GRB2,ENST00000316804,Q34L,34,1,8.64,8.64,8.64
GRB2,ENST00000316804,Q34P,34,1,8.64,8.64,8.64
GRB2,ENST00000316804,Q34Q,34,1,1.185,1.185,1.185
GRB2,ENST00000316804,Q34R,34,1,8.64,8.64,8.64
GRB2,ENST00000316804,Q77E,77,1,9.346,9.346,9.346
GRB2,ENST00000316804,Q77H,77,2,2.464,2.464,2.464
GRB2,ENST00000316804,Q77K,77,1,9.346,9.346,9.346
GRB2,ENST00000316804,Q77L,77,1,7.043,7.043,7.043
GRB2,ENST00000316804,Q77P,77,1,7.043,7.043,7.043
GRB2,ENST00000316804,Q77Q,77,1,2.464,2.464,2.464
GRB2,ENST00000316804,Q77R,77,1,7.043,7.043,7.043
GRB2,ENST00000316804,R112G,112,1,7.652,7.652,7.652
GRB2,ENST00000316804,R112L,112,1,7.518,7.518,7.518
GRB2,ENST00000316804,R112P,112,1,7.518,7.518,7.518
GRB2,ENST00000316804,R112Q,112,1,7.518,7.518,7.518
GRB2,ENST00000316804,R112R,112,4,1.59125,-0.429,7.652
GRB2,ENST00000316804,R136G,136,1,6.25,6.25,6.25
GRB2,ENST00000316804,R136I,136,1,5.787,5.787,5.787
GRB2,ENST00000316804,R136K,136,1,5.787,5.787,5.787
GRB2,ENST00000316804,R136R,136,2,3.6665,3.6665,6.25
GRB2,ENST00000316804,R136S,136,2,1.083,1.083,1.083
GRB2,ENST00000316804,R136T,136,1,5.787,5.787,5.787
GRB2,ENST00000316804,R142G,142,1,2.753,2.753,2.753
GRB2,ENST00000316804,R142I,142,1,5.766,5.766,5.766
GRB2,ENST00000316804,R142K,142,1,5.766,5.766,5.766
GRB2,ENST00000316804,R142R,142,2,1.624,1.624,2.753
GRB2,ENST00000316804,R142S,142,2,0.495,0.495,0.495
GRB2,ENST00000316804,R142T,142,1,5.766,5.766,5.766
GRB2,ENST00000316804,R149G,149,1,4.789,4.789,4.789
GRB2,ENST00000316804,R149L,149,1,7.518,7.518,7.518
GRB2,ENST00000316804,R149P,149,1,7.518,7.518,7.518
GRB2,ENST00000316804,R149Q,149,1,7.518,7.518,7.518
GRB2,ENST00000316804,R149R,149,4,2.06425,1.156,4.789
GRB2,ENST00000316804,R149W,149,1,4.789,4.789,4.789
GRB2,ENST00000316804,R178C,178,1,5.474,5.474,5.474
GRB2,ENST00000316804,R178G,178,1,5.474,5.474,5.474
GRB2,ENST00000316804,R178H,178,1,3.054,3.054,3.054
GRB2,ENST00000316804,R178L,178,1,3.054,3.054,3.054
GRB2,ENST00000316804,R178P,178,1,3.054,3.054,3.054
GRB2,ENST00000316804,R178R,178,3,-0.662,-0.662,-0.662
GRB2,ENST00000316804,R178S,178,1,5.474,5.474,5.474
GRB2,ENST00000316804,R179G,179,1,6.953,6.953,6.953
GRB2,ENST00000316804,R179L,179,1,5.788,5.788,5.788
GRB2,ENST00000316804,R179P,179,1,5.788,5.788,5.788
GRB2,ENST00000316804,R179Q,179,1,5.788,5.788,5.788
GRB2,ENST00000316804,R179R,179,4,1.394,-0.459,6.953
GRB2,ENST00000316804,R179W,179,1,6.953,6.953,6.953
GRB2,ENST00000316804,R207C,207,1,11.295,11.295,11.295
GRB2,ENST00000316804,R207G,207,1,11.295,11.295,11.295
GRB2,ENST00000316804,R207H,207,1,5.748,5.748,5.748
GRB2,ENST00000316804,R207L,207,1,5.748,5.748,5.748
GRB2,ENST00000316804,R207P,207,1,5.748,5.748,5.748
GRB2,ENST00000316804,R207R,207,3,4.942,4.942,4.942
GRB2,ENST00000316804,R207S,207,1,11.295,11.295,11.295
GRB2,ENST00000316804,R215G,215,1,7.156,7.156,7.156
GRB2,ENST00000316804,R215L,215,1,3.97,3.97,3.97
GRB2,ENST00000316804,R215P,215,1,3.97,3.97,3.97
GRB2,ENST00000316804,R215Q,215,1,3.97,3.97,3.97
GRB2,ENST00000316804,R215R,215,4,4.05625,3.023,7.156
GRB2,ENST00000316804,R215W,215,1,7.156,7.156,7.156
GRB2,ENST00000316804,R21G,21,1,3.251,3.251,3.251
GRB2,ENST00000316804,R21K,21,1,4.996,4.996,4.996
GRB2,ENST00000316804,R21M,21,1,4.996,4.996,4.996
GRB2,ENST00000316804,R21R,21,2,1.7545,1.7545,3.251
GRB2,ENST00000316804,R21S,21,2,0.258,0.258,0.258
GRB2,ENST00000316804,R21T,21,1,4.996,4.996,4.996
GRB2,ENST00000316804,R21W,21,1,3.251,3.251,3.251
GRB2,ENST00000316804,R67G,67,1,3.558,3.558,3.558
GRB2,ENST00000316804,R67I,67,1,5.76,5.76,5.76
GRB2,ENST00000316804,R67K,67,1,5.76,5.76,5.76
GRB2,ENST00000316804,R67R,67,2,2.14,2.14,3.558
GRB2,ENST00000316804,R67S,67,2,0.722,0.722,0.722
GRB2,ENST00000316804,R67T,67,1,5.76,5.76,5.76
GRB2,ENST00000316804,R78G,78,1,4.027,4.027,4.027
GRB2,ENST00000316804,R78L,78,1,3.06,3.06,3.06
GRB2,ENST00000316804,R78P,78,1,3.06,3.06,3.06
GRB2,ENST00000316804,R78Q,78,1,3.06,3.06,3.06
GRB2,ENST00000316804,R78R,78,4,2.551,2.059,4.027
GRB2,ENST00000316804,R78W,78,1,4.027,4.027,4.027
GRB2,ENST00000316804,R86G,86,1,2.574,2.574,2.574
GRB2,ENST00000316804,R86L,86,1,5.686,5.686,5.686
GRB2,ENST00000316804,R86P,86,1,5.686,5.686,5.686
GRB2,ENST00000316804,R86Q,86,1,5.686,5.686,5.686
GRB2,ENST00000316804,R86R,86,4,0.7155,0.096,2.574
GRB2,ENST00000316804,S127A,127,1,6.789,6.789,6.789
GRB2,ENST00000316804,S127C,127,1,9.262,9.262,9.262
GRB2,ENST00000316804,S127F,127,1,9.262,9.262,9.262
GRB2,ENST00000316804,S127P,127,1,6.789,6.789,6.789
GRB2,ENST00000316804,S127S,127,3,0.057,0.057,0.057
GRB2,ENST00000316804,S127T,127,1,6.789,6.789,6.789
GRB2,ENST00000316804,S127Y,127,1,9.262,9.262,9.262
GRB2,ENST00000316804,S137A,137,1,3.618,3.618,3.618
GRB2,ENST00000316804,S137C,137,1,6.827,6.827,6.827
GRB2,ENST00000316804,S137F,137,1,6.827,6.827,6.827
GRB2,ENST00000316804,S137P,137,1,3.618,3.618,3.618
GRB2,ENST00000316804,S137S,137,3,-0.685,-0.685,-0.685
GRB2,ENST00000316804,S137T,137,1,3.618,3.618,3.618
GRB2,ENST00000316804,S137Y,137,1,6.827,6.827,6.827
GRB2,ENST00000316804,S139A,139,1,8.687,8.687,8.687
GRB2,ENST00000316804,S139C,139,1,9.388,9.388,9.388
GRB2,ENST00000316804,S139F,139,1,9.388,9.388,9.388
GRB2,ENST00000316804,S139P,139,1,8.687,8.687,8.687
GRB2,ENST00000316804,S139S,139,3,-0.85,-0.85,-0.85
GRB2,ENST00000316804,S139T,139,1,8.687,8.687,8.687
GRB2,ENST00000316804,S139Y,139,1,9.388,9.388,9.388
GRB2,ENST00000316804,S141A,141,1,6.887,6.887,6.887
GRB2,ENST00000316804,S141C,141,1,9.383,9.383,9.383
GRB2,ENST00000316804,S141F,141,1,9.383,9.383,9.383
GRB2,ENST00000316804,S141P,141,1,6.887,6.887,6.887
GRB2,ENST00000316804,S141S,141,3,3.187,3.187,3.187
GRB2,ENST00000316804,S141T,141,1,6.887,6.887,6.887
GRB2,ENST00000316804,S141Y,141,1,9.383,9.383,9.383
GRB2,ENST00000316804,S189A,189,1,8.687,8.687,8.687
GRB2,ENST00000316804,S189L,189,1,11.295,11.295,11.295
GRB2,ENST00000316804,S189P,189,1,8.687,8.687,8.687
GRB2,ENST00000316804,S189S,189,3,-0.206,-0.206,-0.206
GRB2,ENST00000316804,S189T,189,1,8.687,8.687,8.687
GRB2,ENST00000316804,S18C,18,1,7.896,7.896,7.896
GRB2,ENST00000316804,S18G,18,1,7.896,7.896,7.896
GRB2,ENST00000316804,S18I,18,1,6.698,6.698,6.698
GRB2,ENST00000316804,S18N,18,1,6.698,6.698,6.698
GRB2,ENST00000316804,S18R,18,3,6.11333333333333,5.222,7.896
GRB2,ENST00000316804,S18S,18,1,5.222,5.222,5.222
GRB2,ENST00000316804,S18T,18,1,6.698,6.698,6.698
GRB2,ENST00000316804,S75C,75,1,3.63,3.63,3.63
GRB2,ENST00000316804,S75G,75,1,3.63,3.63,3.63
GRB2,ENST00000316804,S75I,75,1,4.912,4.912,4.912
GRB2,ENST00000316804,S75N,75,1,4.912,4.912,4.912
GRB2,ENST00000316804,S75R,75,3,3.53733333333333,3.491,3.63
GRB2,ENST00000316804,S75S,75,1,3.491,3.491,3.491
GRB2,ENST00000316804,S75T,75,1,4.912,4.912,4.912
GRB2,ENST00000316804,S88C,88,1,8.635,8.635,8.635
GRB2,ENST00000316804,S88G,88,1,8.635,8.635,8.635
GRB2,ENST00000316804,S88I,88,1,7.321,7.321,7.321
GRB2,ENST00000316804,S88N,88,1,7.321,7.321,7.321
GRB2,ENST00000316804,S88R,88,3,2.885,0.01,8.635
GRB2,ENST00000316804,S88S,88,1,0.01,0.01,0.01
GRB2,ENST00000316804,S88T,88,1,7.321,7.321,7.321
GRB2,ENST00000316804,S90C,90,1,6.851,6.851,6.851
GRB2,ENST00000316804,S90G,90,1,6.851,6.851,6.851
GRB2,ENST00000316804,S90I,90,1,7.321,7.321,7.321
GRB2,ENST00000316804,S90N,90,1,7.321,7.321,7.321
GRB2,ENST00000316804,S90R,90,3,2.135,-0.223,6.851
GRB2,ENST00000316804,S90S,90,1,-0.223,-0.223,-0.223
GRB2,ENST00000316804,S90T,90,1,7.321,7.321,7.321
GRB2,ENST00000316804,S96A,96,1,6.667,6.667,6.667
GRB2,ENST00000316804,S96C,96,1,9.095,9.095,9.095
GRB2,ENST00000316804,S96F,96,1,9.095,9.095,9.095
GRB2,ENST00000316804,S96P,96,1,6.667,6.667,6.667
GRB2,ENST00000316804,S96S,96,3,1.259,1.259,1.259
GRB2,ENST00000316804,S96T,96,1,6.667,6.667,6.667
GRB2,ENST00000316804,S96Y,96,1,9.095,9.095,9.095
GRB2,ENST00000316804,S98A,98,1,8.457,8.457,8.457
GRB2,ENST00000316804,S98C,98,1,10.991,10.991,10.991
GRB2,ENST00000316804,S98F,98,1,10.991,10.991,10.991
GRB2,ENST00000316804,S98P,98,1,8.457,8.457,8.457
GRB2,ENST00000316804,S98S,98,3,-1.535,-1.535,-1.535
GRB2,ENST00000316804,S98T,98,1,8.457,8.457,8.457
GRB2,ENST00000316804,S98Y,98,1,10.991,10.991,10.991
GRB2,ENST00000316804,T12A,12,1,7.896,7.896,7.896
GRB2,ENST00000316804,T12I,12,1,10.034,10.034,10.034
GRB2,ENST00000316804,T12N,12,1,10.034,10.034,10.034
GRB2,ENST00000316804,T12P,12,1,7.896,7.896,7.896
GRB2,ENST00000316804,T12S,12,2,8.965,8.965,10.034
GRB2,ENST00000316804,T12T,12,3,0.065,0.065,0.065
GRB2,ENST00000316804,T138A,138,1,8.871,8.871,8.871
GRB2,ENST00000316804,T138I,138,1,8.005,8.005,8.005
GRB2,ENST00000316804,T138K,138,1,8.005,8.005,8.005
GRB2,ENST00000316804,T138P,138,1,8.871,8.871,8.871
GRB2,ENST00000316804,T138R,138,1,8.005,8.005,8.005
GRB2,ENST00000316804,T138S,138,1,8.871,8.871,8.871
GRB2,ENST00000316804,T138T,138,3,0.131,0.131,0.131
GRB2,ENST00000316804,T159A,159,1,6.981,6.981,6.981
GRB2,ENST00000316804,T159I,159,1,7.858,7.858,7.858
GRB2,ENST00000316804,T159K,159,1,7.858,7.858,7.858
GRB2,ENST00000316804,T159P,159,1,6.981,6.981,6.981
GRB2,ENST00000316804,T159R,159,1,7.858,7.858,7.858
GRB2,ENST00000316804,T159S,159,1,6.981,6.981,6.981
GRB2,ENST00000316804,T159T,159,3,-2.521,-2.521,-2.521
GRB2,ENST00000316804,T202A,202,1,4.92,4.92,4.92
GRB2,ENST00000316804,T202I,202,1,6.98,6.98,6.98
GRB2,ENST00000316804,T202N,202,1,6.98,6.98,6.98
GRB2,ENST00000316804,T202P,202,1,4.92,4.92,4.92
GRB2,ENST00000316804,T202S,202,2,5.95,5.95,6.98
GRB2,ENST00000316804,T202T,202,3,-0.065,-0.065,-0.065
GRB2,ENST00000316804,T211A,211,1,5.716,5.716,5.716
GRB2,ENST00000316804,T211I,211,1,6.697,6.697,6.697
GRB2,ENST00000316804,T211N,211,1,6.697,6.697,6.697
GRB2,ENST00000316804,T211P,211,1,5.716,5.716,5.716
GRB2,ENST00000316804,T211S,211,2,6.2065,6.2065,6.697
GRB2,ENST00000316804,T211T,211,3,3.019,3.019,3.019
GRB2,ENST00000316804,V105A,105,1,8.687,8.687,8.687
GRB2,ENST00000316804,V105E,105,1,8.687,8.687,8.687
GRB2,ENST00000316804,V105G,105,1,8.687,8.687,8.687
GRB2,ENST00000316804,V105L,105,2,7.518,7.518,7.518
GRB2,ENST00000316804,V105M,105,1,7.518,7.518,7.518
GRB2,ENST00000316804,V105V,105,3,1.189,1.189,1.189
GRB2,ENST00000316804,V110A,110,1,8.687,8.687,8.687
GRB2,ENST00000316804,V110E,110,1,8.687,8.687,8.687
GRB2,ENST00000316804,V110G,110,1,8.687,8.687,8.687
GRB2,ENST00000316804,V110L,110,2,7.518,7.518,7.518
GRB2,ENST00000316804,V110M,110,1,7.518,7.518,7.518
GRB2,ENST00000316804,V110V,110,3,0.833,0.833,0.833
GRB2,ENST00000316804,V122A,122,1,8.687,8.687,8.687
GRB2,ENST00000316804,V122E,122,1,8.687,8.687,8.687
GRB2,ENST00000316804,V122G,122,1,8.687,8.687,8.687
GRB2,ENST00000316804,V122L,122,2,7.518,7.518,7.518
GRB2,ENST00000316804,V122M,122,1,7.518,7.518,7.518
GRB2,ENST00000316804,V122V,122,3,3.748,3.748,3.748
GRB2,ENST00000316804,V123A,123,1,8.687,8.687,8.687
GRB2,ENST00000316804,V123E,123,1,8.687,8.687,8.687
GRB2,ENST00000316804,V123G,123,1,8.687,8.687,8.687
GRB2,ENST00000316804,V123L,123,2,5.798,5.798,5.798
GRB2,ENST00000316804,V123M,123,1,5.798,5.798,5.798
GRB2,ENST00000316804,V123V,123,3,0.894,0.894,0.894
GRB2,ENST00000316804,V132A,132,1,8.687,8.687,8.687
GRB2,ENST00000316804,V132E,132,1,8.687,8.687,8.687
GRB2,ENST00000316804,V132G,132,1,8.687,8.687,8.687
GRB2,ENST00000316804,V132L,132,2,7.518,7.518,7.518
GRB2,ENST00000316804,V132M,132,1,7.518,7.518,7.518
GRB2,ENST00000316804,V132V,132,3,-0.049,-0.049,-0.049
GRB2,ENST00000316804,V140A,140,1,8.687,8.687,8.687
GRB2,ENST00000316804,V140D,140,1,8.687,8.687,8.687
GRB2,ENST00000316804,V140F,140,1,5.787,5.787,5.787
GRB2,ENST00000316804,V140G,140,1,8.687,8.687,8.687
GRB2,ENST00000316804,V140I,140,1,5.787,5.787,5.787
GRB2,ENST00000316804,V140L,140,1,5.787,5.787,5.787
GRB2,ENST00000316804,V140V,140,3,0.602,0.602,0.602
GRB2,ENST00000316804,V154A,154,1,6.894,6.894,6.894
GRB2,ENST00000316804,V154E,154,1,6.894,6.894,6.894
GRB2,ENST00000316804,V154G,154,1,6.894,6.894,6.894
GRB2,ENST00000316804,V154L,154,2,1.966,1.966,1.966
GRB2,ENST00000316804,V154M,154,1,1.966,1.966,1.966
GRB2,ENST00000316804,V154V,154,3,0.948,0.948,0.948
GRB2,ENST00000316804,V161A,161,1,6.821,6.821,6.821
GRB2,ENST00000316804,V161D,161,1,6.821,6.821,6.821
GRB2,ENST00000316804,V161F,161,1,7.485,7.485,7.485
GRB2,ENST00000316804,V161G,161,1,6.821,6.821,6.821
GRB2,ENST00000316804,V161I,161,1,7.485,7.485,7.485
GRB2,ENST00000316804,V161L,161,1,7.485,7.485,7.485
GRB2,ENST00000316804,V161V,161,3,1.764,1.764,1.764
GRB2,ENST00000316804,V185A,185,1,8.687,8.687,8.687
GRB2,ENST00000316804,V185D,185,1,8.687,8.687,8.687
GRB2,ENST00000316804,V185F,185,1,5.754,5.754,5.754
GRB2,ENST00000316804,V185G,185,1,8.687,8.687,8.687
GRB2,ENST00000316804,V185I,185,1,5.754,5.754,5.754
GRB2,ENST00000316804,V185L,185,1,5.754,5.754,5.754
GRB2,ENST00000316804,V185V,185,3,2.94,2.94,2.94
GRB2,ENST00000316804,V210A,210,1,8.652,8.652,8.652
GRB2,ENST00000316804,V210D,210,1,8.652,8.652,8.652
GRB2,ENST00000316804,V210F,210,1,7.488,7.488,7.488
GRB2,ENST00000316804,V210G,210,1,8.652,8.652,8.652
GRB2,ENST00000316804,V210I,210,1,7.488,7.488,7.488
GRB2,ENST00000316804,V210L,210,1,7.488,7.488,7.488
GRB2,ENST00000316804,V210V,210,3,2.967,2.967,2.967
GRB2,ENST00000316804,V213A,213,1,6.925,6.925,6.925
GRB2,ENST00000316804,V213E,213,1,6.925,6.925,6.925
GRB2,ENST00000316804,V213G,213,1,6.925,6.925,6.925
GRB2,ENST00000316804,V213L,213,2,5.744,5.744,5.744
GRB2,ENST00000316804,V213M,213,1,5.744,5.744,5.744
GRB2,ENST00000316804,V213V,213,3,2.032,2.032,2.032
GRB2,ENST00000316804,V217A,217,1,6.235,6.235,6.235
GRB2,ENST00000316804,V217D,217,1,6.235,6.235,6.235
GRB2,ENST00000316804,V217F,217,1,4.799,4.799,4.799
GRB2,ENST00000316804,V217G,217,1,6.235,6.235,6.235
GRB2,ENST00000316804,V217I,217,1,4.799,4.799,4.799
GRB2,ENST00000316804,V217L,217,1,4.799,4.799,4.799
GRB2,ENST00000316804,V217V,217,3,3.064,3.064,3.064
GRB2,ENST00000316804,V27A,27,1,8.457,8.457,8.457
GRB2,ENST00000316804,V27D,27,1,8.457,8.457,8.457
GRB2,ENST00000316804,V27F,27,1,5.61,5.61,5.61
GRB2,ENST00000316804,V27G,27,1,8.457,8.457,8.457
GRB2,ENST00000316804,V27I,27,1,5.61,5.61,5.61
GRB2,ENST00000316804,V27L,27,1,5.61,5.61,5.61
GRB2,ENST00000316804,V27V,27,3,0.215,0.215,0.215
GRB2,ENST00000316804,V99A,99,1,8.457,8.457,8.457
GRB2,ENST00000316804,V99D,99,1,8.457,8.457,8.457
GRB2,ENST00000316804,V99F,99,1,7.321,7.321,7.321
GRB2,ENST00000316804,V99G,99,1,8.457,8.457,8.457
GRB2,ENST00000316804,V99I,99,1,7.321,7.321,7.321
GRB2,ENST00000316804,V99L,99,1,7.321,7.321,7.321
GRB2,ENST00000316804,V99V,99,3,2.42,2.42,2.42
GRB2,ENST00000316804,W121C,121,2,7.518,7.518,7.518
GRB2,ENST00000316804,W121G,121,1,8.687,8.687,8.687
GRB2,ENST00000316804,W121L,121,1,7.518,7.518,7.518
GRB2,ENST00000316804,W121R,121,2,8.687,8.687,8.687
GRB2,ENST00000316804,W121S,121,1,7.518,7.518,7.518
GRB2,ENST00000316804,W193C,193,2,7.518,7.518,7.518
GRB2,ENST00000316804,W193G,193,1,6.865,6.865,6.865
GRB2,ENST00000316804,W193L,193,1,7.518,7.518,7.518
GRB2,ENST00000316804,W193R,193,2,6.865,6.865,6.865
GRB2,ENST00000316804,W193S,193,1,7.518,7.518,7.518
GRB2,ENST00000316804,W194C,194,2,7.518,7.518,7.518
GRB2,ENST00000316804,W194G,194,1,8.687,8.687,8.687
GRB2,ENST00000316804,W194L,194,1,7.518,7.518,7.518
GRB2,ENST00000316804,W194R,194,2,8.687,8.687,8.687
GRB2,ENST00000316804,W194S,194,1,7.518,7.518,7.518
GRB2,ENST00000316804,W36C,36,2,7.321,7.321,7.321
GRB2,ENST00000316804,W36G,36,1,8.457,8.457,8.457
GRB2,ENST00000316804,W36L,36,1,7.321,7.321,7.321
GRB2,ENST00000316804,W36R,36,2,8.457,8.457,8.457
GRB2,ENST00000316804,W36S,36,1,7.321,7.321,7.321
GRB2,ENST00000316804,W60C,60,2,7.49,7.49,7.49
GRB2,ENST00000316804,W60G,60,1,8.654,8.654,8.654
GRB2,ENST00000316804,W60L,60,1,7.49,7.49,7.49
GRB2,ENST00000316804,W60R,60,2,8.654,8.654,8.654
GRB2,ENST00000316804,W60S,60,1,7.49,7.49,7.49
GRB2,ENST00000316804,Y118C,118,1,8.871,8.871,8.871
GRB2,ENST00000316804,Y118D,118,1,8.687,8.687,8.687
GRB2,ENST00000316804,Y118F,118,1,8.871,8.871,8.871
GRB2,ENST00000316804,Y118H,118,1,8.687,8.687,8.687
GRB2,ENST00000316804,Y118N,118,1,8.687,8.687,8.687
GRB2,ENST00000316804,Y118S,118,1,8.871,8.871,8.871
GRB2,ENST00000316804,Y118Y,118,1,-0.115,-0.115,-0.115
GRB2,ENST00000316804,Y134C,134,1,8.871,8.871,8.871
GRB2,ENST00000316804,Y134D,134,1,8.687,8.687,8.687
GRB2,ENST00000316804,Y134F,134,1,8.871,8.871,8.871
GRB2,ENST00000316804,Y134H,134,1,8.687,8.687,8.687
GRB2,ENST00000316804,Y134N,134,1,8.687,8.687,8.687
GRB2,ENST00000316804,Y134S,134,1,8.871,8.871,8.871
GRB2,ENST00000316804,Y134Y,134,1,1.526,1.526,1.526
GRB2,ENST00000316804,Y160C,160,1,7.03,7.03,7.03
GRB2,ENST00000316804,Y160D,160,1,5.744,5.744,5.744
GRB2,ENST00000316804,Y160F,160,1,7.03,7.03,7.03
GRB2,ENST00000316804,Y160H,160,1,5.744,5.744,5.744
GRB2,ENST00000316804,Y160N,160,1,5.744,5.744,5.744
GRB2,ENST00000316804,Y160S,160,1,7.03,7.03,7.03
GRB2,ENST00000316804,Y160Y,160,1,0,0,0
GRB2,ENST00000316804,Y209C,209,1,8.871,8.871,8.871
GRB2,ENST00000316804,Y209D,209,1,8.687,8.687,8.687
GRB2,ENST00000316804,Y209F,209,1,8.871,8.871,8.871
GRB2,ENST00000316804,Y209H,209,1,8.687,8.687,8.687
GRB2,ENST00000316804,Y209N,209,1,8.687,8.687,8.687
GRB2,ENST00000316804,Y209S,209,1,8.871,8.871,8.871
GRB2,ENST00000316804,Y209Y,209,1,0.347,0.347,0.347
GRB2,ENST00000316804,Y37C,37,1,8.64,8.64,8.64
GRB2,ENST00000316804,Y37D,37,1,8.457,8.457,8.457
GRB2,ENST00000316804,Y37F,37,1,8.64,8.64,8.64
GRB2,ENST00000316804,Y37H,37,1,8.457,8.457,8.457
GRB2,ENST00000316804,Y37N,37,1,8.457,8.457,8.457
GRB2,ENST00000316804,Y37S,37,1,8.64,8.64,8.64
GRB2,ENST00000316804,Y37Y,37,1,3.666,3.666,3.666
GRB2,ENST00000316804,Y52C,52,1,8.64,8.64,8.64
GRB2,ENST00000316804,Y52D,52,1,8.457,8.457,8.457
GRB2,ENST00000316804,Y52F,52,1,8.64,8.64,8.64
GRB2,ENST00000316804,Y52H,52,1,8.457,8.457,8.457
GRB2,ENST00000316804,Y52N,52,1,8.457,8.457,8.457
GRB2,ENST00000316804,Y52S,52,1,8.64,8.64,8.64
GRB2,ENST00000316804,Y52Y,52,1,5.823,5.823,5.823
GRB2,ENST00000316804,Y7C,7,1,6.021,6.021,6.021
GRB2,ENST00000316804,Y7D,7,1,7.732,7.732,7.732
GRB2,ENST00000316804,Y7F,7,1,6.021,6.021,6.021
GRB2,ENST00000316804,Y7H,7,1,7.732,7.732,7.732
GRB2,ENST00000316804,Y7N,7,1,7.732,7.732,7.732
GRB2,ENST00000316804,Y7S,7,1,6.021,6.021,6.021
GRB2,ENST00000316804,Y7Y,7,1,4.286,4.286,4.286
