filename,num_alpha_dihedrals,alpha_dihedral_score,num_beta_dihedrals,beta_dihedral_score,ranking_score,cluster_single,cluster_size_single,cluster_average,cluster_size_average,cluster_maximum,cluster_size_maximum,cluster_pairs_min,cluster_size_pairs_min,cluster_pairs_abs,cluster_size_pairs_abs
140b370370a17221489d7c8e78639193_b0.2/fold/140b370370a17221489d7c8e78639193_b0.2_280_4_hMIN.pdb,19,8.6,20,10.799999999999999,0.43111111111111106,31,8,48,8,37,8,4,8,4,8
140b370370a17221489d7c8e78639193_b0.2/fold/140b370370a17221489d7c8e78639193_b0.2_280_8_hMIN.pdb,19,5.0,24,13.399999999999999,0.40888888888888886,31,8,48,8,37,8,4,8,4,8
140b370370a17221489d7c8e78639193_b0.2/fold/140b370370a17221489d7c8e78639193_b0.2_60_3_hMIN.pdb,19,10.4,17,7.4,0.39555555555555555,13,1,17,1,20,1,0,58,0,58
140b370370a17221489d7c8e78639193_b0.2/fold/140b370370a17221489d7c8e78639193_b0.2_significant_ECs_0.9_4_hMIN.pdb,19,7.800000000000001,23,9.8,0.39111111111111113,26,20,33,6,31,4,2,11,2,11
140b370370a17221489d7c8e78639193_b0.2/fold/140b370370a17221489d7c8e78639193_b0.2_significant_ECs_0.99_4_hMIN.pdb,19,11.200000000000001,18,6.0,0.3822222222222223,26,20,39,6,66,2,7,5,7,5
140b370370a17221489d7c8e78639193_b0.2/fold/140b370370a17221489d7c8e78639193_b0.2_significant_ECs_0.99_5_hMIN.pdb,19,11.200000000000001,17,5.8,0.37777777777777777,26,20,39,6,42,4,2,11,2,11
140b370370a17221489d7c8e78639193_b0.2/fold/140b370370a17221489d7c8e78639193_b0.2_200_8_hMIN.pdb,19,5.6,23,11.2,0.3733333333333333,24,11,31,7,35,5,3,9,3,9
140b370370a17221489d7c8e78639193_b0.2/fold/140b370370a17221489d7c8e78639193_b0.2_100_6_hMIN.pdb,19,7.2,18,9.0,0.36,30,2,50,2,53,2,0,58,0,58
140b370370a17221489d7c8e78639193_b0.2/fold/140b370370a17221489d7c8e78639193_b0.2_100_2_hMIN.pdb,19,7.399999999999999,15,8.6,0.3555555555555555,22,33,35,5,56,2,5,8,5,8
140b370370a17221489d7c8e78639193_b0.2/fold/140b370370a17221489d7c8e78639193_b0.2_significant_ECs_0.99_6_hMIN.pdb,19,7.800000000000001,15,7.8,0.3466666666666667,26,20,53,2,63,2,2,11,2,11
140b370370a17221489d7c8e78639193_b0.2/fold/140b370370a17221489d7c8e78639193_b0.2_significant_ECs_0.9_3_hMIN.pdb,19,7.600000000000001,15,7.8,0.34222222222222226,26,20,38,4,24,1,0,58,0,58
140b370370a17221489d7c8e78639193_b0.2/fold/140b370370a17221489d7c8e78639193_b0.2_160_4_hMIN.pdb,19,6.6,25,8.8,0.3422222222222222,22,33,26,1,41,2,6,6,6,6
140b370370a17221489d7c8e78639193_b0.2/fold/140b370370a17221489d7c8e78639193_b0.2_significant_ECs_0.99_7_hMIN.pdb,19,5.8,15,9.2,0.3333333333333333,26,20,39,6,66,2,7,5,7,5
140b370370a17221489d7c8e78639193_b0.2/fold/140b370370a17221489d7c8e78639193_b0.2_280_10_hMIN.pdb,19,5.3999999999999995,24,9.4,0.3288888888888889,31,8,48,8,37,8,4,8,4,8
140b370370a17221489d7c8e78639193_b0.2/fold/140b370370a17221489d7c8e78639193_b0.2_160_9_hMIN.pdb,19,7.6,13,7.0,0.3244444444444444,22,33,46,2,51,2,0,58,0,58
140b370370a17221489d7c8e78639193_b0.2/fold/140b370370a17221489d7c8e78639193_b0.2_significant_ECs_0.9_6_hMIN.pdb,19,10.600000000000001,14,3.8000000000000003,0.32000000000000006,26,20,38,4,54,3,2,11,2,11
140b370370a17221489d7c8e78639193_b0.2/fold/140b370370a17221489d7c8e78639193_b0.2_120_3_hMIN.pdb,19,6.4,16,7.800000000000001,0.3155555555555556,3,1,3,1,3,1,0,58,0,58
140b370370a17221489d7c8e78639193_b0.2/fold/140b370370a17221489d7c8e78639193_b0.2_60_8_hMIN.pdb,19,7.6000000000000005,22,6.6000000000000005,0.3155555555555556,2,1,4,1,7,1,0,58,0,58
140b370370a17221489d7c8e78639193_b0.2/fold/140b370370a17221489d7c8e78639193_b0.2_60_4_hMIN.pdb,19,6.2,17,8.0,0.31555555555555553,5,1,9,1,11,1,0,58,0,58
140b370370a17221489d7c8e78639193_b0.2/fold/140b370370a17221489d7c8e78639193_b0.2_100_8_hMIN.pdb,19,6.8,19,7.4,0.31555555555555553,25,4,43,2,49,2,0,58,0,58
140b370370a17221489d7c8e78639193_b0.2/fold/140b370370a17221489d7c8e78639193_b0.2_significant_ECs_0.9_10_hMIN.pdb,19,11.8,14,2.2,0.3111111111111111,26,20,33,6,31,4,2,11,2,11
140b370370a17221489d7c8e78639193_b0.2/fold/140b370370a17221489d7c8e78639193_b0.2_significant_ECs_0.99_3_hMIN.pdb,19,12.0,12,2.0,0.3111111111111111,26,20,51,2,59,2,0,58,0,58
140b370370a17221489d7c8e78639193_b0.2/fold/140b370370a17221489d7c8e78639193_b0.2_180_5_hMIN.pdb,19,7.6,17,6.3999999999999995,0.3111111111111111,4,1,6,1,6,1,0,58,0,58
140b370370a17221489d7c8e78639193_b0.2/fold/140b370370a17221489d7c8e78639193_b0.2_240_7_hMIN.pdb,19,6.0,15,8.0,0.3111111111111111,29,31,36,23,44,8,1,30,1,30
140b370370a17221489d7c8e78639193_b0.2/fold/140b370370a17221489d7c8e78639193_b0.2_180_6_hMIN.pdb,19,7.2,17,6.6,0.3066666666666667,23,5,21,1,18,1,0,58,0,58
140b370370a17221489d7c8e78639193_b0.2/fold/140b370370a17221489d7c8e78639193_b0.2_significant_ECs_0.99_10_hMIN.pdb,19,10.2,12,3.6000000000000005,0.3066666666666667,26,20,53,2,63,2,0,58,0,58
140b370370a17221489d7c8e78639193_b0.2/fold/140b370370a17221489d7c8e78639193_b0.2_80_6_hMIN.pdb,19,8.6,18,5.2,0.3066666666666667,30,2,50,2,53,2,0,58,0,58
140b370370a17221489d7c8e78639193_b0.2/fold/140b370370a17221489d7c8e78639193_b0.2_60_10_hMIN.pdb,19,7.600000000000001,14,6.0,0.3022222222222223,11,1,15,1,17,1,0,58,0,58
140b370370a17221489d7c8e78639193_b0.2/fold/140b370370a17221489d7c8e78639193_b0.2_120_5_hMIN.pdb,19,4.6000000000000005,21,9.0,0.3022222222222223,22,33,42,2,48,2,5,8,5,8
140b370370a17221489d7c8e78639193_b0.2/fold/140b370370a17221489d7c8e78639193_b0.2_100_5_hMIN.pdb,19,7.3999999999999995,12,6.2,0.3022222222222222,22,33,35,5,67,2,0,58,0,58
140b370370a17221489d7c8e78639193_b0.2/fold/140b370370a17221489d7c8e78639193_b0.2_140_4_hMIN.pdb,19,5.4,17,8.0,0.2977777777777778,22,33,37,2,40,2,0,58,0,58
140b370370a17221489d7c8e78639193_b0.2/fold/140b370370a17221489d7c8e78639193_b0.2_60_1_hMIN.pdb,19,6.2,24,7.0,0.29333333333333333,15,1,18,1,19,1,0,58,0,58
140b370370a17221489d7c8e78639193_b0.2/fold/140b370370a17221489d7c8e78639193_b0.2_80_2_hMIN.pdb,19,6.8,13,6.199999999999999,0.28888888888888886,22,33,35,5,56,2,5,8,5,8
140b370370a17221489d7c8e78639193_b0.2/fold/140b370370a17221489d7c8e78639193_b0.2_significant_ECs_0.99_8_hMIN.pdb,19,5.4,15,7.3999999999999995,0.28444444444444444,26,20,39,6,42,4,7,5,7,5
140b370370a17221489d7c8e78639193_b0.2/fold/140b370370a17221489d7c8e78639193_b0.2_significant_ECs_0.99_2_hMIN.pdb,19,5.0,17,7.6000000000000005,0.28,26,20,39,6,42,4,7,5,7,5
140b370370a17221489d7c8e78639193_b0.2/fold/140b370370a17221489d7c8e78639193_b0.2_160_5_hMIN.pdb,19,6.6,17,6.0,0.27999999999999997,22,33,42,2,48,2,0,58,0,58
140b370370a17221489d7c8e78639193_b0.2/fold/140b370370a17221489d7c8e78639193_b0.2_120_2_hMIN.pdb,19,5.8,15,6.600000000000001,0.2755555555555556,22,33,44,3,38,3,5,8,5,8
140b370370a17221489d7c8e78639193_b0.2/fold/140b370370a17221489d7c8e78639193_b0.2_200_10_hMIN.pdb,19,7.800000000000001,16,4.4,0.27111111111111114,29,31,47,5,50,5,1,30,1,30
140b370370a17221489d7c8e78639193_b0.2/fold/140b370370a17221489d7c8e78639193_b0.2_80_5_hMIN.pdb,19,6.800000000000001,18,5.3999999999999995,0.2711111111111111,22,33,35,5,67,2,5,8,5,8
140b370370a17221489d7c8e78639193_b0.2/fold/140b370370a17221489d7c8e78639193_b0.2_significant_ECs_0.99_9_hMIN.pdb,19,5.2,14,6.999999999999999,0.2711111111111111,26,20,39,6,42,4,7,5,7,5
140b370370a17221489d7c8e78639193_b0.2/fold/140b370370a17221489d7c8e78639193_b0.2_240_9_hMIN.pdb,19,6.200000000000001,16,5.800000000000001,0.2666666666666667,29,31,36,23,57,4,1,30,1,30
140b370370a17221489d7c8e78639193_b0.2/fold/140b370370a17221489d7c8e78639193_b0.2_160_6_hMIN.pdb,19,5.6,14,6.2,0.26222222222222225,22,33,28,3,23,1,0,58,0,58
140b370370a17221489d7c8e78639193_b0.2/fold/140b370370a17221489d7c8e78639193_b0.2_220_4_hMIN.pdb,19,6.4,17,5.3999999999999995,0.26222222222222225,29,31,36,23,39,4,1,30,1,30
140b370370a17221489d7c8e78639193_b0.2/fold/140b370370a17221489d7c8e78639193_b0.2_160_1_hMIN.pdb,19,8.0,16,3.8,0.26222222222222225,27,3,30,3,28,1,0,58,0,58
140b370370a17221489d7c8e78639193_b0.2/fold/140b370370a17221489d7c8e78639193_b0.2_280_9_hMIN.pdb,19,5.6000000000000005,19,6.000000000000001,0.25777777777777783,24,11,54,2,64,2,0,58,0,58
140b370370a17221489d7c8e78639193_b0.2/fold/140b370370a17221489d7c8e78639193_b0.2_200_2_hMIN.pdb,19,4.0,17,7.6,0.2577777777777778,24,11,31,7,35,5,3,9,3,9
140b370370a17221489d7c8e78639193_b0.2/fold/140b370370a17221489d7c8e78639193_b0.2_60_2_hMIN.pdb,19,6.8,16,4.8,0.2577777777777778,8,1,8,1,12,1,0,58,0,58
140b370370a17221489d7c8e78639193_b0.2/fold/140b370370a17221489d7c8e78639193_b0.2_260_2_hMIN.pdb,19,5.3999999999999995,12,6.0,0.2533333333333333,29,31,41,3,32,3,1,30,1,30
140b370370a17221489d7c8e78639193_b0.2/fold/140b370370a17221489d7c8e78639193_b0.2_240_2_hMIN.pdb,19,5.2,24,6.199999999999999,0.2533333333333333,29,31,36,23,57,4,1,30,1,30
140b370370a17221489d7c8e78639193_b0.2/fold/140b370370a17221489d7c8e78639193_b0.2_220_9_hMIN.pdb,19,5.0,11,6.2,0.24888888888888888,29,31,36,23,34,6,1,30,1,30
140b370370a17221489d7c8e78639193_b0.2/fold/140b370370a17221489d7c8e78639193_b0.2_140_2_hMIN.pdb,19,7.0,12,4.0,0.24444444444444444,22,33,44,3,38,3,5,8,5,8
140b370370a17221489d7c8e78639193_b0.2/fold/140b370370a17221489d7c8e78639193_b0.2_160_8_hMIN.pdb,19,6.8,15,4.2,0.24444444444444444,22,33,37,2,40,2,0,58,0,58
140b370370a17221489d7c8e78639193_b0.2/fold/140b370370a17221489d7c8e78639193_b0.2_80_4_hMIN.pdb,19,4.8,12,6.0,0.24000000000000002,22,33,29,3,61,2,0,58,0,58
140b370370a17221489d7c8e78639193_b0.2/fold/140b370370a17221489d7c8e78639193_b0.2_260_9_hMIN.pdb,19,4.4,16,6.4,0.24000000000000002,29,31,36,23,44,8,1,30,1,30
140b370370a17221489d7c8e78639193_b0.2/fold/140b370370a17221489d7c8e78639193_b0.2_significant_ECs_0.9_1_hMIN.pdb,19,5.8,16,5.0,0.24000000000000002,26,20,33,6,31,4,2,11,2,11
140b370370a17221489d7c8e78639193_b0.2/fold/140b370370a17221489d7c8e78639193_b0.2_280_6_hMIN.pdb,19,5.8,19,5.0,0.24000000000000002,31,8,48,8,37,8,4,8,4,8
140b370370a17221489d7c8e78639193_b0.2/fold/140b370370a17221489d7c8e78639193_b0.2_140_6_hMIN.pdb,19,6.0,19,4.8,0.24000000000000002,22,33,28,3,68,2,6,6,6,6
140b370370a17221489d7c8e78639193_b0.2/fold/140b370370a17221489d7c8e78639193_b0.2_120_1_hMIN.pdb,19,6.0,20,4.8,0.24000000000000002,22,33,52,2,62,2,0,58,0,58
140b370370a17221489d7c8e78639193_b0.2/fold/140b370370a17221489d7c8e78639193_b0.2_120_6_hMIN.pdb,19,6.799999999999999,16,4.0,0.23999999999999996,22,33,28,3,68,2,0,58,0,58
140b370370a17221489d7c8e78639193_b0.2/fold/140b370370a17221489d7c8e78639193_b0.2_180_9_hMIN.pdb,19,5.0,16,5.6000000000000005,0.23555555555555557,23,5,11,1,10,1,0,58,0,58
140b370370a17221489d7c8e78639193_b0.2/fold/140b370370a17221489d7c8e78639193_b0.2_200_1_hMIN.pdb,19,5.4,11,5.2,0.23555555555555557,29,31,47,5,50,5,1,30,1,30
140b370370a17221489d7c8e78639193_b0.2/fold/140b370370a17221489d7c8e78639193_b0.2_100_10_hMIN.pdb,19,5.6,20,5.0,0.23555555555555555,22,33,29,3,30,1,6,6,6,6
140b370370a17221489d7c8e78639193_b0.2/fold/140b370370a17221489d7c8e78639193_b0.2_120_9_hMIN.pdb,19,6.199999999999999,16,4.4,0.23555555555555555,22,33,32,3,45,2,0,58,0,58
140b370370a17221489d7c8e78639193_b0.2/fold/140b370370a17221489d7c8e78639193_b0.2_significant_ECs_0.99_1_hMIN.pdb,19,8.0,9,2.6,0.23555555555555555,26,20,51,2,59,2,0,58,0,58
140b370370a17221489d7c8e78639193_b0.2/fold/140b370370a17221489d7c8e78639193_b0.2_80_1_hMIN.pdb,19,7.2,19,3.2,0.23111111111111113,27,3,30,3,65,2,0,58,0,58
140b370370a17221489d7c8e78639193_b0.2/fold/140b370370a17221489d7c8e78639193_b0.2_60_6_hMIN.pdb,19,6.0,19,4.4,0.23111111111111113,19,1,22,1,25,1,0,58,0,58
140b370370a17221489d7c8e78639193_b0.2/fold/140b370370a17221489d7c8e78639193_b0.2_60_7_hMIN.pdb,19,8.2,9,2.2,0.23111111111111107,12,1,14,1,16,1,0,58,0,58
140b370370a17221489d7c8e78639193_b0.2/fold/140b370370a17221489d7c8e78639193_b0.2_120_4_hMIN.pdb,19,4.4,14,5.800000000000001,0.22666666666666668,22,33,27,5,41,2,6,6,6,6
140b370370a17221489d7c8e78639193_b0.2/fold/140b370370a17221489d7c8e78639193_b0.2_80_8_hMIN.pdb,19,3.8,23,6.4,0.22666666666666666,25,4,43,2,49,2,0,58,0,58
140b370370a17221489d7c8e78639193_b0.2/fold/140b370370a17221489d7c8e78639193_b0.2_80_10_hMIN.pdb,19,3.4,21,6.6,0.2222222222222222,21,1,24,1,1,1,0,58,0,58
140b370370a17221489d7c8e78639193_b0.2/fold/140b370370a17221489d7c8e78639193_b0.2_220_2_hMIN.pdb,19,5.4,13,4.6,0.2222222222222222,29,31,36,23,34,6,1,30,1,30
140b370370a17221489d7c8e78639193_b0.2/fold/140b370370a17221489d7c8e78639193_b0.2_180_3_hMIN.pdb,19,2.2,13,7.8,0.2222222222222222,23,5,45,3,46,3,0,58,0,58
140b370370a17221489d7c8e78639193_b0.2/fold/140b370370a17221489d7c8e78639193_b0.2_significant_ECs_0.9_2_hMIN.pdb,19,8.6,18,1.4,0.2222222222222222,26,20,38,4,54,3,2,11,2,11
140b370370a17221489d7c8e78639193_b0.2/fold/140b370370a17221489d7c8e78639193_b0.2_260_8_hMIN.pdb,19,5.000000000000001,15,5.0,0.2222222222222222,24,11,49,2,52,2,3,9,3,9
140b370370a17221489d7c8e78639193_b0.2/fold/140b370370a17221489d7c8e78639193_b0.2_significant_ECs_0.9_5_hMIN.pdb,19,5.6000000000000005,18,4.4,0.2222222222222222,26,20,33,6,31,4,2,11,2,11
140b370370a17221489d7c8e78639193_b0.2/fold/140b370370a17221489d7c8e78639193_b0.2_140_9_hMIN.pdb,19,4.0,26,6.0,0.2222222222222222,22,33,46,2,51,2,0,58,0,58
140b370370a17221489d7c8e78639193_b0.2/fold/140b370370a17221489d7c8e78639193_b0.2_significant_ECs_0.9_7_hMIN.pdb,19,5.3999999999999995,19,4.6000000000000005,0.2222222222222222,26,20,38,4,54,3,2,11,2,11
140b370370a17221489d7c8e78639193_b0.2/fold/140b370370a17221489d7c8e78639193_b0.2_120_8_hMIN.pdb,19,4.6000000000000005,16,5.0,0.21333333333333337,25,4,34,2,36,2,0,58,0,58
140b370370a17221489d7c8e78639193_b0.2/fold/140b370370a17221489d7c8e78639193_b0.2_120_7_hMIN.pdb,19,5.8,13,3.6,0.2088888888888889,22,33,27,5,55,2,8,5,8,5
140b370370a17221489d7c8e78639193_b0.2/fold/140b370370a17221489d7c8e78639193_b0.2_260_4_hMIN.pdb,19,2.6,16,6.8,0.2088888888888889,29,31,41,3,32,3,1,30,1,30
140b370370a17221489d7c8e78639193_b0.2/fold/140b370370a17221489d7c8e78639193_b0.2_200_6_hMIN.pdb,19,6.2,11,3.2,0.2088888888888889,29,31,47,5,50,5,1,30,1,30
140b370370a17221489d7c8e78639193_b0.2/fold/140b370370a17221489d7c8e78639193_b0.2_180_4_hMIN.pdb,19,7.6,12,1.8,0.2088888888888889,23,5,45,3,46,3,0,58,0,58
140b370370a17221489d7c8e78639193_b0.2/fold/140b370370a17221489d7c8e78639193_b0.2_180_7_hMIN.pdb,19,3.8,11,5.6,0.20888888888888885,18,1,20,1,21,1,0,58,0,58
140b370370a17221489d7c8e78639193_b0.2/fold/140b370370a17221489d7c8e78639193_b0.2_140_7_hMIN.pdb,19,6.6,18,2.6,0.20444444444444443,1,1,1,1,2,1,0,58,0,58
140b370370a17221489d7c8e78639193_b0.2/fold/140b370370a17221489d7c8e78639193_b0.2_160_3_hMIN.pdb,19,6.0,12,3.2,0.20444444444444443,28,2,40,2,43,2,0,58,0,58
140b370370a17221489d7c8e78639193_b0.2/fold/140b370370a17221489d7c8e78639193_b0.2_100_9_hMIN.pdb,19,5.6000000000000005,11,3.4000000000000004,0.2,22,33,32,3,45,2,8,5,8,5
140b370370a17221489d7c8e78639193_b0.2/fold/140b370370a17221489d7c8e78639193_b0.2_220_1_hMIN.pdb,19,2.6,14,6.4,0.2,24,11,31,7,47,2,3,9,3,9
140b370370a17221489d7c8e78639193_b0.2/fold/140b370370a17221489d7c8e78639193_b0.2_240_3_hMIN.pdb,19,5.2,15,3.8,0.2,29,31,36,23,29,1,1,30,1,30
140b370370a17221489d7c8e78639193_b0.2/fold/140b370370a17221489d7c8e78639193_b0.2_180_2_hMIN.pdb,19,6.000000000000001,18,3.0,0.2,23,5,45,3,46,3,0,58,0,58
140b370370a17221489d7c8e78639193_b0.2/fold/140b370370a17221489d7c8e78639193_b0.2_220_8_hMIN.pdb,19,4.4,20,4.3999999999999995,0.19555555555555557,29,31,36,23,44,8,1,30,1,30
140b370370a17221489d7c8e78639193_b0.2/fold/140b370370a17221489d7c8e78639193_b0.2_240_1_hMIN.pdb,19,7.800000000000001,19,1.0,0.19555555555555557,29,31,36,23,34,6,1,30,1,30
140b370370a17221489d7c8e78639193_b0.2/fold/140b370370a17221489d7c8e78639193_b0.2_240_5_hMIN.pdb,19,3.6,18,5.0,0.1911111111111111,29,31,36,23,57,4,1,30,1,30
140b370370a17221489d7c8e78639193_b0.2/fold/140b370370a17221489d7c8e78639193_b0.2_200_3_hMIN.pdb,19,8.6,14,0.0,0.1911111111111111,29,31,47,5,50,5,1,30,1,30
140b370370a17221489d7c8e78639193_b0.2/fold/140b370370a17221489d7c8e78639193_b0.2_200_4_hMIN.pdb,19,6.0,11,2.4,0.18666666666666668,29,31,47,5,50,5,1,30,1,30
140b370370a17221489d7c8e78639193_b0.2/fold/140b370370a17221489d7c8e78639193_b0.2_280_2_hMIN.pdb,19,6.4,17,2.0,0.18666666666666668,31,8,48,8,37,8,4,8,4,8
140b370370a17221489d7c8e78639193_b0.2/fold/140b370370a17221489d7c8e78639193_b0.2_140_8_hMIN.pdb,19,3.3999999999999995,20,5.0,0.18666666666666665,25,4,34,2,36,2,0,58,0,58
140b370370a17221489d7c8e78639193_b0.2/fold/140b370370a17221489d7c8e78639193_b0.2_220_5_hMIN.pdb,19,5.6000000000000005,14,2.6,0.18222222222222226,29,31,36,23,34,6,1,30,1,30
140b370370a17221489d7c8e78639193_b0.2/fold/140b370370a17221489d7c8e78639193_b0.2_240_10_hMIN.pdb,19,4.4,13,3.8,0.1822222222222222,29,31,36,23,57,4,1,30,1,30
140b370370a17221489d7c8e78639193_b0.2/fold/140b370370a17221489d7c8e78639193_b0.2_180_10_hMIN.pdb,19,4.8,14,3.4,0.1822222222222222,17,1,19,1,22,1,0,58,0,58
140b370370a17221489d7c8e78639193_b0.2/fold/140b370370a17221489d7c8e78639193_b0.2_260_7_hMIN.pdb,19,5.0,22,3.2,0.1822222222222222,29,31,36,23,44,8,1,30,1,30
140b370370a17221489d7c8e78639193_b0.2/fold/140b370370a17221489d7c8e78639193_b0.2_200_7_hMIN.pdb,19,3.1999999999999997,17,4.8,0.17777777777777778,24,11,31,7,35,5,3,9,3,9
140b370370a17221489d7c8e78639193_b0.2/fold/140b370370a17221489d7c8e78639193_b0.2_80_3_hMIN.pdb,19,4.2,23,3.8,0.17777777777777778,22,33,25,1,33,2,0,58,0,58
140b370370a17221489d7c8e78639193_b0.2/fold/140b370370a17221489d7c8e78639193_b0.2_140_1_hMIN.pdb,19,1.0,21,7.0,0.17777777777777778,22,33,52,2,62,2,6,6,6,6
140b370370a17221489d7c8e78639193_b0.2/fold/140b370370a17221489d7c8e78639193_b0.2_260_5_hMIN.pdb,19,3.6,16,4.4,0.17777777777777778,29,31,36,23,34,6,1,30,1,30
140b370370a17221489d7c8e78639193_b0.2/fold/140b370370a17221489d7c8e78639193_b0.2_220_6_hMIN.pdb,19,0.6000000000000001,16,7.4,0.17777777777777778,29,31,36,23,39,4,1,30,1,30
140b370370a17221489d7c8e78639193_b0.2/fold/140b370370a17221489d7c8e78639193_b0.2_140_10_hMIN.pdb,19,6.000000000000001,16,1.7999999999999998,0.17333333333333334,7,1,2,1,4,1,0,58,0,58
140b370370a17221489d7c8e78639193_b0.2/fold/140b370370a17221489d7c8e78639193_b0.2_280_7_hMIN.pdb,19,3.2,16,4.6,0.17333333333333334,31,8,48,8,37,8,4,8,4,8
140b370370a17221489d7c8e78639193_b0.2/fold/140b370370a17221489d7c8e78639193_b0.2_240_6_hMIN.pdb,19,3.6000000000000005,11,4.199999999999999,0.17333333333333334,29,31,36,23,44,8,1,30,1,30
140b370370a17221489d7c8e78639193_b0.2/fold/140b370370a17221489d7c8e78639193_b0.2_160_7_hMIN.pdb,19,3.8000000000000003,23,3.8000000000000003,0.1688888888888889,22,33,27,5,55,2,8,5,8,5
140b370370a17221489d7c8e78639193_b0.2/fold/140b370370a17221489d7c8e78639193_b0.2_240_8_hMIN.pdb,19,4.800000000000001,16,2.8,0.1688888888888889,29,31,36,23,44,8,1,30,1,30
140b370370a17221489d7c8e78639193_b0.2/fold/140b370370a17221489d7c8e78639193_b0.2_260_3_hMIN.pdb,19,1.7999999999999998,18,5.6000000000000005,0.16444444444444445,24,11,49,2,52,2,3,9,3,9
140b370370a17221489d7c8e78639193_b0.2/fold/140b370370a17221489d7c8e78639193_b0.2_80_9_hMIN.pdb,19,4.2,16,3.2,0.16444444444444445,22,33,16,1,13,1,0,58,0,58
140b370370a17221489d7c8e78639193_b0.2/fold/140b370370a17221489d7c8e78639193_b0.2_220_10_hMIN.pdb,19,3.2,15,4.0,0.16,29,31,36,23,44,8,1,30,1,30
140b370370a17221489d7c8e78639193_b0.2/fold/140b370370a17221489d7c8e78639193_b0.2_220_7_hMIN.pdb,19,5.4,15,1.8,0.16,29,31,36,23,39,4,1,30,1,30
140b370370a17221489d7c8e78639193_b0.2/fold/140b370370a17221489d7c8e78639193_b0.2_140_5_hMIN.pdb,19,4.2,12,3.0,0.16,14,1,10,1,9,1,0,58,0,58
140b370370a17221489d7c8e78639193_b0.2/fold/140b370370a17221489d7c8e78639193_b0.2_60_5_hMIN.pdb,19,2.2,14,4.800000000000001,0.15555555555555559,6,1,5,1,8,1,0,58,0,58
140b370370a17221489d7c8e78639193_b0.2/fold/140b370370a17221489d7c8e78639193_b0.2_significant_ECs_0.9_8_hMIN.pdb,19,4.2,18,2.8000000000000003,0.15555555555555556,26,20,33,6,60,2,2,11,2,11
140b370370a17221489d7c8e78639193_b0.2/fold/140b370370a17221489d7c8e78639193_b0.2_240_4_hMIN.pdb,19,3.4000000000000004,24,3.6,0.15555555555555556,29,31,36,23,39,4,1,30,1,30
140b370370a17221489d7c8e78639193_b0.2/fold/140b370370a17221489d7c8e78639193_b0.2_100_7_hMIN.pdb,19,4.4,11,2.4,0.15111111111111114,22,33,27,5,58,2,8,5,8,5
140b370370a17221489d7c8e78639193_b0.2/fold/140b370370a17221489d7c8e78639193_b0.2_60_9_hMIN.pdb,19,3.6,11,3.2,0.15111111111111114,20,1,23,1,26,1,0,58,0,58
140b370370a17221489d7c8e78639193_b0.2/fold/140b370370a17221489d7c8e78639193_b0.2_100_4_hMIN.pdb,19,4.6000000000000005,19,2.0,0.14666666666666667,22,33,29,3,61,2,6,6,6,6
140b370370a17221489d7c8e78639193_b0.2/fold/140b370370a17221489d7c8e78639193_b0.2_280_3_hMIN.pdb,19,4.200000000000001,18,2.2,0.14222222222222225,31,8,48,8,37,8,4,8,4,8
140b370370a17221489d7c8e78639193_b0.2/fold/140b370370a17221489d7c8e78639193_b0.2_140_3_hMIN.pdb,19,4.2,13,2.2,0.14222222222222222,28,2,40,2,43,2,0,58,0,58
140b370370a17221489d7c8e78639193_b0.2/fold/140b370370a17221489d7c8e78639193_b0.2_120_10_hMIN.pdb,19,3.6,12,2.6,0.13777777777777778,22,33,32,3,27,1,0,58,0,58
140b370370a17221489d7c8e78639193_b0.2/fold/140b370370a17221489d7c8e78639193_b0.2_180_8_hMIN.pdb,19,1.0,14,5.2,0.13777777777777778,9,1,13,1,14,1,0,58,0,58
140b370370a17221489d7c8e78639193_b0.2/fold/140b370370a17221489d7c8e78639193_b0.2_180_1_hMIN.pdb,19,2.8000000000000003,12,3.0,0.12888888888888891,10,1,12,1,15,1,0,58,0,58
140b370370a17221489d7c8e78639193_b0.2/fold/140b370370a17221489d7c8e78639193_b0.2_200_9_hMIN.pdb,19,4.4,15,1.2,0.12444444444444445,24,11,31,7,35,5,3,9,3,9
140b370370a17221489d7c8e78639193_b0.2/fold/140b370370a17221489d7c8e78639193_b0.2_160_2_hMIN.pdb,19,4.6000000000000005,14,1.0,0.12444444444444445,22,33,44,3,38,3,5,8,5,8
140b370370a17221489d7c8e78639193_b0.2/fold/140b370370a17221489d7c8e78639193_b0.2_200_5_hMIN.pdb,19,5.000000000000001,12,0.6,0.12444444444444445,24,11,31,7,35,5,3,9,3,9
140b370370a17221489d7c8e78639193_b0.2/fold/140b370370a17221489d7c8e78639193_b0.2_260_10_hMIN.pdb,19,4.2,11,1.4000000000000001,0.12444444444444445,29,31,36,23,44,8,1,30,1,30
140b370370a17221489d7c8e78639193_b0.2/fold/140b370370a17221489d7c8e78639193_b0.2_280_5_hMIN.pdb,19,1.9999999999999998,18,3.2,0.11555555555555556,24,11,54,2,64,2,0,58,0,58
140b370370a17221489d7c8e78639193_b0.2/fold/140b370370a17221489d7c8e78639193_b0.2_100_1_hMIN.pdb,19,4.4,19,0.8,0.11555555555555556,27,3,30,3,65,2,0,58,0,58
140b370370a17221489d7c8e78639193_b0.2/fold/140b370370a17221489d7c8e78639193_b0.2_280_1_hMIN.pdb,19,3.4000000000000004,15,1.6,0.1111111111111111,31,8,48,8,37,8,4,8,4,8
140b370370a17221489d7c8e78639193_b0.2/fold/140b370370a17221489d7c8e78639193_b0.2_260_6_hMIN.pdb,19,2.4000000000000004,19,2.6,0.1111111111111111,29,31,41,3,32,3,0,58,0,58
140b370370a17221489d7c8e78639193_b0.2/fold/140b370370a17221489d7c8e78639193_b0.2_100_3_hMIN.pdb,19,3.0000000000000004,11,1.7999999999999998,0.10666666666666669,22,33,35,5,33,2,5,8,5,8
140b370370a17221489d7c8e78639193_b0.2/fold/140b370370a17221489d7c8e78639193_b0.2_260_1_hMIN.pdb,19,2.8000000000000003,14,2.0,0.10666666666666669,29,31,36,23,34,6,1,30,1,30
140b370370a17221489d7c8e78639193_b0.2/fold/140b370370a17221489d7c8e78639193_b0.2_80_7_hMIN.pdb,19,2.0,16,1.4000000000000001,0.07555555555555557,22,33,27,5,58,2,8,5,8,5
140b370370a17221489d7c8e78639193_b0.2/fold/140b370370a17221489d7c8e78639193_b0.2_significant_ECs_0.9_9_hMIN.pdb,19,2.4,18,1.0,0.07555555555555556,26,20,33,6,60,2,2,11,2,11
140b370370a17221489d7c8e78639193_b0.2/fold/140b370370a17221489d7c8e78639193_b0.2_220_3_hMIN.pdb,19,2.2,14,0.8,0.06666666666666667,24,11,31,7,47,2,3,9,3,9
140b370370a17221489d7c8e78639193_b0.2/fold/140b370370a17221489d7c8e78639193_b0.2_160_10_hMIN.pdb,19,0.4,18,2.2,0.05777777777777778,16,1,7,1,5,1,0,58,0,58
