accession,hgvs_nt,hgvs_splice,hgvs_pro,score,lower_ci,upper_ci
urn:mavedb:00000078-a-1#1,NA,NA,p.=,0.906182967944525,0.8055354323407559,1.00683050354829
urn:mavedb:00000078-a-1#2,NA,NA,p.His163Tyr,0.97248339390745,0.7862934115210649,1.1586733762938402
urn:mavedb:00000078-a-1#3,NA,NA,p.His163Arg,1.10204940822715,1.01729675150331,1.1868020649509898
urn:mavedb:00000078-a-1#4,NA,NA,p.His163Leu,0.913327389718208,0.6597024991916,1.1669522802448202
urn:mavedb:00000078-a-1#5,NA,NA,p.His163Gly,0.984005652333562,0.7629372272060401,1.2050740774610802
urn:mavedb:00000078-a-1#6,NA,NA,p.Arg162Ter,0.983441717658203,0.8865037184552221,1.0803797168611802
urn:mavedb:00000078-a-1#7,NA,NA,p.Arg162Ile,1.06235530917629,0.9678629239680472,1.15684769438454
urn:mavedb:00000078-a-1#8,NA,NA,p.Lys161Thr,-0.0244566406761429,-0.0786313105992503,0.0297180292469646
urn:mavedb:00000078-a-1#9,NA,NA,p.Lys161Ser,0.8716155967010191,0.17139367894322596,1.57183751445881
urn:mavedb:00000078-a-1#10,NA,NA,p.Lys161Leu,0.44435724761361,0.10698608412009,0.781728411107129
urn:mavedb:00000078-a-1#11,NA,NA,p.Ala160Trp,0.726961392471002,0.34218477495662103,1.11173800998538
urn:mavedb:00000078-a-1#12,NA,NA,p.Ala160Val,1.13859935488952,1.10898129875123,1.16821741102782
urn:mavedb:00000078-a-1#13,NA,NA,p.Ala160Thr,1.18203548195452,0.774815242297689,1.58925572161134
urn:mavedb:00000078-a-1#14,NA,NA,p.Ala160Arg,1.0812265137468,1.01835951582942,1.14409351166417
urn:mavedb:00000078-a-1#15,NA,NA,p.Ala160Gln,-0.17954726359898102,-0.4269866167225129,0.0678920895245505
urn:mavedb:00000078-a-1#16,NA,NA,p.Ala160Leu,0.772420508154302,0.7483997856516971,0.796441230656908
urn:mavedb:00000078-a-1#17,NA,NA,p.Ala160His,1.02893885944134,0.8586666298961421,1.19921108898654
urn:mavedb:00000078-a-1#18,NA,NA,p.Ala160Gly,0.9234302415001509,0.428632196224388,1.41822828677591
urn:mavedb:00000078-a-1#19,NA,NA,p.Lys159Val,1.01691584978297,0.8946007319415759,1.1392309676243602
urn:mavedb:00000078-a-1#20,NA,NA,p.Lys159Arg,0.7236624644546129,0.402920972700915,1.04440395620831
urn:mavedb:00000078-a-1#21,NA,NA,p.Lys159Gln,0.7036455169919279,0.44772499032761,0.9595660436562472
urn:mavedb:00000078-a-1#22,NA,NA,p.Lys159Leu,1.2397709710225802,1.21561616700186,1.2639257750433102
urn:mavedb:00000078-a-1#23,NA,NA,p.Lys159Ile,1.00607806553665,0.8406601380633171,1.17149599300998
urn:mavedb:00000078-a-1#24,NA,NA,p.Lys159Gly,1.08718840776698,0.8128413086502031,1.36153550688376
urn:mavedb:00000078-a-1#25,NA,NA,p.Lys159Phe,0.9342939277144772,0.176646784579985,1.6919410708489702
urn:mavedb:00000078-a-1#26,NA,NA,p.Lys159Glu,0.9225712238755708,0.796398736412745,1.0487437113384002
urn:mavedb:00000078-a-1#27,NA,NA,p.Lys159Cys,-0.0999018302210863,-0.22695597918106694,0.0271523187388947
urn:mavedb:00000078-a-1#28,NA,NA,p.Gly158Leu,1.2927442274177,1.12841577087315,1.45707268396225
urn:mavedb:00000078-a-1#29,NA,NA,p.Gly158Tyr,1.28864589442178,1.0515295784287,1.5257622104148605
urn:mavedb:00000078-a-1#30,NA,NA,p.Gly158Val,0.479400877748666,0.0726884237338686,0.8861133317634641
urn:mavedb:00000078-a-1#31,NA,NA,p.Gly158Thr,1.1666074904998702,1.10152477268574,1.231690208314
urn:mavedb:00000078-a-1#32,NA,NA,p.Gly158Ser,1.01183101488888,0.511601918442571,1.5120601113352
urn:mavedb:00000078-a-1#33,NA,NA,p.Gly158Gly,1.01335842968095,0.8410664689340981,1.1856503904278102
urn:mavedb:00000078-a-1#34,NA,NA,p.Gly158Lys,0.779343011601357,0.37032978990975896,1.18835623329296
urn:mavedb:00000078-a-1#35,NA,NA,p.Gly158Phe,0.46554052216021,-0.0950544134093783,1.0261354577298
urn:mavedb:00000078-a-1#36,NA,NA,p.Gly158Ala,0.9334022560071128,0.7521545318091841,1.11464998020504
urn:mavedb:00000078-a-1#37,NA,NA,p.Gln157Thr,1.06721452068094,0.750359449338569,1.3840695920233
urn:mavedb:00000078-a-1#38,NA,NA,p.Gln157Val,0.746759731516754,-0.195369737867398,1.68888920090091
urn:mavedb:00000078-a-1#39,NA,NA,p.Gln157Arg,0.539336743607009,-0.22056248866432895,1.29923597587835
urn:mavedb:00000078-a-1#40,NA,NA,p.Gln157Pro,0.686709411614796,0.551840807577066,0.821578015652525
urn:mavedb:00000078-a-1#41,NA,NA,p.Gln157Lys,0.894261948336519,0.6012138991988629,1.18730999747417
urn:mavedb:00000078-a-1#42,NA,NA,p.Pro156Ser,0.9987054440829808,0.564331905941209,1.4330789822247498
urn:mavedb:00000078-a-1#43,NA,NA,p.Pro156Arg,0.24873932453386105,-0.368678795910753,0.866157444978475
urn:mavedb:00000078-a-1#44,NA,NA,p.Pro156Asn,1.13442731743942,0.9274696869785258,1.34138494790032
urn:mavedb:00000078-a-1#45,NA,NA,p.Pro156His,0.743050176706785,0.199012153854946,1.28708819955862
urn:mavedb:00000078-a-1#46,NA,NA,p.Glu155Glu,0.5131707581615379,0.0671411791254687,0.959200337197608
urn:mavedb:00000078-a-1#47,NA,NA,p.Gln154Tyr,0.974379705645078,0.7673339296552579,1.1814254816349
urn:mavedb:00000078-a-1#48,NA,NA,p.Gln154Ser,1.15378934544361,1.01305689978062,1.2945217911066005
urn:mavedb:00000078-a-1#49,NA,NA,p.Gln154Phe,-0.0416636850586008,-0.0863436662927795,0.00301629617557782
urn:mavedb:00000078-a-1#50,NA,NA,p.Gln154Cys,1.17217897822095,1.06105046331379,1.28330749312811
urn:mavedb:00000078-a-1#51,NA,NA,p.Val153Val,0.973727135734393,0.476445604281358,1.47100866718743
urn:mavedb:00000078-a-1#52,NA,NA,p.Val153Thr,1.02718372345738,0.7517364587046121,1.30263098821016
urn:mavedb:00000078-a-1#53,NA,NA,p.Val153Arg,0.743129276681923,0.34882145199865106,1.1374371013652
urn:mavedb:00000078-a-1#54,NA,NA,p.Val153Leu,-0.000984443845937752,-0.104137051341149,0.10216816364927303
urn:mavedb:00000078-a-1#55,NA,NA,p.Val153Gly,0.971795504494041,0.84738548431771,1.09620552467037
urn:mavedb:00000078-a-1#56,NA,NA,p.Lys152Tyr,1.00953352206785,0.7143946263863931,1.3046724177493
urn:mavedb:00000078-a-1#57,NA,NA,p.Lys152Asn,1.07619491133486,0.92541622543087,1.22697359723884
urn:mavedb:00000078-a-1#58,NA,NA,p.Lys152Met,1.05363408802217,0.874651150602072,1.23261702544227
urn:mavedb:00000078-a-1#59,NA,NA,p.Lys152Glu,1.18247633653682,1.09153027306468,1.27342240000896
urn:mavedb:00000078-a-1#60,NA,NA,p.Lys152Gly,1.17146328971455,1.06173749850408,1.28118908092501
urn:mavedb:00000078-a-1#61,NA,NA,p.Arg151Asp,1.12834358333193,0.9120963915549352,1.34459077510893
urn:mavedb:00000078-a-1#62,NA,NA,p.Arg151Thr,0.999826316670148,0.337635225032211,1.66201740830808
urn:mavedb:00000078-a-1#63,NA,NA,p.Arg151Arg,1.163649729492,1.09208386371984,1.23521559526415
urn:mavedb:00000078-a-1#64,NA,NA,p.Arg151Gln,0.887589512324286,0.221481341273566,1.5536976833750098
urn:mavedb:00000078-a-1#65,NA,NA,p.Arg151Leu,1.19347446867022,1.04253448084518,1.34441445649527
urn:mavedb:00000078-a-1#66,NA,NA,p.Phe150Arg,1.14125101755603,0.8754638530366109,1.40703818207546
urn:mavedb:00000078-a-1#67,NA,NA,p.Phe150Pro,1.0908636018713,0.881314217163283,1.30041298657932
urn:mavedb:00000078-a-1#68,NA,NA,p.Phe150Asn,1.06484096908263,0.8372519635822329,1.29242997458303
urn:mavedb:00000078-a-1#69,NA,NA,p.Phe150Met,0.942480488306062,0.832917512528683,1.05204346408344
urn:mavedb:00000078-a-1#70,NA,NA,p.Phe150Leu,1.15537733517218,1.10905610077742,1.20169856956694
urn:mavedb:00000078-a-1#71,NA,NA,p.Phe150Ile,1.22514614080754,1.11551765280605,1.33477462880904
urn:mavedb:00000078-a-1#72,NA,NA,p.Phe150Phe,0.9831325288245178,0.7877078948865258,1.17855716276251
urn:mavedb:00000078-a-1#73,NA,NA,p.Ser149Arg,1.08772303561811,0.94675065882399,1.22869541241222
urn:mavedb:00000078-a-1#74,NA,NA,p.Ser149Pro,1.05799492633604,0.9034658697420452,1.21252398293003
urn:mavedb:00000078-a-1#75,NA,NA,p.Ser149Lys,1.37522898439904,1.08838680013651,1.66207116866157
urn:mavedb:00000078-a-1#76,NA,NA,p.Ser149Gly,0.9768390594475692,0.487418873742534,1.4662592451526002
urn:mavedb:00000078-a-1#77,NA,NA,p.Leu148Tyr,0.985615629288701,0.5830487301658521,1.38818252841155
urn:mavedb:00000078-a-1#78,NA,NA,p.Leu148Val,0.876676669548205,0.80631353599681,0.9470398030996
urn:mavedb:00000078-a-1#79,NA,NA,p.Leu148Ser,0.867130145561186,0.291569738028248,1.44269055309412
urn:mavedb:00000078-a-1#80,NA,NA,p.Leu148Arg,1.28864589442178,1.0515295784287,1.5257622104148605
urn:mavedb:00000078-a-1#81,NA,NA,p.Leu148Pro,1.19296134140417,1.0252852255669,1.36063745724143
urn:mavedb:00000078-a-1#82,NA,NA,p.Leu148Leu,1.08550005200551,1.0068203418391302,1.16417976217189
urn:mavedb:00000078-a-1#83,NA,NA,p.Leu148Glu,0.8935589141425679,0.708980447407736,1.0781373808774
urn:mavedb:00000078-a-1#84,NA,NA,p.Leu148His,-0.211081020709626,-0.284652251959464,-0.13750978945978698
urn:mavedb:00000078-a-1#85,NA,NA,p.Leu148Phe,0.428594167246252,0.25715288531205605,0.6000354491804479
urn:mavedb:00000078-a-1#86,NA,NA,p.Leu148Asp,0.0249491578936557,-0.4695094517912679,0.51940776757858
urn:mavedb:00000078-a-1#87,NA,NA,p.Trp147Tyr,-0.2186641679268,-0.7834354844814059,0.346107148627806
urn:mavedb:00000078-a-1#88,NA,NA,p.Trp147Ter,0.07417729977777901,-0.141244433419012,0.28959903297456896
urn:mavedb:00000078-a-1#89,NA,NA,p.Trp147Lys,1.00286135719662,0.7341910700460941,1.2715316443471498
urn:mavedb:00000078-a-1#90,NA,NA,p.Trp147His,0.101910919855527,-0.4370809844797829,0.640902824190838
urn:mavedb:00000078-a-1#91,NA,NA,p.Trp147Gly,1.12715787589751,0.946706043998975,1.30760970779604
urn:mavedb:00000078-a-1#92,NA,NA,p.Trp147Phe,0.9683703550641892,0.514952260936682,1.4217884491917
urn:mavedb:00000078-a-1#93,NA,NA,p.Met146Tyr,0.925660058412358,0.489864055723948,1.36145606110077
urn:mavedb:00000078-a-1#94,NA,NA,p.Met146Val,0.8750344918754871,0.758554779716066,0.991514204034908
urn:mavedb:00000078-a-1#95,NA,NA,p.Met146Thr,1.07036408427315,0.784398618134951,1.35632955041136
urn:mavedb:00000078-a-1#96,NA,NA,p.Met146Arg,0.0942201172781476,0.0222293065189118,0.166210928037383
urn:mavedb:00000078-a-1#97,NA,NA,p.Met146Leu,0.548512632243969,-0.7849794591477671,1.8820047236357096
urn:mavedb:00000078-a-1#98,NA,NA,p.Met146Ile,1.10476547448379,0.988784295440901,1.2207466535266798
urn:mavedb:00000078-a-1#99,NA,NA,p.Met146Gly,1.11784751574872,0.975957311745336,1.2597377197521
urn:mavedb:00000078-a-1#100,NA,NA,p.Met146Asp,0.525052470020449,0.469294954335725,0.580809985705174
urn:mavedb:00000078-a-1#101,NA,NA,p.Leu145Arg,0.0781212013353655,-0.0381806248346948,0.19442302750542606
urn:mavedb:00000078-a-1#102,NA,NA,p.Leu145Ter,0.00447779140650099,-0.645015061608001,0.653970644421003
urn:mavedb:00000078-a-1#103,NA,NA,p.Leu145Val,1.1354869990605,0.9230968208213848,1.34787717729961
urn:mavedb:00000078-a-1#104,NA,NA,p.Leu145Thr,1.05909425075554,0.656241728359504,1.46194677315158
urn:mavedb:00000078-a-1#105,NA,NA,p.Leu145Ser,1.02137710362491,0.854433176943127,1.1883210303066898
urn:mavedb:00000078-a-1#106,NA,NA,p.Leu145Ala,1.10189327068844,0.943591781283851,1.26019476009304
urn:mavedb:00000078-a-1#107,NA,NA,p.Leu145Lys,-0.158681442211886,-0.318616296639535,0.0012534122157635
urn:mavedb:00000078-a-1#108,NA,NA,p.Leu145Gly,0.861893477592892,0.840176571505322,0.883610383680463
urn:mavedb:00000078-a-1#109,NA,NA,p.Ser144Leu,0.965111128460176,0.670394115480073,1.25982814144028
urn:mavedb:00000078-a-1#110,NA,NA,p.Ser144Arg,1.17491952921884,0.973376124498128,1.37646293393956
urn:mavedb:00000078-a-1#111,NA,NA,p.Ser144Gly,1.03375658902006,0.9755416488169548,1.09197152922317
urn:mavedb:00000078-a-1#112,NA,NA,p.Val143Ter,0.0486501125236576,-0.304714555093847,0.4020147801411621
urn:mavedb:00000078-a-1#113,NA,NA,p.Val143Val,0.144986080269033,-0.5297323773543521,0.8197045378924191
urn:mavedb:00000078-a-1#114,NA,NA,p.Val143Ser,1.14972947192142,0.9974061805898822,1.30205276325297
urn:mavedb:00000078-a-1#115,NA,NA,p.Val143Arg,0.00048555460714635193,-0.332680880543028,0.333651989757321
urn:mavedb:00000078-a-1#116,NA,NA,p.Val143Pro,0.842152335240297,0.650398963486954,1.0339057069936402
urn:mavedb:00000078-a-1#117,NA,NA,p.Val143Met,1.17729136334021,1.07898838653528,1.27559434014513
urn:mavedb:00000078-a-1#118,NA,NA,p.Val143Leu,0.5887744621755989,0.508333027454835,0.6692158968963628
urn:mavedb:00000078-a-1#119,NA,NA,p.Asn142Tyr,-0.3026576174957,-0.7940373097730591,0.188722074781658
urn:mavedb:00000078-a-1#120,NA,NA,p.Asn142Leu,0.34062928089021804,-0.0252438621648974,0.7065024239453341
urn:mavedb:00000078-a-1#121,NA,NA,p.Asn142Pro,-0.15057706315044295,-0.5785116015409161,0.27735747524003
urn:mavedb:00000078-a-1#122,NA,NA,p.Asn142Phe,0.164678108158832,-0.177276498808663,0.506632715126326
urn:mavedb:00000078-a-1#123,NA,NA,p.Asn142Ile,1.05534219198996,0.490645387349452,1.62003899663046
urn:mavedb:00000078-a-1#124,NA,NA,p.Ile141Tyr,0.6009757955100329,0.324497188911907,0.8774544021081601
urn:mavedb:00000078-a-1#125,NA,NA,p.Ile141Ser,0.7535329339203329,0.3840087510235661,1.1230571168171
urn:mavedb:00000078-a-1#126,NA,NA,p.Ile141Arg,0.943577690786976,0.657920404779971,1.22923497679398
urn:mavedb:00000078-a-1#127,NA,NA,p.Ile141Pro,-0.153483652600411,-0.36412166654466,0.0571543613438381
urn:mavedb:00000078-a-1#128,NA,NA,p.Ile141Ile,0.6911250646446919,0.432217551937566,0.950032577351818
urn:mavedb:00000078-a-1#129,NA,NA,p.Ile141His,0.409499083512832,0.0237865975952954,0.795211569430369
urn:mavedb:00000078-a-1#130,NA,NA,p.Ile141Asp,0.0186923847796752,-0.515998852852449,0.5533836224118001
urn:mavedb:00000078-a-1#131,NA,NA,p.Ala140Ala,0.979440030050021,0.8955647258196141,1.06331533428043
urn:mavedb:00000078-a-1#132,NA,NA,p.Ala140Thr,1.06482833369455,0.7569202811162551,1.37273638627284
urn:mavedb:00000078-a-1#133,NA,NA,p.Ala140Arg,0.4946086037977751,0.127253541586166,0.861963666009385
urn:mavedb:00000078-a-1#134,NA,NA,p.Ala140Pro,0.8543876161054599,0.41788766407685496,1.29088756813407
urn:mavedb:00000078-a-1#135,NA,NA,p.Ala140Met,0.956501273294786,0.834490735210289,1.07851181137928
urn:mavedb:00000078-a-1#136,NA,NA,p.Ala140Glu,0.589094633146196,-0.454342709672078,1.63253197596447
urn:mavedb:00000078-a-1#137,NA,NA,p.Ala140Asp,0.0607516591102769,-0.323884197050864,0.445387515271418
urn:mavedb:00000078-a-1#138,NA,NA,p.Tyr139Val,0.8956669470314069,0.7105527612973009,1.08078113276551
urn:mavedb:00000078-a-1#139,NA,NA,p.Tyr139Arg,0.684595253901241,0.0650891059915271,1.30410140181096
urn:mavedb:00000078-a-1#140,NA,NA,p.Tyr139Leu,1.14421769143452,0.98109150885796,1.30734387401108
urn:mavedb:00000078-a-1#141,NA,NA,p.Tyr139Glu,0.153345877315927,-0.129660182867115,0.436351937498969
urn:mavedb:00000078-a-1#142,NA,NA,p.Thr138Val,1.17729136334021,1.07898838653528,1.27559434014513
urn:mavedb:00000078-a-1#143,NA,NA,p.Thr138Thr,1.10835550289361,0.889174990755383,1.32753601503183
urn:mavedb:00000078-a-1#144,NA,NA,p.Thr138Ser,0.911568088664628,0.645784292138729,1.17735188519053
urn:mavedb:00000078-a-1#145,NA,NA,p.Thr138Arg,-0.359200780349848,-0.740762678394655,0.0223611176949601
urn:mavedb:00000078-a-1#146,NA,NA,p.Thr138Pro,0.625314161154415,0.16961079465907902,1.08101752764975
urn:mavedb:00000078-a-1#147,NA,NA,p.Thr138Leu,0.7957328795487121,0.608673676012308,0.982792083085117
urn:mavedb:00000078-a-1#148,NA,NA,p.Thr138Ile,1.27242453872875,1.02552516392149,1.519323913536
urn:mavedb:00000078-a-1#149,NA,NA,p.Thr138Phe,-0.0950375220195567,-0.33229187114193603,0.142216827102823
urn:mavedb:00000078-a-1#150,NA,NA,p.Thr137Arg,0.580340480105598,-0.690770175771925,1.8514511359831205
urn:mavedb:00000078-a-1#151,NA,NA,p.Thr137Ala,1.04705955267519,0.522921958092354,1.5711971472580302
urn:mavedb:00000078-a-1#152,NA,NA,p.Thr137Leu,0.595502570917284,0.25612674984331696,0.934878391991251
urn:mavedb:00000078-a-1#153,NA,NA,p.Ile136Gly,0.256329969006835,-0.173903381677213,0.6865633196908829
urn:mavedb:00000078-a-1#154,NA,NA,p.Ile136Thr,0.554683588076853,0.306583882848537,0.8027832933051691
urn:mavedb:00000078-a-1#155,NA,NA,p.Ile136Ser,0.6871430307812421,0.5216584385573879,0.852627623005095
urn:mavedb:00000078-a-1#156,NA,NA,p.Ile136Asn,0.149416392792711,-0.0740016562215414,0.372834441806964
urn:mavedb:00000078-a-1#157,NA,NA,p.Ile136Lys,0.857857659072728,0.560849359209152,1.1548659589363
urn:mavedb:00000078-a-1#158,NA,NA,p.Ile136Ile,1.24443362759598,1.21114018461912,1.27772707057283
urn:mavedb:00000078-a-1#159,NA,NA,p.Ile136Phe,1.11367529971745,0.8750920363325391,1.3522585631023505
urn:mavedb:00000078-a-1#160,NA,NA,p.Ile136Ala,0.7509395424024001,0.6216148185133791,0.88026426629142
urn:mavedb:00000078-a-1#161,NA,NA,p.Cys135Val,-0.208122255845435,-0.3605621356862589,-0.0556823760046111
urn:mavedb:00000078-a-1#162,NA,NA,p.Cys135Ser,0.0431708043756136,-0.201814396308084,0.288156005059311
urn:mavedb:00000078-a-1#163,NA,NA,p.Cys135Ala,-0.141735721364619,-0.562026980747021,0.278555538017784
urn:mavedb:00000078-a-1#164,NA,NA,p.Cys135Asn,-0.117374701566687,-0.27691833088864004,0.0421689277552659
urn:mavedb:00000078-a-1#165,NA,NA,p.Cys135Leu,0.774475011418578,0.4032710145514989,1.1456790082856598
urn:mavedb:00000078-a-1#166,NA,NA,p.Cys135Gly,0.0499480491372467,-0.21832521752357004,0.3182213157980629
urn:mavedb:00000078-a-1#167,NA,NA,p.Cys135Glu,-0.274170588116251,-0.782768568199262,0.23442739196675896
urn:mavedb:00000078-a-1#168,NA,NA,p.Val134Ter,-0.0404625929586923,-0.396925383621564,0.31600019770418
urn:mavedb:00000078-a-1#169,NA,NA,p.Val134Ser,0.4893161714387521,0.252596857670684,0.7260354852068199
urn:mavedb:00000078-a-1#170,NA,NA,p.Val134Arg,-0.182045025221721,-0.476771635889748,0.112681585446306
urn:mavedb:00000078-a-1#171,NA,NA,p.Val134Pro,0.12807424338573,-0.0298160199977962,0.28596450676925605
urn:mavedb:00000078-a-1#172,NA,NA,p.Val134Leu,1.14072616969655,0.970756730262313,1.3106956091307802
urn:mavedb:00000078-a-1#173,NA,NA,p.Val134Lys,-0.139562862832449,-0.4086417174385471,0.129515991773649
urn:mavedb:00000078-a-1#174,NA,NA,p.Val134Gly,0.9960171871510172,0.850026429916727,1.1420079443853102
urn:mavedb:00000078-a-1#175,NA,NA,p.Val134Phe,1.08543511751236,0.8966661165494471,1.27420411847528
urn:mavedb:00000078-a-1#176,NA,NA,p.Val134Ala,1.01517275652191,0.8300407123444599,1.20030480069936
urn:mavedb:00000078-a-1#177,NA,NA,p.Ile133Ser,1.13677080598787,1.03915672166435,1.23438489031138
urn:mavedb:00000078-a-1#178,NA,NA,p.Ile133Arg,0.26377232264624106,-0.2438868145905,0.7714314598829821
urn:mavedb:00000078-a-1#179,NA,NA,p.Cys132His,0.0333314246539503,-0.328773966399335,0.395436815707235
urn:mavedb:00000078-a-1#180,NA,NA,p.Cys132Trp,-0.0948810795198658,-0.30728934237781,0.117527183338078
urn:mavedb:00000078-a-1#181,NA,NA,p.Cys132Thr,0.295891207719326,-0.346119985083844,0.937902400522496
urn:mavedb:00000078-a-1#182,NA,NA,p.Cys132Ser,-0.0939614478803987,-0.243397357693454,0.0554744619326568
urn:mavedb:00000078-a-1#183,NA,NA,p.Cys132Arg,-0.304566940813476,-0.448232313711693,-0.160901567915258
urn:mavedb:00000078-a-1#184,NA,NA,p.Cys132Pro,-0.19849872814769495,-0.3719402670233429,-0.0250571892720466
urn:mavedb:00000078-a-1#185,NA,NA,p.Cys132Leu,0.16660819799398002,-0.216366210797629,0.549582606785589
urn:mavedb:00000078-a-1#186,NA,NA,p.Cys132Gly,-0.0259102395791485,-1.15022868214543,1.09840820298714
urn:mavedb:00000078-a-1#187,NA,NA,p.Cys132Ala,-0.12558880962334698,-0.23291679966968895,-0.0182608195770059
urn:mavedb:00000078-a-1#188,NA,NA,p.Phe131Gln,1.04199208588512,0.770804884423437,1.31317928734681
urn:mavedb:00000078-a-1#189,NA,NA,p.Phe131Ter,0.185710698362672,-0.258192547564484,0.629613944289829
urn:mavedb:00000078-a-1#190,NA,NA,p.Phe131Trp,0.92808158075196,0.7996538695754549,1.05650929192846
urn:mavedb:00000078-a-1#191,NA,NA,p.Phe131Val,1.18920717171848,1.12783459096773,1.25057975246923
urn:mavedb:00000078-a-1#192,NA,NA,p.Phe125Glu,0.8251259184426201,0.5236593983561361,1.1265924385291002
urn:mavedb:00000078-a-1#193,NA,NA,p.Leu124Val,0.8355326736791171,0.5672685024881071,1.10379684487013
urn:mavedb:00000078-a-1#194,NA,NA,p.Leu124Ser,0.000699223271371868,-0.5045100061705511,0.505908452713294
urn:mavedb:00000078-a-1#195,NA,NA,p.Leu124Arg,-0.355440580054914,-1.00705019576619,0.296169035656362
urn:mavedb:00000078-a-1#196,NA,NA,p.Leu124Pro,0.0831371941435483,-0.125676866577018,0.291951254864114
urn:mavedb:00000078-a-1#197,NA,NA,p.Leu124Leu,0.952364785338905,0.640044722025845,1.26468484865197
urn:mavedb:00000078-a-1#198,NA,NA,p.Leu124His,0.26539007385450303,0.0879750939636477,0.442805053745358
urn:mavedb:00000078-a-1#199,NA,NA,p.Leu124Gly,-0.242293484644953,-0.5452271999944199,0.0606402307045135
urn:mavedb:00000078-a-1#200,NA,NA,p.Ile123Val,1.12697005492246,0.8987259646513129,1.3552141451936
urn:mavedb:00000078-a-1#201,NA,NA,p.Ile123Arg,0.8697652917519781,0.3881738727479711,1.35135671075598
urn:mavedb:00000078-a-1#202,NA,NA,p.Ile123Met,0.6237724803722471,0.290775672965662,0.956769287778832
urn:mavedb:00000078-a-1#203,NA,NA,p.Ile123Leu,0.365594716391493,-0.308679185184641,1.03986861796763
urn:mavedb:00000078-a-1#204,NA,NA,p.Ile123Lys,1.02751792707123,0.8013659175302901,1.25366993661216
urn:mavedb:00000078-a-1#205,NA,NA,p.Trp122Val,0.9958975259771428,0.8672145781158871,1.1245804738384
urn:mavedb:00000078-a-1#206,NA,NA,p.Trp122Ser,1.01539797065674,0.867057648824123,1.1637382924893702
urn:mavedb:00000078-a-1#207,NA,NA,p.Trp122Arg,0.9342939277144772,0.176646784579985,1.6919410708489702
urn:mavedb:00000078-a-1#208,NA,NA,p.Trp122Pro,0.6291803963043431,0.3841717035985711,0.874189089010116
urn:mavedb:00000078-a-1#209,NA,NA,p.Trp122Met,0.6424442315591911,-1.08062967668952,2.3655181398079
urn:mavedb:00000078-a-1#210,NA,NA,p.Trp122Leu,0.917543607152646,0.7801903732294909,1.0548968410758
urn:mavedb:00000078-a-1#211,NA,NA,p.Trp122His,0.652055733064718,-0.256238580056427,1.56035004618586
urn:mavedb:00000078-a-1#212,NA,NA,p.Ala121Ile,0.803789013566386,0.6131102123992189,0.994467814733553
urn:mavedb:00000078-a-1#213,NA,NA,p.Ala121Tyr,-0.17030096881092702,-0.429391107973089,0.0887891703512353
urn:mavedb:00000078-a-1#214,NA,NA,p.Ala121Met,-0.0685108650019536,-0.272439922332643,0.135418192328736
urn:mavedb:00000078-a-1#215,NA,NA,p.Ala121Glu,-0.44627970392902894,-0.73587402145225,-0.156685386405808
urn:mavedb:00000078-a-1#216,NA,NA,p.Ala121Gly,0.6957279109287738,0.352747171084836,1.03870865077271
urn:mavedb:00000078-a-1#217,NA,NA,p.Leu120Leu,1.01601562785786,0.744531351454013,1.28749990426171
urn:mavedb:00000078-a-1#218,NA,NA,p.Leu120Ser,0.358005788394136,-0.10923508664012803,0.8252466634284
urn:mavedb:00000078-a-1#219,NA,NA,p.Leu120Pro,-0.023941896573433995,-0.265431940928803,0.217548147781935
urn:mavedb:00000078-a-1#220,NA,NA,p.Leu120Asn,0.648872882601829,0.326456670784183,0.9712890944194752
urn:mavedb:00000078-a-1#221,NA,NA,p.Leu120Gly,-0.120776429048872,-0.371534602872714,0.12998174477496902
urn:mavedb:00000078-a-1#222,NA,NA,p.Leu120His,-0.0921234519673036,-0.385561677424784,0.201314773490177
urn:mavedb:00000078-a-1#223,NA,NA,p.Tyr119Arg,0.646766426080026,-0.166002293151855,1.45953514531191
urn:mavedb:00000078-a-1#224,NA,NA,p.Tyr119His,1.05276390958364,0.8096245337722141,1.29590328539508
urn:mavedb:00000078-a-1#225,NA,NA,p.Tyr119Gly,1.07533069278654,1.01438716595293,1.1362742196201598
urn:mavedb:00000078-a-1#226,NA,NA,p.Tyr119Glu,0.84760056108711,0.473087679249504,1.2221134429247198
urn:mavedb:00000078-a-1#227,NA,NA,p.Val118Thr,1.04520651017759,0.682570097605357,1.40784292274983
urn:mavedb:00000078-a-1#228,NA,NA,p.Val118Arg,0.0125368965343782,-0.7122093616370658,0.7372831547058231
urn:mavedb:00000078-a-1#229,NA,NA,p.Val118Lys,0.447089964036142,0.203127415917614,0.69105251215467
urn:mavedb:00000078-a-1#230,NA,NA,p.Ser117Tyr,0.0249242876019215,-0.16723570209656602,0.217084277300409
urn:mavedb:00000078-a-1#231,NA,NA,p.Ser117Arg,0.215048863884842,-0.334368376255011,0.7644661040246951
urn:mavedb:00000078-a-1#232,NA,NA,p.Ser117Pro,0.783696790875057,0.335729447451647,1.23166413429847
urn:mavedb:00000078-a-1#233,NA,NA,p.Ser117Leu,1.1036722986613798,0.920831447903912,1.2865131494188402
urn:mavedb:00000078-a-1#234,NA,NA,p.Ser117Lys,0.169744736992018,-0.23148968260971606,0.570979156593753
urn:mavedb:00000078-a-1#235,NA,NA,p.Gly116Ter,0.592483877003172,0.5047721228166461,0.680195631189698
urn:mavedb:00000078-a-1#236,NA,NA,p.Gly116Trp,1.27415128035202,1.18261230826825,1.3656902524358
urn:mavedb:00000078-a-1#237,NA,NA,p.Gly116Ser,0.91683413380249,0.6208668716917901,1.21280139591319
urn:mavedb:00000078-a-1#238,NA,NA,p.Gly116Arg,0.41352597490409904,-0.390676167796472,1.21772811760467
urn:mavedb:00000078-a-1#239,NA,NA,p.Gly116Leu,1.10610623940796,0.985602085482748,1.22661039333316
urn:mavedb:00000078-a-1#240,NA,NA,p.Gly116Ile,1.09043078617584,0.8191392981408109,1.36172227421088
urn:mavedb:00000078-a-1#241,NA,NA,p.Ala115Trp,1.22372211059092,1.11164023784996,1.3358039833318702
urn:mavedb:00000078-a-1#242,NA,NA,p.Ala115Val,-0.10364985808188197,-0.136726301363388,-0.0705734148003755
urn:mavedb:00000078-a-1#243,NA,NA,p.Ala115Ser,0.80016675118709,-0.0372868831215831,1.63762038549576
urn:mavedb:00000078-a-1#244,NA,NA,p.Ala115Arg,0.0570185495571307,-0.20690931429301895,0.32094641340728003
urn:mavedb:00000078-a-1#245,NA,NA,p.Ala115Leu,0.745274918965596,-0.00315877593276204,1.4937086138639502
urn:mavedb:00000078-a-1#246,NA,NA,p.Ala115Lys,0.5527653786943441,0.159071498929026,0.9464592584596628
urn:mavedb:00000078-a-1#247,NA,NA,p.Ala115Gly,0.971712065038283,0.5489336278117449,1.39449050226482
urn:mavedb:00000078-a-1#248,NA,NA,p.Ala115Phe,1.25453824628857,0.9946047175413428,1.5144717750358
urn:mavedb:00000078-a-1#249,NA,NA,p.Ala115Glu,0.134020351230422,0.0390625692781877,0.22897813318265606
urn:mavedb:00000078-a-1#250,NA,NA,p.Ala115Asp,0.36554114962944106,0.27625390642522,0.4548283928336629
urn:mavedb:00000078-a-1#251,NA,NA,p.Leu114Arg,0.428254323721638,0.05938317464787,0.797125472795407
urn:mavedb:00000078-a-1#252,NA,NA,p.Leu114Pro,0.192710349309497,0.0035255817953295204,0.381895116823664
urn:mavedb:00000078-a-1#253,NA,NA,p.Leu114Met,1.27415128035202,1.18261230826825,1.3656902524358
urn:mavedb:00000078-a-1#254,NA,NA,p.Leu114Leu,0.212898417685612,-0.433929039082898,0.8597258744541221
urn:mavedb:00000078-a-1#255,NA,NA,p.Leu114Ile,1.03244358609699,0.8950607155397791,1.16982645665419
urn:mavedb:00000078-a-1#256,NA,NA,p.Leu114Gly,1.1219536019483898,0.8246190119727479,1.41928819192403
urn:mavedb:00000078-a-1#257,NA,NA,p.Ser113Pro,0.919786630354704,0.8998044619618281,0.93976879874758
urn:mavedb:00000078-a-1#258,NA,NA,p.Ser113Tyr,-0.136123733691639,-0.6173504168457329,0.34510294946245595
urn:mavedb:00000078-a-1#259,NA,NA,p.Leu111Tyr,1.08421426298239,0.8588646566829351,1.30956386928185
urn:mavedb:00000078-a-1#260,NA,NA,p.Leu111Val,0.375258614796807,-0.269515843546692,1.02003307314031
urn:mavedb:00000078-a-1#261,NA,NA,p.Leu111Thr,0.968167722269896,0.7911448193583921,1.1451906251814
urn:mavedb:00000078-a-1#262,NA,NA,p.Leu111Ser,1.02341391377125,0.7860533515839709,1.26077447595853
urn:mavedb:00000078-a-1#263,NA,NA,p.Leu111Arg,0.7796935804822551,0.0501573070167598,1.50922985394775
urn:mavedb:00000078-a-1#264,NA,NA,p.Leu111Pro,0.41204838594671706,0.31772667404417304,0.506370097849261
urn:mavedb:00000078-a-1#265,NA,NA,p.Leu111Lys,-0.13526783785948,-0.240604765616025,-0.0299309101029356
urn:mavedb:00000078-a-1#266,NA,NA,p.Leu111Glu,1.06559840419788,0.7745136683353521,1.3566831400603998
urn:mavedb:00000078-a-1#267,NA,NA,p.Leu111Asp,0.529753035424932,0.178506644773555,0.8809994260763091
urn:mavedb:00000078-a-1#268,NA,NA,p.Leu111Cys,1.04248928876073,0.8294531492641909,1.25552542825727
urn:mavedb:00000078-a-1#269,NA,NA,p.Leu111Ala,1.0284809600986802,0.911963934458174,1.14499798573919
urn:mavedb:00000078-a-1#270,NA,NA,p.Ser110Tyr,0.8452261414615941,0.596024109591474,1.09442817333171
urn:mavedb:00000078-a-1#271,NA,NA,p.Ser110Arg,0.6113146382031159,0.33902344747295804,0.883605828933275
urn:mavedb:00000078-a-1#272,NA,NA,p.Ser110Asn,0.963351509898131,0.6785591332387849,1.24814388655748
urn:mavedb:00000078-a-1#273,NA,NA,p.Ser110His,0.887589512324286,0.221481341273566,1.5536976833750098
urn:mavedb:00000078-a-1#274,NA,NA,p.Ser109Pro,1.1345176437668,0.3758899011947221,1.8931453863388703
urn:mavedb:00000078-a-1#275,NA,NA,p.Ser109Gly,1.0526215803530798,0.922857208692602,1.18238595201356
urn:mavedb:00000078-a-1#276,NA,NA,p.Ser109Lys,1.15500658921913,0.947106577934644,1.36290660050361
urn:mavedb:00000078-a-1#277,NA,NA,p.Ser109Cys,1.14608657659852,0.9866233416346312,1.3055498115624098
urn:mavedb:00000078-a-1#278,NA,NA,p.Leu108Arg,0.962277423724821,0.8195784682943059,1.10497637915534
urn:mavedb:00000078-a-1#279,NA,NA,p.Leu108Leu,1.0450308346630202,0.8479555677712121,1.24210610155484
urn:mavedb:00000078-a-1#280,NA,NA,p.Leu108Lys,1.32235900958258,1.11411155303269,1.53060646613247
urn:mavedb:00000078-a-1#281,NA,NA,p.Leu108Ile,0.8930581240976658,0.7535517949156021,1.03256445327973
urn:mavedb:00000078-a-1#282,NA,NA,p.Leu107Asp,0.9596669029299848,0.7754339512823629,1.14389985457761
urn:mavedb:00000078-a-1#283,NA,NA,p.Leu107Val,1.1264269721688602,0.916311453328875,1.3365424910088402
urn:mavedb:00000078-a-1#284,NA,NA,p.Leu107His,1.0842034923260602,0.8034516409359,1.36495534371622
urn:mavedb:00000078-a-1#285,NA,NA,p.Leu107Ala,0.81360308608592,0.515825415371224,1.1113807568006202
urn:mavedb:00000078-a-1#286,NA,NA,p.Met106Val,0.8941936551359201,0.809488732755294,0.978898577516546
urn:mavedb:00000078-a-1#287,NA,NA,p.Met106Leu,1.28000189325143,1.03814285253999,1.5218609339628797
urn:mavedb:00000078-a-1#288,NA,NA,p.Met106Phe,1.03872283402977,0.8553611692004,1.22208449885913
urn:mavedb:00000078-a-1#289,NA,NA,p.Met106Cys,1.07122350936733,0.921050499782156,1.2213965189525
urn:mavedb:00000078-a-1#290,NA,NA,p.Met106Ala,0.919864185654968,0.36014814109102794,1.47958023021891
urn:mavedb:00000078-a-1#291,NA,NA,p.Leu105Tyr,1.21762744792816,0.9893298172880228,1.4459250785683
urn:mavedb:00000078-a-1#292,NA,NA,p.Leu105Val,0.905383702416542,0.68241892025224,1.12834848458084
urn:mavedb:00000078-a-1#293,NA,NA,p.Leu105Arg,0.69103882637532,-0.044384139425987,1.4264617921766298
urn:mavedb:00000078-a-1#294,NA,NA,p.Leu105Pro,0.6641007753947329,0.40874717375221903,0.919454377037248
urn:mavedb:00000078-a-1#295,NA,NA,p.Leu105Ile,0.99904026350204,0.6981028525309562,1.2999776744731202
urn:mavedb:00000078-a-1#296,NA,NA,p.Leu105Gly,1.10939689531296,0.9120520354650328,1.30674175516089
urn:mavedb:00000078-a-1#297,NA,NA,p.Val104Tyr,1.31852972064535,0.92055902147566,1.71650041981504
urn:mavedb:00000078-a-1#298,NA,NA,p.Val104Val,0.956892427764391,0.662351806590614,1.25143304893817
urn:mavedb:00000078-a-1#299,NA,NA,p.Val104Asn,-0.26236403374408496,-0.94582544758984,0.42109738010166897
urn:mavedb:00000078-a-1#300,NA,NA,p.Val104Gly,1.21914365303631,0.9256184592168728,1.51266884685574
urn:mavedb:00000078-a-1#301,NA,NA,p.Val104Asp,1.12531390133157,1.0086971751424498,1.24193062752069
urn:mavedb:00000078-a-1#302,NA,NA,p.Ser103Tyr,0.974168000066896,0.723405679012016,1.22493032112177
urn:mavedb:00000078-a-1#303,NA,NA,p.Ser103Thr,0.92003234785839,0.7650073102479119,1.07505738546887
urn:mavedb:00000078-a-1#304,NA,NA,p.Ala102Val,0.7467865758843291,0.44404565962211495,1.04952749214654
urn:mavedb:00000078-a-1#305,NA,NA,p.Ala102Thr,0.9643994733052108,0.761891160332237,1.1669077862781798
urn:mavedb:00000078-a-1#306,NA,NA,p.Ala102Ser,0.996146486035475,0.753176362115967,1.23911660995498
urn:mavedb:00000078-a-1#307,NA,NA,p.Ala102Pro,1.06182561650114,0.8964632141226079,1.22718801887967
urn:mavedb:00000078-a-1#308,NA,NA,p.Ala102Met,0.50326875668453,-0.21006638774512,1.21660390111418
urn:mavedb:00000078-a-1#309,NA,NA,p.Ala102Leu,1.0145779345564,0.78731961766991,1.2418362514428798
urn:mavedb:00000078-a-1#310,NA,NA,p.Ala102Lys,1.0506864066727,0.8022777104483481,1.29909510289706
urn:mavedb:00000078-a-1#311,NA,NA,p.Ala102Ile,1.18085403241231,1.13864829904696,1.22305976577767
urn:mavedb:00000078-a-1#312,NA,NA,p.Ala102Phe,0.7024969648584231,0.480016500684707,0.924977429032138
urn:mavedb:00000078-a-1#313,NA,NA,p.Ala102Glu,0.73138941923641,0.615734648074793,0.847044190398027
urn:mavedb:00000078-a-1#314,NA,NA,p.Trp101Ser,1.08311498995825,0.782579206124295,1.3836507737922
urn:mavedb:00000078-a-1#315,NA,NA,p.Trp101Met,1.23476069459574,0.92471228263714,1.54480910655434
urn:mavedb:00000078-a-1#316,NA,NA,p.Trp101Leu,0.0424073491217787,-0.488403196645555,0.5732178948891129
urn:mavedb:00000078-a-1#317,NA,NA,p.Trp101Phe,0.9710487509466672,0.8177439185060279,1.12435358338731
urn:mavedb:00000078-a-1#318,NA,NA,p.Trp101Glu,1.00023149949363,0.6918126112330921,1.30865038775418
urn:mavedb:00000078-a-1#319,NA,NA,p.Trp101Asp,0.8096650792039549,0.5013753955934861,1.11795476281442
urn:mavedb:00000078-a-1#320,NA,NA,p.Arg100Val,0.755113936675484,0.6191499497307329,0.8910779236202351
urn:mavedb:00000078-a-1#321,NA,NA,p.Arg100Thr,1.14149023551319,0.946137312356896,1.33684315866949
urn:mavedb:00000078-a-1#322,NA,NA,p.Arg100Asn,0.8513931545036949,0.5295092611921529,1.17327704781524
urn:mavedb:00000078-a-1#323,NA,NA,p.Arg100Ala,1.35993307193995,1.0431114501469398,1.67675469373297
urn:mavedb:00000078-a-1#324,NA,NA,p.Thr99Thr,0.0650890874330129,-0.997269551913094,1.12744772677912
urn:mavedb:00000078-a-1#325,NA,NA,p.Thr99Asn,1.03994301749078,0.8557323427397739,1.22415369224178
urn:mavedb:00000078-a-1#326,NA,NA,p.Arg98Asn,0.8576937554363679,0.496647172660689,1.21874033821205
urn:mavedb:00000078-a-1#327,NA,NA,p.Arg98Val,0.9097853180334908,0.617523897459528,1.20204673860745
urn:mavedb:00000078-a-1#328,NA,NA,p.Arg98Thr,0.8531040111595809,0.629838000258626,1.07637002206054
urn:mavedb:00000078-a-1#329,NA,NA,p.Arg98Ser,1.25143925800178,1.20214605847739,1.3007324575261598
urn:mavedb:00000078-a-1#330,NA,NA,p.Arg98Glu,-0.008031137089275041,-0.145515267490992,0.12945299331244198
urn:mavedb:00000078-a-1#331,NA,NA,p.Leu97Ala,-0.100368741821795,-0.263762625480968,0.0630251418373777
urn:mavedb:00000078-a-1#332,NA,NA,p.Leu97Pro,0.522592301194382,-0.43370634166839706,1.47889094405716
urn:mavedb:00000078-a-1#333,NA,NA,p.Leu97Leu,-0.258395933970271,-0.767200120731283,0.250408252790742
urn:mavedb:00000078-a-1#334,NA,NA,p.Leu97Asp,0.5990850588207459,0.25726968590052696,0.9409004317409648
urn:mavedb:00000078-a-1#335,NA,NA,p.Cys96Val,0.0427664545016384,-0.39241162200605,0.477944531009327
urn:mavedb:00000078-a-1#336,NA,NA,p.Cys96Pro,0.151023434244906,0.0926307216544292,0.20941614683538295
urn:mavedb:00000078-a-1#337,NA,NA,p.Leu94Pro,0.497207894292548,0.0755320648037394,0.9188837237813572
urn:mavedb:00000078-a-1#338,NA,NA,p.Leu92Phe,0.501144998896021,-0.607970045742461,1.6102600435345
urn:mavedb:00000078-a-1#339,NA,NA,p.Leu92Gly,0.9067656616537958,0.7839246552551999,1.02960666805239
urn:mavedb:00000078-a-1#340,NA,NA,p.Leu92Ala,1.14736128700663,1.10772018187004,1.18700239214321
urn:mavedb:00000078-a-1#341,NA,NA,p.Gln91Arg,0.4317923713985471,0.0194169948909167,0.844167747906177
urn:mavedb:00000078-a-1#342,NA,NA,p.Leu90Thr,0.907906433816364,0.516030652111778,1.29978221552095
urn:mavedb:00000078-a-1#343,NA,NA,p.Leu90Gly,0.938412440352855,0.6091417950603439,1.26768308564536
urn:mavedb:00000078-a-1#344,NA,NA,p.Leu90Asp,1.27944859752059,1.05963207533154,1.4992651197096398
urn:mavedb:00000078-a-1#345,NA,NA,p.Leu90Ala,0.8858852084490692,0.378953106085831,1.39281731081231
urn:mavedb:00000078-a-1#346,NA,NA,p.Thr89Leu,0.10238791216286,-0.276273934365835,0.481049758691555
urn:mavedb:00000078-a-1#347,NA,NA,p.Thr89Gly,1.2239957787304,1.0341538298417,1.4138377276191003
urn:mavedb:00000078-a-1#348,NA,NA,p.Tyr88Trp,0.93305353290377,0.433779724649104,1.4323273411584398
urn:mavedb:00000078-a-1#349,NA,NA,p.Tyr88Ser,0.218057279301924,-0.413886175923852,0.8500007345276991
urn:mavedb:00000078-a-1#350,NA,NA,p.Tyr88Pro,-0.443779759003535,-0.8543430780786858,-0.0332164399283844
urn:mavedb:00000078-a-1#351,NA,NA,p.Tyr88Gly,0.295236373531723,0.168998653781494,0.421474093281952
urn:mavedb:00000078-a-1#352,NA,NA,p.Tyr88Asp,-0.594975432100859,-0.777105364759952,-0.412845499441765
urn:mavedb:00000078-a-1#353,NA,NA,p.Tyr88Ala,-0.188235225118353,-1.1300845410963898,0.7536140908596779
urn:mavedb:00000078-a-1#354,NA,NA,p.Phe87Leu,0.8320233649668171,0.5014766520903541,1.16257007784328
urn:mavedb:00000078-a-1#355,NA,NA,p.Phe87Val,0.8570988837181608,0.750290633445711,0.963907133990612
urn:mavedb:00000078-a-1#356,NA,NA,p.Phe87Arg,0.21700573982666105,0.0736142575304949,0.3603972221228279
urn:mavedb:00000078-a-1#357,NA,NA,p.Phe87Pro,0.0273198122281251,-0.5926616758310171,0.6473013002872671
urn:mavedb:00000078-a-1#358,NA,NA,p.Phe87Lys,-0.125740296944195,-0.6789197557432979,0.4274391618549071
urn:mavedb:00000078-a-1#359,NA,NA,p.Phe87Gly,0.535688691228794,0.397837455848467,0.673539926609121
urn:mavedb:00000078-a-1#360,NA,NA,p.Phe87Asp,0.429816853407285,0.0124336072337437,0.8472000995808259
urn:mavedb:00000078-a-1#361,NA,NA,p.Ile86Arg,0.13907026369547,0.0748708816992556,0.203269645691684
urn:mavedb:00000078-a-1#362,NA,NA,p.Ile86Leu,1.03137799176362,0.951248556783012,1.11150742674423
urn:mavedb:00000078-a-1#363,NA,NA,p.Ile86Ile,0.520721668703688,0.007150319437693059,1.03429301796968
urn:mavedb:00000078-a-1#364,NA,NA,p.Ile86Phe,0.96706513115742,0.857569145925084,1.0765611163897602
urn:mavedb:00000078-a-1#365,NA,NA,p.Cys85Val,0.910406627165562,0.6384305327762491,1.18238272155488
urn:mavedb:00000078-a-1#366,NA,NA,p.Cys85Thr,1.2239957787304,1.0341538298417,1.4138377276191003
urn:mavedb:00000078-a-1#367,NA,NA,p.Cys85Ser,1.01044057847044,0.472509404536521,1.54837175240436
urn:mavedb:00000078-a-1#368,NA,NA,p.Cys85Met,1.12589400586669,0.8324212303072199,1.41936678142616
urn:mavedb:00000078-a-1#369,NA,NA,p.Cys85Leu,0.333711285631872,0.243063354084692,0.4243592171790511
urn:mavedb:00000078-a-1#370,NA,NA,p.Cys85Lys,0.29481561273809803,0.20984407739671104,0.379787148079485
urn:mavedb:00000078-a-1#371,NA,NA,p.Cys85Gly,1.01792525527006,0.876264415149953,1.15958609539017
urn:mavedb:00000078-a-1#372,NA,NA,p.Cys85Asp,0.7558525154764358,0.242194567433,1.26951046351987
urn:mavedb:00000078-a-1#373,NA,NA,p.Gly84Val,-0.21714004218291505,-0.472919907267432,0.0386398229016007
urn:mavedb:00000078-a-1#374,NA,NA,p.Gly84Thr,-0.331467858035606,-1.03006314551612,0.367127429444905
urn:mavedb:00000078-a-1#375,NA,NA,p.Gly84Arg,-0.191317710954615,-0.4167686175051961,0.0341331955959664
urn:mavedb:00000078-a-1#376,NA,NA,p.Gly84Gln,-0.0977051567037855,-0.355958406112853,0.160548092705282
urn:mavedb:00000078-a-1#377,NA,NA,p.Gly84Pro,-0.5978035504746739,-0.623815592536954,-0.571791508412395
urn:mavedb:00000078-a-1#378,NA,NA,p.Gly84Asn,-0.17558406434494905,-0.43213197912395,0.080963850434052
urn:mavedb:00000078-a-1#379,NA,NA,p.Gly84Leu,-0.0374292375820561,-0.250649864927495,0.175791389763382
urn:mavedb:00000078-a-1#380,NA,NA,p.Gly84Lys,-0.0949236790102144,-0.386488094873368,0.19664073685293895
urn:mavedb:00000078-a-1#381,NA,NA,p.Gly84Glu,-0.0126097521137121,-0.437752311458743,0.412532807231318
urn:mavedb:00000078-a-1#382,NA,NA,p.Gly84Phe,-0.635792991687683,-1.69476827232957,0.423182288954208
urn:mavedb:00000078-a-1#383,NA,NA,p.Gly84Ala,0.736792343235504,0.565392943340854,0.908191743130154
urn:mavedb:00000078-a-1#384,NA,NA,p.Phe83Arg,-0.0549577281627781,-0.32489179554664505,0.21497633922108805
urn:mavedb:00000078-a-1#385,NA,NA,p.Phe83Leu,0.884664600576715,0.500632950770074,1.26869625038336
urn:mavedb:00000078-a-1#386,NA,NA,p.Ile82Lys,0.900200174768459,0.519029093541483,1.28137125599544
urn:mavedb:00000078-a-1#387,NA,NA,p.Ile82Thr,1.31852972064535,0.92055902147566,1.71650041981504
urn:mavedb:00000078-a-1#388,NA,NA,p.Ile82Arg,0.7484601842419809,-0.7668262749617621,2.26374664344572
urn:mavedb:00000078-a-1#389,NA,NA,p.Ile82Leu,0.656555737532203,0.18771432285333306,1.12539715221107
urn:mavedb:00000078-a-1#390,NA,NA,p.Ile82Ile,1.15968622740087,1.09326497116279,1.22610748363896
urn:mavedb:00000078-a-1#391,NA,NA,p.Ile82His,0.9922270348646792,0.8907308820689871,1.09372318766037
urn:mavedb:00000078-a-1#392,NA,NA,p.Ile82Gly,0.911969678565254,0.785935285491058,1.03800407163945
urn:mavedb:00000078-a-1#393,NA,NA,p.Ile82Cys,0.318063250840743,-0.201777161922305,0.8379036636037921
urn:mavedb:00000078-a-1#394,NA,NA,p.Ser81Arg,-0.233655576618584,-0.357409088123788,-0.109902065113379
urn:mavedb:00000078-a-1#395,NA,NA,p.Ser81Gln,1.17474347978254,0.8111314139042571,1.53835554566082
urn:mavedb:00000078-a-1#396,NA,NA,p.Asn80Tyr,-0.315076319038021,-1.4151219316233798,0.784969293547342
urn:mavedb:00000078-a-1#397,NA,NA,p.Asn80Trp,-0.0939217766045025,-0.341064077904574,0.153220524695569
urn:mavedb:00000078-a-1#398,NA,NA,p.Asn80Thr,0.8852245531867421,0.573639138435929,1.19680996793755
urn:mavedb:00000078-a-1#399,NA,NA,p.Asn80Arg,0.4112997108763611,-0.0180941296167067,0.840693551369429
urn:mavedb:00000078-a-1#400,NA,NA,p.Asn80Pro,0.0380979390759407,-0.131637366324132,0.207833244476013
urn:mavedb:00000078-a-1#401,NA,NA,p.Asn80Met,-0.0267545395694612,-0.145305402131109,0.0917963229921863
urn:mavedb:00000078-a-1#402,NA,NA,p.Asn80Leu,0.00833643116057586,-0.11318050095233198,0.129853363273484
urn:mavedb:00000078-a-1#403,NA,NA,p.Asn80Gly,0.433216755929867,0.276023254924014,0.59041025693572
urn:mavedb:00000078-a-1#404,NA,NA,p.Asn80Glu,0.943832588123972,0.651676673706914,1.23598850254103
urn:mavedb:00000078-a-1#405,NA,NA,p.Asn80Asp,-1.02770756498187,-1.6937170277227602,-0.3616981022409809
urn:mavedb:00000078-a-1#406,NA,NA,p.Ser79Gly,0.883255112474771,0.6765685691660871,1.08994165578345
urn:mavedb:00000078-a-1#407,NA,NA,p.Ser79Thr,0.468523935125516,-1.59542749031373,2.53247536056476
urn:mavedb:00000078-a-1#408,NA,NA,p.Glu67His,0.991968466029744,0.701841888225728,1.28209504383376
urn:mavedb:00000078-a-1#409,NA,NA,p.Glu67Gly,1.1529299808153,0.902181806734634,1.40367815489596
urn:mavedb:00000078-a-1#410,NA,NA,p.Glu67Cys,0.897243290550081,0.0669782329691107,1.7275083481310505
urn:mavedb:00000078-a-1#411,NA,NA,p.Val66Met,1.2239957787304,1.0341538298417,1.4138377276191003
urn:mavedb:00000078-a-1#412,NA,NA,p.Val66Asp,0.674711482337989,0.60979322029298,0.7396297443829991
urn:mavedb:00000078-a-1#413,NA,NA,p.Val66Glu,1.06928164331762,0.895186941199219,1.24337634543603
urn:mavedb:00000078-a-1#414,NA,NA,p.Leu65Thr,0.7656598378427191,0.3114502163515169,1.21986945933392
urn:mavedb:00000078-a-1#415,NA,NA,p.Leu65Val,0.870195300972274,0.725187852696206,1.01520274924834
urn:mavedb:00000078-a-1#416,NA,NA,p.Leu65Ser,1.2239957787304,1.0341538298417,1.4138377276191003
urn:mavedb:00000078-a-1#417,NA,NA,p.Leu65Gln,1.17729136334021,1.07898838653528,1.27559434014513
urn:mavedb:00000078-a-1#418,NA,NA,p.Leu65Pro,0.189058766251749,0.0217921544496948,0.356325378053803
urn:mavedb:00000078-a-1#419,NA,NA,p.Leu65Asn,0.14781100637857994,-0.0425969199188954,0.33821893267605496
urn:mavedb:00000078-a-1#420,NA,NA,p.Gly64Leu,0.936788287442345,0.42105179161972905,1.4525247832649602
urn:mavedb:00000078-a-1#421,NA,NA,p.Phe63Val,1.16390765255188,1.09183626687157,1.2359790382321798
urn:mavedb:00000078-a-1#422,NA,NA,p.Phe63Ser,0.434014680474168,-0.0579109521806075,0.925940313128943
urn:mavedb:00000078-a-1#423,NA,NA,p.Phe63Pro,-0.0986085502002054,-0.364800367332096,0.16758326693168502
urn:mavedb:00000078-a-1#424,NA,NA,p.Phe63Asn,1.08412611740954,0.8785318297604481,1.2897204050586202
urn:mavedb:00000078-a-1#425,NA,NA,p.Phe63Met,0.35112910359621,0.13880162285696698,0.563456584335454
urn:mavedb:00000078-a-1#426,NA,NA,p.Gly62Val,0.8417234310974591,0.612907738259916,1.070539123935
urn:mavedb:00000078-a-1#427,NA,NA,p.Gly62Arg,0.0621946176755412,-0.0174652680928605,0.141854503443943
urn:mavedb:00000078-a-1#428,NA,NA,p.Gly62Gln,0.351799439528924,0.0817902562879899,0.6218086227698579
urn:mavedb:00000078-a-1#429,NA,NA,p.Gly62Leu,0.652743524664386,0.340661104320408,0.9648259450083628
urn:mavedb:00000078-a-1#430,NA,NA,p.Gly62Phe,0.982198055570905,0.92051679722947,1.04387931391234
urn:mavedb:00000078-a-1#431,NA,NA,p.Gly62Ala,1.24826838624598,1.06286350553157,1.43367326696039
urn:mavedb:00000078-a-1#432,NA,NA,p.Arg61Ser,0.851780704737167,0.4583564165779521,1.2452049928963798
urn:mavedb:00000078-a-1#433,NA,NA,p.Arg61Arg,-0.17030058023477498,-0.4360649585603,0.0954637980907496
urn:mavedb:00000078-a-1#434,NA,NA,p.Arg61Pro,0.401028048184408,0.216229573740232,0.5858265226285849
urn:mavedb:00000078-a-1#435,NA,NA,p.Arg61Asn,0.6775150867771711,0.371830831703234,0.983199341851108
urn:mavedb:00000078-a-1#436,NA,NA,p.Arg61Ile,0.666990608182662,0.0181996476200276,1.3157815687453
urn:mavedb:00000078-a-1#437,NA,NA,p.Gly60Tyr,0.287485680426788,-0.182719944438204,0.7576913052917809
urn:mavedb:00000078-a-1#438,NA,NA,p.Gly60Ter,-0.22293792723963,-0.456834144995041,0.0109582905157815
urn:mavedb:00000078-a-1#439,NA,NA,p.Gly60Trp,-0.520236125778272,-0.9020264963372192,-0.138445755219325
urn:mavedb:00000078-a-1#440,NA,NA,p.Gly60Thr,1.12979748285763,1.0207496255883102,1.23884534012694
urn:mavedb:00000078-a-1#441,NA,NA,p.Gly60Asn,0.7639376190803181,-0.00413538562395133,1.53201062378459
urn:mavedb:00000078-a-1#442,NA,NA,p.Gly60Met,0.301021486662372,-0.600981699137231,1.20302467246197
urn:mavedb:00000078-a-1#443,NA,NA,p.Gly60Leu,0.063921955287095,-0.14079934216562698,0.268643252739817
urn:mavedb:00000078-a-1#444,NA,NA,p.Gly60Lys,0.473228682384978,0.26086947477981604,0.6855878899901401
urn:mavedb:00000078-a-1#445,NA,NA,p.Trp59Ala,0.220105153606249,0.127851067832765,0.31235923937973303
urn:mavedb:00000078-a-1#446,NA,NA,p.Trp59Val,0.98879422912197,0.867979348107478,1.10960911013646
urn:mavedb:00000078-a-1#447,NA,NA,p.Trp59Thr,0.713361575365558,0.0775755035252659,1.34914764720585
urn:mavedb:00000078-a-1#448,NA,NA,p.Trp59Gln,0.807685505044238,0.34484564073692503,1.27052536935155
urn:mavedb:00000078-a-1#449,NA,NA,p.Trp59Leu,0.847069403193266,0.101543277596113,1.59259552879042
urn:mavedb:00000078-a-1#450,NA,NA,p.Trp59Ile,1.11105997528039,0.98687381335151,1.23524613720927
urn:mavedb:00000078-a-1#451,NA,NA,p.Arg58Met,-0.211719606086416,-0.454887392551106,0.031448180378275
urn:mavedb:00000078-a-1#452,NA,NA,p.Arg58Thr,0.9735996862031228,0.810418332620874,1.1367810397853702
urn:mavedb:00000078-a-1#453,NA,NA,p.Arg58Leu,0.939666818627412,0.393403836613012,1.48592980064181
urn:mavedb:00000078-a-1#454,NA,NA,p.Arg58Ile,0.887589512324286,0.221481341273566,1.5536976833750098
urn:mavedb:00000078-a-1#455,NA,NA,p.Arg58Asp,0.893661903187899,0.646651924387563,1.14067188198824
urn:mavedb:00000078-a-1#456,NA,NA,p.Arg58Gly,0.8805695628926692,0.6932010196311271,1.06793810615421
urn:mavedb:00000078-a-1#457,NA,NA,p.Ser57Val,1.24652684787409,0.707433111289292,1.7856205844588795
urn:mavedb:00000078-a-1#458,NA,NA,p.Ser57Thr,0.8483034805713909,0.3724261860426339,1.32418077510015
urn:mavedb:00000078-a-1#459,NA,NA,p.Ser57Gln,0.8946592176014609,0.7983775314556829,0.990940903747239
urn:mavedb:00000078-a-1#460,NA,NA,p.Ser57Pro,0.20325910885073106,-0.0822582189960574,0.48877643669752
urn:mavedb:00000078-a-1#461,NA,NA,p.Ser57Leu,0.6338271375539449,0.536423589988114,0.7312306851197771
urn:mavedb:00000078-a-1#462,NA,NA,p.Ser57Ala,0.84855347207487,0.544626256197024,1.15248068795272
urn:mavedb:00000078-a-1#463,NA,NA,p.Ser56Thr,0.9124695346864532,0.81219180955685,1.01274725981606
urn:mavedb:00000078-a-1#464,NA,NA,p.Ser56Ser,1.17821643685748,1.12143223318316,1.2350006405317902
urn:mavedb:00000078-a-1#465,NA,NA,p.Ser56Leu,1.17326974930963,0.884006609677513,1.46253288894175
urn:mavedb:00000078-a-1#466,NA,NA,p.Ser56Cys,0.6807534097430129,0.237510859755322,1.12399595973071
urn:mavedb:00000078-a-1#467,NA,NA,p.Ser56Ala,0.952885863810923,0.6113621436057379,1.29440958401611
urn:mavedb:00000078-a-1#468,NA,NA,p.Phe55Thr,0.8535331468785459,0.584289702287796,1.1227765914693002
urn:mavedb:00000078-a-1#469,NA,NA,p.Phe55Gly,-0.18728907623181495,-0.251910649867792,-0.122667502595839
urn:mavedb:00000078-a-1#470,NA,NA,p.Phe55Ile,0.39493194764776,-0.603370844618973,1.39323473991449
urn:mavedb:00000078-a-1#471,NA,NA,p.Phe55Cys,0.495187326873425,0.28843629403639304,0.701938359710458
urn:mavedb:00000078-a-1#472,NA,NA,p.Val54Tyr,0.15336208178241,-0.13728964284018402,0.444013806405004
urn:mavedb:00000078-a-1#473,NA,NA,p.Val54Trp,0.50555058148831,0.335190350029353,0.6759108129472672
urn:mavedb:00000078-a-1#474,NA,NA,p.Val54Arg,-0.201711878557214,-0.8748517792301129,0.471428022115686
urn:mavedb:00000078-a-1#475,NA,NA,p.Arg53Met,0.9984367928294692,0.69814760418725,1.29872598147169
urn:mavedb:00000078-a-1#476,NA,NA,p.Arg53Ile,0.906245398893013,0.626551168155304,1.18593962963072
urn:mavedb:00000078-a-1#477,NA,NA,p.Arg53His,1.17624623130183,0.947493050424721,1.40499941217894
urn:mavedb:00000078-a-1#478,NA,NA,p.Ser52Pro,0.898341256166864,0.5476110227581421,1.24907148957559
urn:mavedb:00000078-a-1#479,NA,NA,p.Ser52Lys,0.5259901493321439,0.33786813883102296,0.7141121598332649
urn:mavedb:00000078-a-1#480,NA,NA,p.Ser52Ile,0.574136996178825,-0.0414364889257427,1.18971048128339
urn:mavedb:00000078-a-1#481,NA,NA,p.Ser52Phe,0.930830973546548,0.821389359356423,1.04027258773667
urn:mavedb:00000078-a-1#482,NA,NA,p.Ser52Asp,0.4668510833459579,0.324112513650623,0.609589653041293
urn:mavedb:00000078-a-1#483,NA,NA,p.Cys51Gln,0.87640763560663,0.576974420106024,1.17584085110724
urn:mavedb:00000078-a-1#484,NA,NA,p.Cys51Tyr,0.538925746938142,0.3680886316711661,0.709762862205119
urn:mavedb:00000078-a-1#485,NA,NA,p.Cys51Val,0.681002514496987,0.648838004006144,0.7131670249878299
urn:mavedb:00000078-a-1#486,NA,NA,p.Cys51Arg,0.586717032216877,-0.0288218908270867,1.20225595526084
urn:mavedb:00000078-a-1#487,NA,NA,p.Cys51Met,0.668898681956184,0.427090785836878,0.91070657807549
urn:mavedb:00000078-a-1#488,NA,NA,p.Cys51Glu,0.549307993503824,0.4061548034893621,0.6924611835182869
urn:mavedb:00000078-a-1#489,NA,NA,p.Ser50Thr,0.9284750701735872,0.784991120780091,1.07195901956708
urn:mavedb:00000078-a-1#490,NA,NA,p.Ser50Phe,1.22052150370608,1.0461985730849102,1.39484443432726
urn:mavedb:00000078-a-1#491,NA,NA,p.Phe131Ala,0.8407266043597671,0.7461238224611708,0.9353293862583628
urn:mavedb:00000078-a-1#492,NA,NA,p.Phe131Met,1.17217897822095,1.06105046331379,1.28330749312811
urn:mavedb:00000078-a-1#493,NA,NA,p.Phe131His,0.9704680433646032,0.8959477864356071,1.0449883002936
urn:mavedb:00000078-a-1#494,NA,NA,p.Phe131Gly,0.362609163164142,-0.22668928264086,0.9519076089691428
urn:mavedb:00000078-a-1#495,NA,NA,p.Phe131Glu,0.777152192911095,0.6928647196339521,0.861439666188239
urn:mavedb:00000078-a-1#496,NA,NA,p.Asp130Ter,0.165892211562897,-0.21627169433614896,0.548056117461944
urn:mavedb:00000078-a-1#497,NA,NA,p.Asp130Val,0.548164766712076,0.361378843139703,0.7349506902844479
urn:mavedb:00000078-a-1#498,NA,NA,p.Asp130Thr,0.7601734131426451,0.5905205053693979,0.929826320915893
urn:mavedb:00000078-a-1#499,NA,NA,p.Asp130Ser,0.97969820030161,0.7690444521431591,1.19035194846006
urn:mavedb:00000078-a-1#500,NA,NA,p.Asp130Arg,0.0766978645922235,-0.187375962847344,0.340771692031791
urn:mavedb:00000078-a-1#501,NA,NA,p.Asp130Pro,0.759285794832333,0.5805028193909371,0.93806877027373
urn:mavedb:00000078-a-1#502,NA,NA,p.Asp130His,0.884789506406794,0.755693200713532,1.01388581210005
urn:mavedb:00000078-a-1#503,NA,NA,p.Asp130Leu,0.5667109888578741,0.462156582355414,0.671265395360333
urn:mavedb:00000078-a-1#504,NA,NA,p.Asp130Lys,1.28695273059993,0.827092268201033,1.74681319299883
urn:mavedb:00000078-a-1#505,NA,NA,p.Asp130Ile,0.7531757617769541,0.430922985210073,1.07542853834383
urn:mavedb:00000078-a-1#506,NA,NA,p.Asp130Gly,0.8546208227631341,0.567819182577558,1.14142246294871
urn:mavedb:00000078-a-1#507,NA,NA,p.Asp130Phe,0.150258845282567,-0.293980326290349,0.5944980168554821
urn:mavedb:00000078-a-1#508,NA,NA,p.Tyr129Val,0.967728884384799,0.6743087443857579,1.26114902438384
urn:mavedb:00000078-a-1#509,NA,NA,p.Tyr129Ser,0.920549480763109,0.789917997990382,1.05118096353584
urn:mavedb:00000078-a-1#510,NA,NA,p.Tyr129Leu,1.1017365945371398,0.9745595762637428,1.22891361281054
urn:mavedb:00000078-a-1#511,NA,NA,p.Tyr129Gly,0.952061157935896,0.807161042387869,1.09696127348392
urn:mavedb:00000078-a-1#512,NA,NA,p.Tyr129Cys,0.683280055933097,0.0591019444073838,1.3074581674588102
urn:mavedb:00000078-a-1#513,NA,NA,p.Tyr129Ala,1.0701646458899,0.75449850464686,1.38583078713294
urn:mavedb:00000078-a-1#514,NA,NA,p.Leu128Pro,-0.0787891141046783,-0.18206010732226,0.0244818791129036
urn:mavedb:00000078-a-1#515,NA,NA,p.Leu128Val,0.217858455450462,-0.5531909516214311,0.9889078625223552
urn:mavedb:00000078-a-1#516,NA,NA,p.Leu128Thr,0.994048084934928,0.7332008356564671,1.25489533421339
urn:mavedb:00000078-a-1#517,NA,NA,p.Leu128His,0.823022640209236,0.20164240971927494,1.4444028706992
urn:mavedb:00000078-a-1#518,NA,NA,p.Val127Phe,1.06234250393352,0.8314386942620922,1.29324631360496
urn:mavedb:00000078-a-1#519,NA,NA,p.Phe126Arg,1.17430153312831,1.14262909896942,1.2059739672872
urn:mavedb:00000078-a-1#520,NA,NA,p.Phe126Pro,0.376514727019736,0.135363519677946,0.617665934361526
urn:mavedb:00000078-a-1#521,NA,NA,p.Phe126Asn,1.00692407391596,0.8771299611598671,1.1367181866720502
urn:mavedb:00000078-a-1#522,NA,NA,p.Phe125Tyr,1.03413942098359,0.840306360801542,1.2279724811656298
urn:mavedb:00000078-a-1#523,NA,NA,p.Phe125Val,1.27415128035202,1.18261230826825,1.3656902524358
urn:mavedb:00000078-a-1#524,NA,NA,p.Phe125Ser,0.850736983827741,0.6842672917131529,1.01720667594233
urn:mavedb:00000078-a-1#525,NA,NA,p.Phe125Asn,0.487378765083586,0.182844861215208,0.7919126689519641
urn:mavedb:00000078-a-1#526,NA,NA,p.Phe125Asp,0.344346563140089,-0.239419448153115,0.928112574433292
urn:mavedb:00000078-a-1#527,NA,NA,p.Phe125Gly,1.1381641040328898,1.04563773871682,1.23069046934897
urn:mavedb:00000078-a-1#528,NA,NA,p.Ser50Ala,1.00626550424484,0.757388052907548,1.2551429555821298
urn:mavedb:00000078-a-1#529,NA,NA,p.Ile49His,1.02393803025298,0.8186631904093841,1.22921287009658
urn:mavedb:00000078-a-1#530,NA,NA,p.Ile49Ser,0.6621049882253199,0.14726623973160094,1.17694373671904
urn:mavedb:00000078-a-1#531,NA,NA,p.Ile49Leu,0.0457679769523064,-0.642318557891519,0.733854511796132
urn:mavedb:00000078-a-1#532,NA,NA,p.Ala48Arg,0.319509177686874,-0.15439283671470402,0.793411192088452
urn:mavedb:00000078-a-1#533,NA,NA,p.Ala48Ser,1.18387053595321,0.77387919501847,1.5938618768879398
urn:mavedb:00000078-a-1#534,NA,NA,p.Ala48Ala,1.27325939721585,1.06501515363177,1.48150364079992
urn:mavedb:00000078-a-1#535,NA,NA,p.Thr47Gln,1.08160125748259,0.7876249014613579,1.3755776135038102
urn:mavedb:00000078-a-1#536,NA,NA,p.Thr47Ser,1.19772953422247,1.10340714420367,1.29205192424128
urn:mavedb:00000078-a-1#537,NA,NA,p.Thr47Ile,0.8952904727447409,0.276762616713132,1.51381832877635
urn:mavedb:00000078-a-1#538,NA,NA,p.Thr47Phe,0.703067021204138,-0.21488258461876106,1.62101662702704
urn:mavedb:00000078-a-1#539,NA,NA,p.Thr47Cys,0.959562935105775,0.798292454896435,1.12083341531512
urn:mavedb:00000078-a-1#540,NA,NA,p.Gly46Ter,-0.0829166211540704,-0.2454302123358,0.0795969700276595
urn:mavedb:00000078-a-1#541,NA,NA,p.Gly46Ala,0.979375049569817,0.664332737073562,1.2944173620660702
urn:mavedb:00000078-a-1#542,NA,NA,p.Val45Val,0.8817224629696679,0.7199753774054649,1.04346954853387
urn:mavedb:00000078-a-1#543,NA,NA,p.Val45Ser,-0.0372533768231569,-0.652713031524451,0.578206277878137
urn:mavedb:00000078-a-1#544,NA,NA,p.Asp44Arg,0.847398048119917,0.260063699395691,1.43473239684414
urn:mavedb:00000078-a-1#545,NA,NA,p.Asp44Pro,0.0702438244899012,-0.35724049823523,0.497728147215033
urn:mavedb:00000078-a-1#546,NA,NA,p.Asp44Ile,0.273873375296673,0.109188794480666,0.43855795611268
urn:mavedb:00000078-a-1#547,NA,NA,p.Asp44Lys,0.265054133794355,-0.215904160723754,0.7460124283124641
urn:mavedb:00000078-a-1#548,NA,NA,p.Asp44His,0.028898124948079,-0.665916228944676,0.723712478840834
urn:mavedb:00000078-a-1#549,NA,NA,p.Cys43Ile,0.0300289016085673,-0.177390572480567,0.237448375697702
urn:mavedb:00000078-a-1#550,NA,NA,p.Leu42Ser,0.7938668259334309,0.3993794324320429,1.1883542194348202
urn:mavedb:00000078-a-1#551,NA,NA,p.Leu42Ala,0.919934643363294,0.698074184378493,1.1417951023481
urn:mavedb:00000078-a-1#552,NA,NA,p.Ala41Leu,0.6889658149837479,0.59729050428424,0.7806411256832559
urn:mavedb:00000078-a-1#553,NA,NA,p.Arg40Trp,1.18726890920653,1.04311944309566,1.3314183753174
urn:mavedb:00000078-a-1#554,NA,NA,p.Arg40Val,0.914993724611583,0.784921373906157,1.04506607531701
urn:mavedb:00000078-a-1#555,NA,NA,p.Arg40Thr,0.9006492081441451,0.787853384054631,1.01344503223366
urn:mavedb:00000078-a-1#556,NA,NA,p.Arg40Ser,1.1190933932959,0.969956746872906,1.26823003971889
urn:mavedb:00000078-a-1#557,NA,NA,p.Arg40Gly,0.7751528027279421,0.457301805987851,1.09300379946803
urn:mavedb:00000078-a-1#558,NA,NA,p.Arg40Ile,1.26575475246611,0.998972995820273,1.53253650911194
urn:mavedb:00000078-a-1#559,NA,NA,p.Arg40Asp,1.28864589442178,1.0515295784287,1.5257622104148605
urn:mavedb:00000078-a-1#560,NA,NA,p.Tyr39Arg,0.712557261146901,0.31216227146562503,1.11295225082818
urn:mavedb:00000078-a-1#561,NA,NA,p.Tyr39Gln,1.00116069009424,0.831258877163017,1.17106250302546
urn:mavedb:00000078-a-1#562,NA,NA,p.Tyr39Gly,1.09654558645494,0.721814704902778,1.4712764680071002
urn:mavedb:00000078-a-1#563,NA,NA,p.Tyr39Glu,0.954873971544492,0.803222129528662,1.1065258135603202
urn:mavedb:00000078-a-1#564,NA,NA,p.Asp38Asn,1.37522898439904,1.08838680013651,1.66207116866157
urn:mavedb:00000078-a-1#565,NA,NA,p.Arg37Tyr,1.17217897822095,1.06105046331379,1.28330749312811
urn:mavedb:00000078-a-1#566,NA,NA,p.Arg37Thr,1.32435779427101,0.937809909506857,1.71090567903516
urn:mavedb:00000078-a-1#567,NA,NA,p.Arg37Gly,0.908023376051714,0.666727353706104,1.14931939839732
urn:mavedb:00000078-a-1#568,NA,NA,p.Asp36Gln,1.31852972064535,0.92055902147566,1.71650041981504
urn:mavedb:00000078-a-1#569,NA,NA,p.Ala34Leu,1.08778830263431,0.630984606172178,1.54459199909644
urn:mavedb:00000078-a-1#570,NA,NA,p.Arg33His,1.06716933421558,0.607390764727365,1.5269479037038
urn:mavedb:00000078-a-1#571,NA,NA,p.Arg33Ter,-0.0712077451790299,-0.6907954389246689,0.548379948566609
urn:mavedb:00000078-a-1#572,NA,NA,p.Arg33Cys,1.27415128035202,1.18261230826825,1.3656902524358
urn:mavedb:00000078-a-1#573,NA,NA,p.Ala32Thr,1.12304575572661,0.826670691213304,1.41942082023992
urn:mavedb:00000078-a-1#574,NA,NA,p.Ala31Ser,1.1705645098848998,0.8208166139664429,1.52031240580336
urn:mavedb:00000078-a-1#575,NA,NA,p.Ala31Gln,1.0027042968579,0.704610117408773,1.30079847630702
urn:mavedb:00000078-a-1#576,NA,NA,p.Val29Val,1.28864589442178,1.0515295784287,1.5257622104148605
urn:mavedb:00000078-a-1#577,NA,NA,p.Val29Arg,-0.291978480279098,-0.542249344051029,-0.0417076165071679
urn:mavedb:00000078-a-1#578,NA,NA,p.Val29Gln,0.52602142209477,0.28110265958119,0.770940184608349
urn:mavedb:00000078-a-1#579,NA,NA,p.Val29Phe,0.20764457556775,-0.337192027069227,0.7524811782047259
urn:mavedb:00000078-a-1#580,NA,NA,p.Val29His,0.6036932861668179,0.54806917246394,0.6593173998696961
urn:mavedb:00000078-a-1#581,NA,NA,p.Val29Gly,0.805496260212664,0.425665322565352,1.18532719785997
urn:mavedb:00000078-a-1#582,NA,NA,p.Val29Cys,1.08425533674272,0.995818431591537,1.17269224189389
urn:mavedb:00000078-a-1#583,NA,NA,p.His28Tyr,1.09964268085088,0.5346855731312721,1.66459978857049
urn:mavedb:00000078-a-1#584,NA,NA,p.His28Asp,1.33044269057626,1.1313800292074,1.52950535194512
urn:mavedb:00000078-a-1#585,NA,NA,p.Leu27Glu,1.37522898439904,1.08838680013651,1.66207116866157
urn:mavedb:00000078-a-1#586,NA,NA,p.Ala26Arg,0.10739018611077497,-0.16659141710062,0.381371789322169
urn:mavedb:00000078-a-1#587,NA,NA,p.Ala26Lys,-0.283230568263102,-0.5155298266790921,-0.0509313098471121
urn:mavedb:00000078-a-1#588,NA,NA,p.Ala26Gly,0.8875283519878531,0.773347891929615,1.00170881204609
urn:mavedb:00000078-a-1#589,NA,NA,p.Ala26Ala,1.0253096653499398,0.956584793022915,1.09403453767696
urn:mavedb:00000078-a-1#590,NA,NA,p.Leu24Thr,0.373109375068186,-0.216230058980988,0.96244880911736
urn:mavedb:00000078-a-1#591,NA,NA,p.Leu24Asn,0.87941502649472,0.5261385873147411,1.2326914656747
urn:mavedb:00000078-a-1#592,NA,NA,p.Leu24Glu,1.16383364801108,0.978399579073544,1.34926771694862
urn:mavedb:00000078-a-1#593,NA,NA,p.Ser23Ala,1.0729065357871002,0.8962401154086651,1.24957295616553
urn:mavedb:00000078-a-1#594,NA,NA,p.Ser23Pro,-0.6044262238900461,-0.738212603334779,-0.470639844445312
urn:mavedb:00000078-a-1#595,NA,NA,p.Leu22Arg,-0.128908823465518,-0.564649288756544,0.306831641825508
urn:mavedb:00000078-a-1#596,NA,NA,p.Leu22Leu,1.13320794974292,1.04740455690768,1.21901134257817
urn:mavedb:00000078-a-1#597,NA,NA,p.Leu22Gly,0.45581232093645,0.0762885336933362,0.8353361081795629
urn:mavedb:00000078-a-1#598,NA,NA,p.Val21Tyr,1.11130279514087,0.923793929652348,1.2988116606293998
urn:mavedb:00000078-a-1#599,NA,NA,p.Val21Ile,0.964391942743834,0.5112022159847159,1.41758166950295
urn:mavedb:00000078-a-1#600,NA,NA,p.Val21Gly,0.9032849783111758,0.559634152842941,1.24693580377941
urn:mavedb:00000078-a-1#601,NA,NA,p.Leu20Ser,1.1071116955086,0.6793157486139899,1.5349076424032102
urn:mavedb:00000078-a-1#602,NA,NA,p.Leu20Arg,0.229834198071224,-0.578371924541456,1.0380403206839
urn:mavedb:00000078-a-1#603,NA,NA,p.Leu20Gly,1.11487983896791,1.00383127919548,1.22592839874034
urn:mavedb:00000078-a-1#604,NA,NA,p.Thr18Leu,0.9636208613052808,0.634963332483728,1.29227839012683
urn:mavedb:00000078-a-1#605,NA,NA,p.Thr18Ile,0.969536717351824,0.8270620462021708,1.11201138850148
urn:mavedb:00000078-a-1#606,NA,NA,p.Leu17Thr,1.28864589442178,1.0515295784287,1.5257622104148605
urn:mavedb:00000078-a-1#607,NA,NA,p.Leu17Gln,1.07611462080741,0.548348388025029,1.6038808535897902
urn:mavedb:00000078-a-1#608,NA,NA,p.Leu17Ala,-0.260710961262134,-0.521218195189417,-0.000203727334850967
urn:mavedb:00000078-a-1#609,NA,NA,p.Cys16Tyr,-0.536412222294354,-0.6324063763171109,-0.440418068271596
urn:mavedb:00000078-a-1#610,NA,NA,p.Cys16Ser,0.969505831658278,0.718402425952836,1.2206092373637198
urn:mavedb:00000078-a-1#611,NA,NA,p.Cys16Arg,0.945181275205656,0.558344617544724,1.33201793286659
urn:mavedb:00000078-a-1#612,NA,NA,p.Cys16Pro,1.27415128035202,1.18261230826825,1.3656902524358
urn:mavedb:00000078-a-1#613,NA,NA,p.Cys16Met,1.03165305139972,0.7772836351176999,1.28602246768173
urn:mavedb:00000078-a-1#614,NA,NA,p.Cys16Ile,0.731567849315283,0.483452880268092,0.9796828183624742
urn:mavedb:00000078-a-1#615,NA,NA,p.Cys16Phe,0.95212540650616,0.8279482360973659,1.07630257691495
urn:mavedb:00000078-a-1#616,NA,NA,p.Leu15Val,1.17217897822095,1.06105046331379,1.28330749312811
urn:mavedb:00000078-a-1#617,NA,NA,p.Leu15Arg,0.173512551137332,-0.0212567037600442,0.368281806034708
urn:mavedb:00000078-a-1#618,NA,NA,p.Leu15Asn,1.16157067890421,0.8493777826248621,1.47376357518356
urn:mavedb:00000078-a-1#619,NA,NA,p.Leu15Gly,1.07440653953605,0.8649212120935521,1.2838918669785602
urn:mavedb:00000078-a-1#620,NA,NA,p.Leu15Lys,-0.365172189200337,-0.74201396043351,0.0116695820328366
urn:mavedb:00000078-a-1#621,NA,NA,p.Ala14Pro,0.8271808443129199,0.287797908227602,1.36656378039824
urn:mavedb:00000078-a-1#622,NA,NA,p.Ala14Met,1.03742170308557,0.555736801929015,1.51910660424213
urn:mavedb:00000078-a-1#623,NA,NA,p.Ala14Ile,1.17217897822095,1.06105046331379,1.28330749312811
urn:mavedb:00000078-a-1#624,NA,NA,p.Leu13Ser,1.02174202871798,0.8151739118441659,1.22831014559179
urn:mavedb:00000078-a-1#625,NA,NA,p.Leu13Arg,0.81395852508544,0.2496234769575,1.37829357321338
urn:mavedb:00000078-a-1#626,NA,NA,p.Leu13Asn,1.17217897822095,1.06105046331379,1.28330749312811
urn:mavedb:00000078-a-1#627,NA,NA,p.Leu13Leu,1.02342991027266,0.77473996066845,1.2721198598768602
urn:mavedb:00000078-a-1#628,NA,NA,p.Leu13Ile,1.08340941691339,0.8505640372803129,1.31625479654647
urn:mavedb:00000078-a-1#629,NA,NA,p.Leu13Cys,0.9753932603691752,0.7913359594553541,1.159450561283
urn:mavedb:00000078-a-1#630,NA,NA,p.Arg12Met,1.04303986908382,0.8241210274665329,1.26195871070111
urn:mavedb:00000078-a-1#631,NA,NA,p.Arg12Asp,0.205392799512102,-0.650717584008246,1.06150318303245
urn:mavedb:00000078-a-1#632,NA,NA,p.Arg12Ala,1.0855058123866,0.9883362725275228,1.18267535224567
urn:mavedb:00000078-a-1#633,NA,NA,p.Val11Thr,0.82072801267122,0.740744949529024,0.900711075813417
urn:mavedb:00000078-a-1#634,NA,NA,p.Val11Arg,1.11230687773823,1.01866699373064,1.20594676174583
urn:mavedb:00000078-a-1#635,NA,NA,p.Val11Gly,1.13273999239393,0.747586110345588,1.51789387444227
urn:mavedb:00000078-a-1#636,NA,NA,p.Val11Glu,0.546152254035682,0.0544162397583348,1.03788826831303
urn:mavedb:00000078-a-1#637,NA,NA,p.Trp10Val,1.19104149095921,1.08261654152167,1.29946644039676
urn:mavedb:00000078-a-1#638,NA,NA,p.Trp10Met,1.28864589442178,1.0515295784287,1.5257622104148605
urn:mavedb:00000078-a-1#639,NA,NA,p.Trp10Leu,0.56762498295438,0.463378358868739,0.67187160704002
urn:mavedb:00000078-a-1#640,NA,NA,p.Trp10Gly,0.864617274626298,0.45772480285752,1.2715097463950702
urn:mavedb:00000078-a-1#641,NA,NA,p.Gly9Val,1.06533388331458,0.6513725000417371,1.4792952665874195
urn:mavedb:00000078-a-1#642,NA,NA,p.Gly9Thr,1.06849016991518,0.8139335294503259,1.32304681038004
urn:mavedb:00000078-a-1#643,NA,NA,p.Gly9Ser,0.961064544821458,0.687071096167008,1.23505799347591
urn:mavedb:00000078-a-1#644,NA,NA,p.Gly9Pro,1.08659209490133,0.8336793572187992,1.33950483258386
urn:mavedb:00000078-a-1#645,NA,NA,p.Gly9Leu,1.21518524204906,1.09250648938016,1.33786399471797
urn:mavedb:00000078-a-1#646,NA,NA,p.Pro8Ser,1.07632152836417,0.778736844153395,1.37390621257495
urn:mavedb:00000078-a-1#647,NA,NA,p.Pro8Cys,0.915580991176412,0.797653897987552,1.03350808436527
urn:mavedb:00000078-a-1#648,NA,NA,p.Pro8Asn,1.17729136334021,1.07898838653528,1.27559434014513
urn:mavedb:00000078-a-1#649,NA,NA,p.Pro8Lys,0.931222666736325,0.547239860474934,1.3152054729977198
urn:mavedb:00000078-a-1#650,NA,NA,p.Ser7Arg,0.5336616858893329,0.202569592029,0.864753779749667
urn:mavedb:00000078-a-1#651,NA,NA,p.Ser7Tyr,1.17729136334021,1.07898838653528,1.27559434014513
urn:mavedb:00000078-a-1#652,NA,NA,p.Ser7Ser,0.0451860232666251,-0.239934870233677,0.33030691676692703
urn:mavedb:00000078-a-1#653,NA,NA,p.Ser7Asn,1.22514614080754,1.11551765280605,1.33477462880904
urn:mavedb:00000078-a-1#654,NA,NA,p.Ser7Leu,1.1234157194341,1.02098160702253,1.22584983184568
urn:mavedb:00000078-a-1#655,NA,NA,p.Ser7Gly,0.875241925321463,0.59829709540434,1.15218675523859
urn:mavedb:00000078-a-1#656,NA,NA,p.Ser7Ala,0.28649585924849,0.0203772134297081,0.552614505067271
urn:mavedb:00000078-a-1#657,NA,NA,p.Gly6Tyr,1.00759239889757,0.8928448426481941,1.12233995514694
urn:mavedb:00000078-a-1#658,NA,NA,p.Gly6Ile,1.03562873362323,0.668279616328029,1.40297785091843
urn:mavedb:00000078-a-1#659,NA,NA,p.Gly6Ter,0.0249307237701568,-0.0158809179520206,0.0657423654923343
urn:mavedb:00000078-a-1#660,NA,NA,p.Gly6Trp,0.827388086586979,0.6543332793768339,1.00044289379712
urn:mavedb:00000078-a-1#661,NA,NA,p.Ser79Ser,1.08820620562321,0.911558872554162,1.26485353869227
urn:mavedb:00000078-a-1#662,NA,NA,p.Gln78Tyr,1.02133117212075,0.560948638366793,1.48171370587471
urn:mavedb:00000078-a-1#663,NA,NA,p.Gln78His,0.673119983623451,0.13659290875339095,1.20964705849351
urn:mavedb:00000078-a-1#664,NA,NA,p.Gln78Thr,1.23444517923706,0.9272115898654442,1.54167876860867
urn:mavedb:00000078-a-1#665,NA,NA,p.Gln78Ser,1.16174655641187,1.00452390188201,1.31896921094173
urn:mavedb:00000078-a-1#666,NA,NA,p.Gln78Arg,1.16168912825629,0.861045594623705,1.46233266188888
urn:mavedb:00000078-a-1#667,NA,NA,p.Gln78Leu,0.397014973559608,-0.19401828695207896,0.9880482340712952
urn:mavedb:00000078-a-1#668,NA,NA,p.Gln78Gly,0.0128070439796861,-0.37589431817057295,0.401508406129945
urn:mavedb:00000078-a-1#669,NA,NA,p.Gln78Glu,1.09033579750768,1.04668599897801,1.1339855960373502
urn:mavedb:00000078-a-1#670,NA,NA,p.Asn77Val,1.2060265443527298,1.03082516803562,1.38122792066985
urn:mavedb:00000078-a-1#671,NA,NA,p.Asn77Ser,1.06825670383616,0.754080222550374,1.38243318512194
urn:mavedb:00000078-a-1#672,NA,NA,p.Asn77Leu,0.956828573433786,0.6793466847686079,1.23431046209896
urn:mavedb:00000078-a-1#673,NA,NA,p.Asn77Ile,1.08752920331429,0.505922735640246,1.66913567098832
urn:mavedb:00000078-a-1#674,NA,NA,p.Asn77Ala,-0.219790577842484,-0.5713950234077839,0.131813867722817
urn:mavedb:00000078-a-1#675,NA,NA,p.Leu76Tyr,1.14196513072031,0.9495480295946708,1.33438223184595
urn:mavedb:00000078-a-1#676,NA,NA,p.Leu76Gly,0.8413106547244351,0.28110354314220803,1.4015177663066598
urn:mavedb:00000078-a-1#677,NA,NA,p.Leu76Thr,1.05431920830051,0.8365533868891519,1.2720850297118602
urn:mavedb:00000078-a-1#678,NA,NA,p.Leu76Arg,-0.195987154421254,-1.54595360590047,1.15397929705797
urn:mavedb:00000078-a-1#679,NA,NA,p.Leu76Gln,1.05882647471531,0.728336582773025,1.38931636665759
urn:mavedb:00000078-a-1#680,NA,NA,p.Leu76Leu,1.18297418294144,1.06957379561056,1.29637457027233
urn:mavedb:00000078-a-1#681,NA,NA,p.Leu76Lys,0.391155942516627,0.00949208681115854,0.772819798222096
urn:mavedb:00000078-a-1#682,NA,NA,p.Leu76His,0.197413329245305,-0.342764102528184,0.7375907610187951
urn:mavedb:00000078-a-1#683,NA,NA,p.Leu76Asp,0.19561711851419006,-0.104329262446488,0.495563499474868
urn:mavedb:00000078-a-1#684,NA,NA,p.Ile75Trp,0.986026136653961,0.7129667616979849,1.25908551160994
urn:mavedb:00000078-a-1#685,NA,NA,p.Ile75Pro,1.15400668237338,0.937086969852196,1.37092639489457
urn:mavedb:00000078-a-1#686,NA,NA,p.Ile75Lys,1.12835015978205,0.988604599096037,1.26809572046807
urn:mavedb:00000078-a-1#687,NA,NA,p.Ile75Gly,1.10900581950777,0.956897023586215,1.26111461542932
urn:mavedb:00000078-a-1#688,NA,NA,p.Ser74Trp,0.18059552174735105,0.0214373001807001,0.339753743314002
urn:mavedb:00000078-a-1#689,NA,NA,p.Ser74Val,0.963125266715374,0.7026806043751179,1.22356992905563
urn:mavedb:00000078-a-1#690,NA,NA,p.Ser74Ser,1.10081831475726,0.884934461701989,1.31670216781253
urn:mavedb:00000078-a-1#691,NA,NA,p.Ser74Gln,0.39902458774665295,0.319415896073058,0.478633279420247
urn:mavedb:00000078-a-1#692,NA,NA,p.Ser74Asp,0.960741564985657,0.826393588549529,1.09508954142178
urn:mavedb:00000078-a-1#693,NA,NA,p.Ser74Gly,0.142840003392574,0.050968934401509,0.234711072383638
urn:mavedb:00000078-a-1#694,NA,NA,p.Asp73Met,0.6629177046813821,-0.5982341629196589,1.92406957228242
urn:mavedb:00000078-a-1#695,NA,NA,p.Asp73Val,0.8733301939604542,-0.397215543445915,2.14387593136682
urn:mavedb:00000078-a-1#696,NA,NA,p.Asp73Thr,0.221613101044453,-1.08269686234752,1.52592306443643
urn:mavedb:00000078-a-1#697,NA,NA,p.Asp73Pro,0.887589512324286,0.221481341273566,1.5536976833750098
urn:mavedb:00000078-a-1#698,NA,NA,p.Asp73Asn,1.15106732290549,1.10416252088173,1.19797212492925
urn:mavedb:00000078-a-1#699,NA,NA,p.Asp73Gly,0.93966963319612,0.6769116398150821,1.2024276265771598
urn:mavedb:00000078-a-1#700,NA,NA,p.Asp73Asp,1.08456966148239,0.894182198402008,1.27495712456277
urn:mavedb:00000078-a-1#701,NA,NA,p.Gln72Val,1.02113173425658,0.497241797149761,1.5450216713633895
urn:mavedb:00000078-a-1#702,NA,NA,p.Gln72Gly,0.291856677218409,-1.26417238472195,1.8478857391587704
urn:mavedb:00000078-a-1#703,NA,NA,p.Gly71Ter,-0.179713308453219,-0.3539250276796161,-0.00550158922682267
urn:mavedb:00000078-a-1#704,NA,NA,p.Gly71Ala,0.661588510390741,0.5727822913450881,0.750394729436394
urn:mavedb:00000078-a-1#705,NA,NA,p.Gly71Pro,1.04415796555964,0.8457289545773159,1.24258697654196
urn:mavedb:00000078-a-1#706,NA,NA,p.Gly71Met,1.058826585141,0.780526557933068,1.33712661234893
urn:mavedb:00000078-a-1#707,NA,NA,p.Gly71Gly,0.812330970317597,0.373881325196366,1.25078061543883
urn:mavedb:00000078-a-1#708,NA,NA,p.Gly71Asp,1.10923643554009,0.905107881868811,1.31336498921137
urn:mavedb:00000078-a-1#709,NA,NA,p.Leu70Met,0.9695893726491172,0.459057689736882,1.48012105556135
urn:mavedb:00000078-a-1#710,NA,NA,p.Leu70Gln,0.840700949954323,0.0826928853716152,1.5987090145370302
urn:mavedb:00000078-a-1#711,NA,NA,p.Leu70Pro,1.18831994367768,1.04320829279333,1.33343159456202
urn:mavedb:00000078-a-1#712,NA,NA,p.Leu70Ala,1.00407778143463,0.862885302679104,1.14527026019015
urn:mavedb:00000078-a-1#713,NA,NA,p.Val69Ile,1.2052281761756498,0.9786024022034848,1.43185395014782
urn:mavedb:00000078-a-1#714,NA,NA,p.Val69Phe,-0.280388426208422,-0.338490705719048,-0.222286146697795
urn:mavedb:00000078-a-1#715,NA,NA,p.Val69Cys,0.977117357974564,0.7676948495746109,1.18653986637452
urn:mavedb:00000078-a-1#716,NA,NA,p.His68Thr,1.37522898439904,1.08838680013651,1.66207116866157
urn:mavedb:00000078-a-1#717,NA,NA,p.His68Ser,1.14637259867532,0.817077499477972,1.47566769787268
urn:mavedb:00000078-a-1#718,NA,NA,p.His68Arg,1.06792349923369,0.8999418481991708,1.23590515026821
urn:mavedb:00000078-a-1#719,NA,NA,p.His68Pro,1.22514614080754,1.11551765280605,1.33477462880904
urn:mavedb:00000078-a-1#720,NA,NA,p.His68Leu,1.22514614080754,1.11551765280605,1.33477462880904
urn:mavedb:00000078-a-1#721,NA,NA,p.His68Lys,-0.0872871866538664,-0.576606927730006,0.402032554422273
urn:mavedb:00000078-a-1#722,NA,NA,p.His68Gly,0.32123272720546503,0.266605003337108,0.375860451073823
urn:mavedb:00000078-a-1#723,NA,NA,p.His68Asp,0.521524643844445,-0.665451531822297,1.70850081951119
urn:mavedb:00000078-a-1#724,NA,NA,p.Glu67Tyr,1.1372937496431,0.88924228989946,1.3853452093867498
urn:mavedb:00000078-a-1#725,NA,NA,p.Glu67Val,0.989628857696222,0.8881527636570351,1.09110495173541
urn:mavedb:00000078-a-1#726,NA,NA,p.Glu67Arg,0.979795672880922,0.793513051051471,1.16607829471037
urn:mavedb:00000078-a-1#727,NA,NA,p.Gly6Ser,0.6596386134975,0.372802333816146,0.946474893178854
urn:mavedb:00000078-a-1#728,NA,NA,p.Gly6Leu,0.887847609689443,0.764669698890558,1.01102552048833
urn:mavedb:00000078-a-1#729,NA,NA,p.Gly6Cys,1.0803283356752,0.778165605173403,1.382491066177
urn:mavedb:00000078-a-1#730,NA,NA,p.Trp5Ile,1.0403538716493,0.5790817334615861,1.50162600983702
urn:mavedb:00000078-a-1#731,NA,NA,p.Trp5Val,1.02826257339817,0.84994442457747,1.2065807222188798
urn:mavedb:00000078-a-1#732,NA,NA,p.Trp5Ser,1.1803696009193,0.9968850458948042,1.3638541559438
urn:mavedb:00000078-a-1#733,NA,NA,p.Trp5Gln,0.9911562161537992,0.853743954805411,1.1285684775021898
urn:mavedb:00000078-a-1#734,NA,NA,p.Trp5Pro,0.940425685513764,0.590764877683152,1.29008649334438
urn:mavedb:00000078-a-1#735,NA,NA,p.Trp5His,0.0772662460990912,-0.11469036213005,0.269222854328233
urn:mavedb:00000078-a-1#736,NA,NA,p.Trp5Gly,1.05885135931986,0.8446896415381651,1.27301307710156
urn:mavedb:00000078-a-1#737,NA,NA,p.Ser3Trp,0.967105249371222,0.779167451736465,1.15504304700598
urn:mavedb:00000078-a-1#738,NA,NA,p.Ser3Ter,0.0345319412025028,-0.223783279593691,0.29284716199869704
urn:mavedb:00000078-a-1#739,NA,NA,p.Ser3Val,1.2011165927666398,0.966432263393379,1.4358009221399
urn:mavedb:00000078-a-1#740,NA,NA,p.Ser3Ser,0.893901428134927,0.756349647744201,1.03145320852565
urn:mavedb:00000078-a-1#741,NA,NA,p.Ser3Arg,0.9881382811122728,0.677372030076157,1.29890453214839
urn:mavedb:00000078-a-1#742,NA,NA,p.Ser3Pro,0.45013840021982,0.0172203964229758,0.8830564040166641
urn:mavedb:00000078-a-1#743,NA,NA,p.Ser3Leu,0.834726365767145,0.4290587381491239,1.24039399338516
urn:mavedb:00000078-a-1#744,NA,NA,p.Ser3His,1.03527797873658,0.7387547507253341,1.33180120674782
urn:mavedb:00000078-a-1#745,NA,NA,p.Ser3Gly,0.9605816582004107,0.8533846867060121,1.06777862969481
urn:mavedb:00000078-a-1#746,NA,NA,p.Ser3Glu,1.08041147422614,0.8656006058464399,1.29522234260584
urn:mavedb:00000078-a-1#747,NA,NA,p.Ser3Asp,1.05498642486572,0.8356819668741501,1.27429088285729
