protein_variant,am_pathogenicity,am_class
M1A,0.5502,ambiguous
M1C,0.5266,ambiguous
M1D,0.9219,pathogenic
M1E,0.7564,pathogenic
M1F,0.396,ambiguous
M1G,0.7645,pathogenic
M1H,0.7451,pathogenic
M1I,0.4705,ambiguous
M1K,0.6636,pathogenic
M1L,0.1582,benign
M1N,0.7702,pathogenic
M1P,0.759,pathogenic
M1Q,0.5026,ambiguous
M1R,0.5625,ambiguous
M1S,0.6582,pathogenic
M1T,0.5398,ambiguous
M1V,0.1245,benign
M1W,0.6197,pathogenic
M1Y,0.7002,pathogenic
I2A,0.1383,benign
I2C,0.3579,ambiguous
I2D,0.2296,benign
I2E,0.2369,benign
I2F,0.0719,benign
I2G,0.2482,benign
I2H,0.1984,benign
I2K,0.2115,benign
I2L,0.0756,benign
I2M,0.0778,benign
I2N,0.0931,benign
I2P,0.1722,benign
I2Q,0.1916,benign
I2R,0.145,benign
I2S,0.1016,benign
I2T,0.1206,benign
I2V,0.0837,benign
I2W,0.3909,ambiguous
I2Y,0.195,benign
L3A,0.1021,benign
L3C,0.2876,benign
L3D,0.2497,benign
L3E,0.1509,benign
L3F,0.0714,benign
L3G,0.1963,benign
L3H,0.131,benign
L3I,0.0801,benign
L3K,0.1623,benign
L3M,0.1171,benign
L3N,0.1874,benign
L3P,0.0555,benign
L3Q,0.0986,benign
L3R,0.0959,benign
L3S,0.1093,benign
L3T,0.1024,benign
L3V,0.075,benign
L3W,0.1313,benign
L3Y,0.1814,benign
S4A,0.0756,benign
S4C,0.1368,benign
S4D,0.2098,benign
S4E,0.2132,benign
S4F,0.1887,benign
S4G,0.101,benign
S4H,0.1997,benign
S4I,0.2517,benign
S4K,0.3203,benign
S4L,0.137,benign
S4M,0.2381,benign
S4N,0.1549,benign
S4P,0.0585,benign
S4Q,0.2183,benign
S4R,0.258,benign
S4T,0.091,benign
S4V,0.2014,benign
S4W,0.185,benign
S4Y,0.1528,benign
N5A,0.3997,ambiguous
N5C,0.5972,pathogenic
N5D,0.224,benign
N5E,0.5499,ambiguous
N5F,0.8235,pathogenic
N5G,0.3614,ambiguous
N5H,0.2554,benign
N5I,0.6081,pathogenic
N5K,0.593,pathogenic
N5L,0.5063,ambiguous
N5M,0.7049,pathogenic
N5P,0.4142,ambiguous
N5Q,0.6137,pathogenic
N5R,0.5102,ambiguous
N5S,0.139,benign
N5T,0.3016,benign
N5V,0.5212,ambiguous
N5W,0.8882,pathogenic
N5Y,0.4245,ambiguous
T6A,0.0623,benign
T6C,0.3797,ambiguous
T6D,0.1273,benign
T6E,0.1517,benign
T6F,0.2152,benign
T6G,0.1427,benign
T6H,0.1689,benign
T6I,0.1872,benign
T6K,0.1501,benign
T6L,0.1374,benign
T6M,0.1087,benign
T6N,0.0892,benign
T6P,0.1097,benign
T6Q,0.1599,benign
T6R,0.1186,benign
T6S,0.0786,benign
T6V,0.1307,benign
T6W,0.4656,ambiguous
T6Y,0.213,benign
T7A,0.1181,benign
T7C,0.7388,pathogenic
T7D,0.4343,ambiguous
T7E,0.392,ambiguous
T7F,0.5677,pathogenic
T7G,0.3108,benign
T7H,0.4733,ambiguous
T7I,0.5275,ambiguous
T7K,0.3647,ambiguous
T7L,0.2939,benign
T7M,0.179,benign
T7N,0.3248,benign
T7P,0.1768,benign
T7Q,0.3992,ambiguous
T7R,0.2773,benign
T7S,0.1689,benign
T7V,0.3287,benign
T7W,0.746,pathogenic
T7Y,0.6116,pathogenic
A8C,0.4229,ambiguous
A8D,0.1454,benign
A8E,0.1236,benign
A8F,0.2351,benign
A8G,0.1136,benign
A8H,0.3169,benign
A8I,0.1736,benign
A8K,0.2437,benign
A8L,0.1392,benign
A8M,0.1563,benign
A8N,0.1885,benign
A8P,0.1686,benign
A8Q,0.2134,benign
A8R,0.2058,benign
A8S,0.0896,benign
A8T,0.0762,benign
A8V,0.088,benign
A8W,0.4549,ambiguous
A8Y,0.3336,benign
V9A,0.0851,benign
V9C,0.5472,ambiguous
V9D,0.1446,benign
V9E,0.1125,benign
V9F,0.1042,benign
V9G,0.1045,benign
V9H,0.3259,benign
V9I,0.0823,benign
V9K,0.1649,benign
V9L,0.1074,benign
V9M,0.08,benign
V9N,0.1515,benign
V9P,0.1635,benign
V9Q,0.1531,benign
V9R,0.1477,benign
V9S,0.1106,benign
V9T,0.0992,benign
V9W,0.4556,ambiguous
V9Y,0.3237,benign
T10A,0.0889,benign
T10C,0.4081,ambiguous
T10D,0.2132,benign
T10E,0.1481,benign
T10F,0.136,benign
T10G,0.173,benign
T10H,0.1554,benign
T10I,0.1111,benign
T10K,0.1288,benign
T10L,0.0771,benign
T10M,0.0638,benign
T10N,0.1093,benign
T10P,0.0955,benign
T10Q,0.1331,benign
T10R,0.1113,benign
T10S,0.0987,benign
T10V,0.1016,benign
T10W,0.2737,benign
T10Y,0.1741,benign
P11A,0.0952,benign
P11C,0.424,ambiguous
P11D,0.2463,benign
P11E,0.2401,benign
P11F,0.3767,ambiguous
P11G,0.1906,benign
P11H,0.1698,benign
P11I,0.2989,benign
P11K,0.3091,benign
P11L,0.1433,benign
P11M,0.3418,ambiguous
P11N,0.2369,benign
P11Q,0.1832,benign
P11R,0.1736,benign
P11S,0.0921,benign
P11T,0.0997,benign
P11V,0.1994,benign
P11W,0.4044,ambiguous
P11Y,0.3085,benign
F12A,0.2802,benign
F12C,0.2427,benign
F12D,0.5054,ambiguous
F12E,0.5973,pathogenic
F12G,0.4488,ambiguous
F12H,0.4552,ambiguous
F12I,0.0951,benign
F12K,0.6797,pathogenic
F12L,0.3861,ambiguous
F12M,0.2763,benign
F12N,0.449,ambiguous
F12P,0.5301,ambiguous
F12Q,0.5636,ambiguous
F12R,0.5129,ambiguous
F12S,0.2258,benign
F12T,0.3204,benign
F12V,0.0978,benign
F12W,0.2935,benign
F12Y,0.1383,benign
L13A,0.3588,ambiguous
L13C,0.6186,pathogenic
L13D,0.8159,pathogenic
L13E,0.5269,ambiguous
L13F,0.1103,benign
L13G,0.5879,pathogenic
L13H,0.4342,ambiguous
L13I,0.1263,benign
L13K,0.5374,ambiguous
L13M,0.1597,benign
L13N,0.7044,pathogenic
L13P,0.3503,ambiguous
L13Q,0.3147,benign
L13R,0.3425,ambiguous
L13S,0.4513,ambiguous
L13T,0.4005,ambiguous
L13V,0.1269,benign
L13W,0.2113,benign
L13Y,0.4598,ambiguous
T14A,0.0752,benign
T14C,0.3529,ambiguous
T14D,0.1725,benign
T14E,0.1441,benign
T14F,0.2098,benign
T14G,0.1291,benign
T14H,0.1521,benign
T14I,0.1907,benign
T14K,0.1445,benign
T14L,0.1005,benign
T14M,0.1028,benign
T14N,0.0782,benign
T14P,0.0828,benign
T14Q,0.1342,benign
T14R,0.1129,benign
T14S,0.0835,benign
T14V,0.1565,benign
T14W,0.3286,benign
T14Y,0.1925,benign
K15A,0.1053,benign
K15C,0.4114,ambiguous
K15D,0.171,benign
K15E,0.0831,benign
K15F,0.3957,ambiguous
K15G,0.1361,benign
K15H,0.1422,benign
K15I,0.1908,benign
K15L,0.1657,benign
K15M,0.1275,benign
K15N,0.1345,benign
K15P,0.2295,benign
K15Q,0.0823,benign
K15R,0.0715,benign
K15S,0.1195,benign
K15T,0.0659,benign
K15V,0.1545,benign
K15W,0.4038,ambiguous
K15Y,0.2747,benign
L16A,0.1821,benign
L16C,0.4264,ambiguous
L16D,0.4599,ambiguous
L16E,0.2362,benign
L16F,0.1102,benign
L16G,0.2911,benign
L16H,0.2157,benign
L16I,0.0976,benign
L16K,0.2358,benign
L16M,0.1064,benign
L16N,0.3051,benign
L16P,0.1431,benign
L16Q,0.1326,benign
L16R,0.1521,benign
L16S,0.2302,benign
L16T,0.1951,benign
L16V,0.0937,benign
L16W,0.1319,benign
L16Y,0.2378,benign
W17A,0.2767,benign
W17C,0.5351,ambiguous
W17D,0.5808,pathogenic
W17E,0.4964,ambiguous
W17F,0.1651,benign
W17G,0.1499,benign
W17H,0.4842,ambiguous
W17I,0.3081,benign
W17K,0.5924,pathogenic
W17L,0.1354,benign
W17M,0.3743,ambiguous
W17N,0.6143,pathogenic
W17P,0.4667,ambiguous
W17Q,0.4518,ambiguous
W17R,0.4646,ambiguous
W17S,0.2342,benign
W17T,0.3012,benign
W17V,0.2722,benign
W17Y,0.3358,benign
Q18A,0.1692,benign
Q18C,0.5135,ambiguous
Q18D,0.2111,benign
Q18E,0.0682,benign
Q18F,0.5255,ambiguous
Q18G,0.1269,benign
Q18H,0.1719,benign
Q18I,0.3374,benign
Q18K,0.0834,benign
Q18L,0.1167,benign
Q18M,0.2792,benign
Q18N,0.1977,benign
Q18P,0.0947,benign
Q18R,0.0776,benign
Q18S,0.1767,benign
Q18T,0.1673,benign
Q18V,0.2123,benign
Q18W,0.2866,benign
Q18Y,0.3387,benign
E19A,0.1113,benign
E19C,0.632,pathogenic
E19D,0.0882,benign
E19F,0.5041,ambiguous
E19G,0.0652,benign
E19H,0.2533,benign
E19I,0.2887,benign
E19K,0.1088,benign
E19L,0.2714,benign
E19M,0.3096,benign
E19N,0.147,benign
E19P,0.2622,benign
E19Q,0.1097,benign
E19R,0.1614,benign
E19S,0.1307,benign
E19T,0.1525,benign
E19V,0.1625,benign
E19W,0.5893,pathogenic
E19Y,0.3478,ambiguous
T20A,0.0811,benign
T20C,0.4093,ambiguous
T20D,0.1953,benign
T20E,0.1608,benign
T20F,0.2085,benign
T20G,0.1614,benign
T20H,0.1863,benign
T20I,0.1387,benign
T20K,0.1366,benign
T20L,0.1128,benign
T20M,0.082,benign
T20N,0.1008,benign
T20P,0.0906,benign
T20Q,0.1697,benign
T20R,0.119,benign
T20S,0.1036,benign
T20V,0.1153,benign
T20W,0.3698,ambiguous
T20Y,0.2064,benign
V21A,0.0795,benign
V21C,0.4937,ambiguous
V21D,0.1206,benign
V21E,0.111,benign
V21F,0.0882,benign
V21G,0.0851,benign
V21H,0.2545,benign
V21I,0.0783,benign
V21K,0.1557,benign
V21L,0.1036,benign
V21M,0.0968,benign
V21N,0.1265,benign
V21P,0.1477,benign
V21Q,0.1347,benign
V21R,0.118,benign
V21S,0.0915,benign
V21T,0.0982,benign
V21W,0.4013,ambiguous
V21Y,0.2672,benign
Q22A,0.1105,benign
Q22C,0.3117,benign
Q22D,0.1493,benign
Q22E,0.0678,benign
Q22F,0.2881,benign
Q22G,0.1194,benign
Q22H,0.1051,benign
Q22I,0.1992,benign
Q22K,0.0876,benign
Q22L,0.0882,benign
Q22M,0.2177,benign
Q22N,0.1527,benign
Q22P,0.0609,benign
Q22R,0.0766,benign
Q22S,0.1025,benign
Q22T,0.1129,benign
Q22V,0.1351,benign
Q22W,0.2059,benign
Q22Y,0.202,benign
Q23A,0.1033,benign
Q23C,0.3646,ambiguous
Q23D,0.1309,benign
Q23E,0.0618,benign
Q23F,0.3472,ambiguous
Q23G,0.1062,benign
Q23H,0.1166,benign
Q23I,0.2067,benign
Q23K,0.0774,benign
Q23L,0.0918,benign
Q23M,0.2153,benign
Q23N,0.1392,benign
Q23P,0.0594,benign
Q23R,0.0754,benign
Q23S,0.1083,benign
Q23T,0.1043,benign
Q23V,0.1327,benign
Q23W,0.2255,benign
Q23Y,0.2183,benign
G24A,0.0936,benign
G24C,0.1819,benign
G24D,0.0713,benign
G24E,0.0932,benign
G24F,0.3402,ambiguous
G24H,0.169,benign
G24I,0.1908,benign
G24K,0.1941,benign
G24L,0.2539,benign
G24M,0.2962,benign
G24N,0.1286,benign
G24P,0.2602,benign
G24Q,0.1639,benign
G24R,0.142,benign
G24S,0.0789,benign
G24T,0.099,benign
G24V,0.1238,benign
G24W,0.2246,benign
G24Y,0.2076,benign
G25A,0.0864,benign
G25C,0.1113,benign
G25D,0.0791,benign
G25E,0.0887,benign
G25F,0.243,benign
G25H,0.1267,benign
G25I,0.1165,benign
G25K,0.1371,benign
G25L,0.172,benign
G25M,0.2016,benign
G25N,0.1045,benign
G25P,0.2593,benign
G25Q,0.1155,benign
G25R,0.0896,benign
G25S,0.0644,benign
G25T,0.085,benign
G25V,0.0928,benign
G25W,0.1683,benign
G25Y,0.1621,benign
N26A,0.1642,benign
N26C,0.2666,benign
N26D,0.0881,benign
N26E,0.1911,benign
N26F,0.3264,benign
N26G,0.1737,benign
N26H,0.1028,benign
N26I,0.1727,benign
N26K,0.2073,benign
N26L,0.1956,benign
N26M,0.2791,benign
N26P,0.2222,benign
N26Q,0.2307,benign
N26R,0.1881,benign
N26S,0.0813,benign
N26T,0.1261,benign
N26V,0.176,benign
N26W,0.5143,ambiguous
N26Y,0.1374,benign
M27A,0.0711,benign
M27C,0.366,ambiguous
M27D,0.1759,benign
M27E,0.1129,benign
M27F,0.1384,benign
M27G,0.1116,benign
M27H,0.1546,benign
M27I,0.1042,benign
M27K,0.0811,benign
M27L,0.0876,benign
M27N,0.1187,benign
M27P,0.1173,benign
M27Q,0.1006,benign
M27R,0.0712,benign
M27S,0.0847,benign
M27T,0.0512,benign
M27V,0.0519,benign
M27W,0.2557,benign
M27Y,0.2155,benign
S28A,0.0785,benign
S28C,0.1959,benign
S28D,0.2359,benign
S28E,0.2805,benign
S28F,0.1905,benign
S28G,0.104,benign
S28H,0.2873,benign
S28I,0.2255,benign
S28K,0.4733,ambiguous
S28L,0.1215,benign
S28M,0.2285,benign
S28N,0.1853,benign
S28P,0.0817,benign
S28Q,0.3644,ambiguous
S28R,0.4047,ambiguous
S28T,0.0782,benign
S28V,0.1845,benign
S28W,0.2127,benign
S28Y,0.1793,benign
G29A,0.074,benign
G29C,0.1273,benign
G29D,0.0859,benign
G29E,0.1164,benign
G29F,0.2271,benign
G29H,0.1529,benign
G29I,0.1149,benign
G29K,0.2307,benign
G29L,0.1572,benign
G29M,0.231,benign
G29N,0.1222,benign
G29P,0.2098,benign
G29Q,0.1805,benign
G29R,0.1445,benign
G29S,0.0615,benign
G29T,0.0854,benign
G29V,0.0846,benign
G29W,0.2099,benign
G29Y,0.1715,benign
L30A,0.0891,benign
L30C,0.3513,ambiguous
L30D,0.2147,benign
L30E,0.1279,benign
L30F,0.0827,benign
L30G,0.1638,benign
L30H,0.1285,benign
L30I,0.0897,benign
L30K,0.1432,benign
L30M,0.0974,benign
L30N,0.1639,benign
L30P,0.0589,benign
L30Q,0.0932,benign
L30R,0.0976,benign
L30S,0.101,benign
L30T,0.1028,benign
L30V,0.0787,benign
L30W,0.1269,benign
L30Y,0.1903,benign
A31C,0.452,ambiguous
A31D,0.1678,benign
A31E,0.1428,benign
A31F,0.2166,benign
A31G,0.099,benign
A31H,0.3013,benign
A31I,0.2093,benign
A31K,0.3028,benign
A31L,0.1308,benign
A31M,0.2154,benign
A31N,0.1971,benign
A31P,0.0879,benign
A31Q,0.2007,benign
A31R,0.2234,benign
A31S,0.0765,benign
A31T,0.091,benign
A31V,0.0995,benign
A31W,0.4607,ambiguous
A31Y,0.3253,benign
R32A,0.1586,benign
R32C,0.1488,benign
R32D,0.234,benign
R32E,0.1453,benign
R32F,0.255,benign
R32G,0.0944,benign
R32H,0.0931,benign
R32I,0.1762,benign
R32K,0.1135,benign
R32L,0.1244,benign
R32M,0.2059,benign
R32N,0.2499,benign
R32P,0.1391,benign
R32Q,0.0833,benign
R32S,0.1822,benign
R32T,0.1457,benign
R32V,0.1788,benign
R32W,0.1073,benign
R32Y,0.2003,benign
R33A,0.1222,benign
R33C,0.167,benign
R33D,0.1935,benign
R33E,0.1311,benign
R33F,0.2177,benign
R33G,0.072,benign
R33H,0.0884,benign
R33I,0.1134,benign
R33K,0.0872,benign
R33L,0.102,benign
R33M,0.1353,benign
R33N,0.1901,benign
R33P,0.1157,benign
R33Q,0.0809,benign
R33S,0.1316,benign
R33T,0.0966,benign
R33V,0.1371,benign
R33W,0.0952,benign
R33Y,0.177,benign
S34A,0.0737,benign
S34C,0.1379,benign
S34D,0.1807,benign
S34E,0.2101,benign
S34F,0.0928,benign
S34G,0.0973,benign
S34H,0.1864,benign
S34I,0.1207,benign
S34K,0.3326,benign
S34L,0.0988,benign
S34M,0.1664,benign
S34N,0.135,benign
S34P,0.0888,benign
S34Q,0.2526,benign
S34R,0.2921,benign
S34T,0.0851,benign
S34V,0.1127,benign
S34W,0.146,benign
S34Y,0.0972,benign
P35A,0.0697,benign
P35C,0.2917,benign
P35D,0.1564,benign
P35E,0.1227,benign
P35F,0.2019,benign
P35G,0.1256,benign
P35H,0.1073,benign
P35I,0.1666,benign
P35K,0.1569,benign
P35L,0.0856,benign
P35M,0.1892,benign
P35N,0.1619,benign
P35Q,0.091,benign
P35R,0.0989,benign
P35S,0.0685,benign
P35T,0.0736,benign
P35V,0.119,benign
P35W,0.2369,benign
P35Y,0.2031,benign
R36A,0.086,benign
R36C,0.0995,benign
R36D,0.1064,benign
R36E,0.1017,benign
R36F,0.1441,benign
R36G,0.0566,benign
R36H,0.0698,benign
R36I,0.1047,benign
R36K,0.0926,benign
R36L,0.0821,benign
R36M,0.1413,benign
R36N,0.1212,benign
R36P,0.0929,benign
R36Q,0.0702,benign
R36S,0.0861,benign
R36T,0.0866,benign
R36V,0.1035,benign
R36W,0.0916,benign
R36Y,0.1114,benign
S37A,0.0829,benign
S37C,0.1172,benign
S37D,0.0723,benign
S37E,0.118,benign
S37F,0.1697,benign
S37G,0.0578,benign
S37H,0.0963,benign
S37I,0.1057,benign
S37K,0.1577,benign
S37L,0.1252,benign
S37M,0.1977,benign
S37N,0.067,benign
S37P,0.1128,benign
S37Q,0.1347,benign
S37R,0.1116,benign
S37T,0.0825,benign
S37V,0.1191,benign
S37W,0.1838,benign
S37Y,0.1169,benign
G38A,0.0783,benign
G38C,0.1315,benign
G38D,0.0538,benign
G38E,0.075,benign
G38F,0.2516,benign
G38H,0.1059,benign
G38I,0.1339,benign
G38K,0.1511,benign
G38L,0.1654,benign
G38M,0.236,benign
G38N,0.0903,benign
G38P,0.2159,benign
G38Q,0.1203,benign
G38R,0.099,benign
G38S,0.061,benign
G38T,0.0854,benign
G38V,0.0947,benign
G38W,0.199,benign
G38Y,0.1528,benign
S38A,0.0795,benign
S38C,0.1211,benign
S38D,0.0568,benign
S38E,0.0922,benign
S38F,0.2134,benign
S38G,0.0558,benign
S38H,0.1079,benign
S38I,0.1234,benign
S38K,0.1602,benign
S38L,0.1442,benign
S38M,0.2223,benign
S38N,0.0736,benign
S38P,0.1466,benign
S38Q,0.1423,benign
S38R,0.1218,benign
S38T,0.0827,benign
S38V,0.1124,benign
S38W,0.2185,benign
S38Y,0.132,benign
D39A,0.1036,benign
D39C,0.3735,ambiguous
D39E,0.1149,benign
D39F,0.3451,ambiguous
D39G,0.0856,benign
D39H,0.1229,benign
D39I,0.2343,benign
D39K,0.1875,benign
D39L,0.2257,benign
D39M,0.434,ambiguous
D39N,0.0829,benign
D39P,0.2847,benign
D39Q,0.1845,benign
D39R,0.1624,benign
D39S,0.0799,benign
D39T,0.1406,benign
D39V,0.1478,benign
D39W,0.5921,pathogenic
D39Y,0.1469,benign
G40A,0.1044,benign
G40C,0.1844,benign
G40D,0.1121,benign
G40E,0.1454,benign
G40F,0.4298,ambiguous
G40H,0.2109,benign
G40I,0.2044,benign
G40K,0.2835,benign
G40L,0.2799,benign
G40M,0.3426,ambiguous
G40N,0.1573,benign
G40P,0.4122,ambiguous
G40Q,0.217,benign
G40R,0.1742,benign
G40S,0.0674,benign
G40T,0.1094,benign
G40V,0.1435,benign
G40W,0.2696,benign
G40Y,0.2954,benign
K41A,0.1848,benign
K41C,0.5852,pathogenic
K41D,0.1691,benign
K41E,0.0742,benign
K41F,0.5242,ambiguous
K41G,0.176,benign
K41H,0.1602,benign
K41I,0.2807,benign
K41L,0.2517,benign
K41M,0.199,benign
K41N,0.1568,benign
K41P,0.2475,benign
K41Q,0.0824,benign
K41R,0.0807,benign
K41S,0.1486,benign
K41T,0.1114,benign
K41V,0.2446,benign
K41W,0.5427,ambiguous
K41Y,0.3693,ambiguous
L42A,0.2619,benign
L42C,0.7721,pathogenic
L42D,0.5353,ambiguous
L42E,0.2649,benign
L42F,0.227,benign
L42G,0.3905,ambiguous
L42H,0.3516,ambiguous
L42I,0.2021,benign
L42K,0.2652,benign
L42M,0.0794,benign
L42N,0.4188,ambiguous
L42P,0.2818,benign
L42Q,0.1707,benign
L42R,0.2288,benign
L42S,0.3227,benign
L42T,0.2196,benign
L42V,0.1482,benign
L42W,0.2213,benign
L42Y,0.417,ambiguous
E43A,0.1072,benign
E43C,0.9492,pathogenic
E43D,0.6044,pathogenic
E43F,0.9262,pathogenic
E43G,0.2786,benign
E43H,0.7824,pathogenic
E43I,0.7971,pathogenic
E43K,0.4323,ambiguous
E43L,0.7181,pathogenic
E43M,0.7248,pathogenic
E43N,0.7806,pathogenic
E43P,0.643,pathogenic
E43Q,0.2221,benign
E43R,0.4882,ambiguous
E43S,0.3033,benign
E43T,0.467,ambiguous
E43V,0.5103,ambiguous
E43W,0.9636,pathogenic
E43Y,0.8894,pathogenic
A44C,0.7795,pathogenic
A44D,0.5561,ambiguous
A44E,0.5038,ambiguous
A44F,0.3472,ambiguous
A44G,0.2016,benign
A44H,0.7852,pathogenic
A44I,0.2472,benign
A44K,0.7982,pathogenic
A44L,0.2658,benign
A44M,0.2555,benign
A44N,0.5273,ambiguous
A44P,0.5939,pathogenic
A44Q,0.6639,pathogenic
A44R,0.7479,pathogenic
A44S,0.1343,benign
A44T,0.1388,benign
A44V,0.108,benign
A44W,0.7824,pathogenic
A44Y,0.6013,pathogenic
L45A,0.369,ambiguous
L45C,0.6773,pathogenic
L45D,0.9204,pathogenic
L45E,0.6966,pathogenic
L45F,0.2226,benign
L45G,0.676,pathogenic
L45H,0.6715,pathogenic
L45I,0.1009,benign
L45K,0.6616,pathogenic
L45M,0.1424,benign
L45N,0.7706,pathogenic
L45P,0.7412,pathogenic
L45Q,0.453,ambiguous
L45R,0.5207,ambiguous
L45S,0.5458,ambiguous
L45T,0.3541,ambiguous
L45V,0.0837,benign
L45W,0.4031,ambiguous
L45Y,0.6437,pathogenic
Y46A,0.8804,pathogenic
Y46C,0.7401,pathogenic
Y46D,0.9047,pathogenic
Y46E,0.9748,pathogenic
Y46F,0.1695,benign
Y46G,0.8184,pathogenic
Y46H,0.8451,pathogenic
Y46I,0.9025,pathogenic
Y46K,0.9828,pathogenic
Y46L,0.6668,pathogenic
Y46M,0.8836,pathogenic
Y46N,0.8388,pathogenic
Y46P,0.9195,pathogenic
Y46Q,0.9714,pathogenic
Y46R,0.9565,pathogenic
Y46S,0.7404,pathogenic
Y46T,0.8921,pathogenic
Y46V,0.8128,pathogenic
Y46W,0.6164,pathogenic
V47A,0.7028,pathogenic
V47C,0.8879,pathogenic
V47D,0.9566,pathogenic
V47E,0.9285,pathogenic
V47F,0.4371,ambiguous
V47G,0.7332,pathogenic
V47H,0.9678,pathogenic
V47I,0.0671,benign
V47K,0.9505,pathogenic
V47L,0.2736,benign
V47M,0.3201,benign
V47N,0.9162,pathogenic
V47P,0.9094,pathogenic
V47Q,0.9309,pathogenic
V47R,0.9353,pathogenic
V47S,0.7903,pathogenic
V47T,0.7209,pathogenic
V47W,0.9455,pathogenic
V47Y,0.8858,pathogenic
L48A,0.5917,pathogenic
L48C,0.7371,pathogenic
L48D,0.9915,pathogenic
L48E,0.9568,pathogenic
L48F,0.2347,benign
L48G,0.815,pathogenic
L48H,0.9428,pathogenic
L48I,0.1917,benign
L48K,0.9647,pathogenic
L48M,0.2148,benign
L48N,0.9637,pathogenic
L48P,0.911,pathogenic
L48Q,0.8707,pathogenic
L48R,0.9284,pathogenic
L48S,0.8286,pathogenic
L48T,0.6921,pathogenic
L48V,0.1818,benign
L48W,0.6721,pathogenic
L48Y,0.8779,pathogenic
M49A,0.6457,pathogenic
M49C,0.9082,pathogenic
M49D,0.995,pathogenic
M49E,0.9732,pathogenic
M49F,0.6102,pathogenic
M49G,0.8714,pathogenic
M49H,0.9868,pathogenic
M49I,0.4385,ambiguous
M49K,0.9596,pathogenic
M49L,0.152,benign
M49N,0.9643,pathogenic
M49P,0.9621,pathogenic
M49Q,0.9258,pathogenic
M49R,0.9668,pathogenic
M49S,0.8167,pathogenic
M49T,0.5147,ambiguous
M49V,0.2131,benign
M49W,0.9475,pathogenic
M49Y,0.9656,pathogenic
V50A,0.7133,pathogenic
V50C,0.9504,pathogenic
V50D,0.9619,pathogenic
V50E,0.9188,pathogenic
V50F,0.5428,ambiguous
V50G,0.6532,pathogenic
V50H,0.9838,pathogenic
V50I,0.1769,benign
V50K,0.9657,pathogenic
V50L,0.3193,benign
V50M,0.3966,ambiguous
V50N,0.9477,pathogenic
V50P,0.9417,pathogenic
V50Q,0.9335,pathogenic
V50R,0.9524,pathogenic
V50S,0.8475,pathogenic
V50T,0.7828,pathogenic
V50W,0.9789,pathogenic
V50Y,0.9411,pathogenic
L51A,0.657,pathogenic
L51C,0.8294,pathogenic
L51D,0.9947,pathogenic
L51E,0.9741,pathogenic
L51F,0.3838,ambiguous
L51G,0.8993,pathogenic
L51H,0.9657,pathogenic
L51I,0.228,benign
L51K,0.9814,pathogenic
L51M,0.2436,benign
L51N,0.9791,pathogenic
L51P,0.9268,pathogenic
L51Q,0.9323,pathogenic
L51R,0.9537,pathogenic
L51S,0.8881,pathogenic
L51T,0.6603,pathogenic
L51V,0.2136,benign
L51W,0.8111,pathogenic
L51Y,0.9528,pathogenic
G52A,0.2776,benign
G52C,0.4521,ambiguous
G52D,0.9869,pathogenic
G52E,0.9894,pathogenic
G52F,0.8559,pathogenic
G52H,0.9906,pathogenic
G52I,0.6185,pathogenic
G52K,0.9981,pathogenic
G52L,0.7284,pathogenic
G52M,0.8674,pathogenic
G52N,0.9813,pathogenic
G52P,0.9902,pathogenic
G52Q,0.9901,pathogenic
G52R,0.9918,pathogenic
G52S,0.35,ambiguous
G52T,0.5897,pathogenic
G52V,0.4767,ambiguous
G52W,0.9096,pathogenic
G52Y,0.9625,pathogenic
F53A,0.878,pathogenic
F53C,0.6541,pathogenic
F53D,0.9928,pathogenic
F53E,0.9947,pathogenic
F53G,0.9438,pathogenic
F53H,0.9868,pathogenic
F53I,0.442,ambiguous
F53K,0.9967,pathogenic
F53L,0.9226,pathogenic
F53M,0.7368,pathogenic
F53N,0.9749,pathogenic
F53P,0.9976,pathogenic
F53Q,0.9921,pathogenic
F53R,0.9904,pathogenic
F53S,0.8984,pathogenic
F53T,0.8992,pathogenic
F53V,0.4811,ambiguous
F53W,0.9066,pathogenic
F53Y,0.6478,pathogenic
F54A,0.8942,pathogenic
F54C,0.8942,pathogenic
F54D,0.9925,pathogenic
F54E,0.9929,pathogenic
F54G,0.9393,pathogenic
F54H,0.9735,pathogenic
F54I,0.8995,pathogenic
F54K,0.9962,pathogenic
F54L,0.9729,pathogenic
F54M,0.9292,pathogenic
F54N,0.9853,pathogenic
F54P,0.9944,pathogenic
F54Q,0.9871,pathogenic
F54R,0.9848,pathogenic
F54S,0.8684,pathogenic
F54T,0.8866,pathogenic
F54V,0.8418,pathogenic
F54W,0.8427,pathogenic
F54Y,0.7438,pathogenic
G55A,0.1736,benign
G55C,0.455,ambiguous
G55D,0.9911,pathogenic
G55E,0.9928,pathogenic
G55F,0.9046,pathogenic
G55H,0.9886,pathogenic
G55I,0.7544,pathogenic
G55K,0.9987,pathogenic
G55L,0.7889,pathogenic
G55M,0.8905,pathogenic
G55N,0.9779,pathogenic
G55P,0.9937,pathogenic
G55Q,0.9896,pathogenic
G55R,0.9922,pathogenic
G55S,0.1694,benign
G55T,0.4562,ambiguous
G55V,0.5997,pathogenic
G55W,0.9291,pathogenic
G55Y,0.9746,pathogenic
F56A,0.8359,pathogenic
F56C,0.5196,ambiguous
F56D,0.9969,pathogenic
F56E,0.9979,pathogenic
F56G,0.9333,pathogenic
F56H,0.9894,pathogenic
F56I,0.4978,ambiguous
F56K,0.9984,pathogenic
F56L,0.9495,pathogenic
F56M,0.8321,pathogenic
F56N,0.985,pathogenic
F56P,0.9979,pathogenic
F56Q,0.9957,pathogenic
F56R,0.9934,pathogenic
F56S,0.8833,pathogenic
F56T,0.8794,pathogenic
F56V,0.4292,ambiguous
F56W,0.906,pathogenic
F56Y,0.7043,pathogenic
F57A,0.9144,pathogenic
F57C,0.6812,pathogenic
F57D,0.9965,pathogenic
F57E,0.9953,pathogenic
F57G,0.9621,pathogenic
F57H,0.9768,pathogenic
F57I,0.753,pathogenic
F57K,0.9964,pathogenic
F57L,0.9223,pathogenic
F57M,0.8714,pathogenic
F57N,0.9869,pathogenic
F57P,0.9954,pathogenic
F57Q,0.9864,pathogenic
F57R,0.9847,pathogenic
F57S,0.9166,pathogenic
F57T,0.9441,pathogenic
F57V,0.7394,pathogenic
F57W,0.9,pathogenic
F57Y,0.7827,pathogenic
T58A,0.5445,ambiguous
T58C,0.8568,pathogenic
T58D,0.9913,pathogenic
T58E,0.9895,pathogenic
T58F,0.8594,pathogenic
T58G,0.8582,pathogenic
T58H,0.9324,pathogenic
T58I,0.7812,pathogenic
T58K,0.979,pathogenic
T58L,0.5109,ambiguous
T58M,0.398,ambiguous
T58N,0.8959,pathogenic
T58P,0.6806,pathogenic
T58Q,0.9465,pathogenic
T58R,0.9719,pathogenic
T58S,0.4485,ambiguous
T58V,0.682,pathogenic
T58W,0.9632,pathogenic
T58Y,0.9507,pathogenic
L59A,0.2818,benign
L59C,0.6578,pathogenic
L59D,0.9935,pathogenic
L59E,0.9755,pathogenic
L59F,0.1596,benign
L59G,0.6188,pathogenic
L59H,0.9431,pathogenic
L59I,0.1894,benign
L59K,0.9808,pathogenic
L59M,0.1614,benign
L59N,0.9644,pathogenic
L59P,0.9385,pathogenic
L59Q,0.8913,pathogenic
L59R,0.9472,pathogenic
L59S,0.6296,pathogenic
L59T,0.3898,ambiguous
L59V,0.1286,benign
L59W,0.69,pathogenic
L59Y,0.8967,pathogenic
G60A,0.378,ambiguous
G60C,0.7261,pathogenic
G60D,0.9912,pathogenic
G60E,0.9898,pathogenic
G60F,0.9181,pathogenic
G60H,0.9934,pathogenic
G60I,0.9166,pathogenic
G60K,0.9968,pathogenic
G60L,0.8904,pathogenic
G60M,0.9335,pathogenic
G60N,0.9888,pathogenic
G60P,0.9924,pathogenic
G60Q,0.989,pathogenic
G60R,0.9885,pathogenic
G60S,0.6408,pathogenic
G60T,0.8512,pathogenic
G60V,0.8095,pathogenic
G60W,0.9216,pathogenic
G60Y,0.9689,pathogenic
I61A,0.9392,pathogenic
I61C,0.9534,pathogenic
I61D,0.9912,pathogenic
I61E,0.9854,pathogenic
I61F,0.6353,pathogenic
I61G,0.9696,pathogenic
I61H,0.9834,pathogenic
I61K,0.9735,pathogenic
I61L,0.3966,ambiguous
I61M,0.3405,ambiguous
I61N,0.8966,pathogenic
I61P,0.9862,pathogenic
I61Q,0.9753,pathogenic
I61R,0.965,pathogenic
I61S,0.8967,pathogenic
I61T,0.9175,pathogenic
I61V,0.3112,benign
I61W,0.9646,pathogenic
I61Y,0.9416,pathogenic
M62A,0.9491,pathogenic
M62C,0.9682,pathogenic
M62D,0.9986,pathogenic
M62E,0.991,pathogenic
M62F,0.843,pathogenic
M62G,0.9783,pathogenic
M62H,0.986,pathogenic
M62I,0.9802,pathogenic
M62K,0.9714,pathogenic
M62L,0.5024,ambiguous
M62N,0.983,pathogenic
M62P,0.9937,pathogenic
M62Q,0.9181,pathogenic
M62R,0.9763,pathogenic
M62S,0.9033,pathogenic
M62T,0.8804,pathogenic
M62V,0.7894,pathogenic
M62W,0.9843,pathogenic
M62Y,0.9852,pathogenic
L63A,0.6903,pathogenic
L63C,0.7881,pathogenic
L63D,0.9931,pathogenic
L63E,0.9675,pathogenic
L63F,0.2,benign
L63G,0.841,pathogenic
L63H,0.8894,pathogenic
L63I,0.2235,benign
L63K,0.9343,pathogenic
L63M,0.2122,benign
L63N,0.953,pathogenic
L63P,0.952,pathogenic
L63Q,0.8186,pathogenic
L63R,0.8566,pathogenic
L63S,0.8765,pathogenic
L63T,0.7689,pathogenic
L63V,0.2134,benign
L63W,0.5578,ambiguous
L63Y,0.7818,pathogenic
S64A,0.4762,ambiguous
S64C,0.5286,ambiguous
S64D,0.9588,pathogenic
S64E,0.9728,pathogenic
S64F,0.8922,pathogenic
S64G,0.3646,ambiguous
S64H,0.838,pathogenic
S64I,0.8796,pathogenic
S64K,0.9782,pathogenic
S64L,0.7268,pathogenic
S64M,0.8394,pathogenic
S64N,0.6991,pathogenic
S64P,0.9273,pathogenic
S64Q,0.9082,pathogenic
S64R,0.9285,pathogenic
S64T,0.4168,ambiguous
S64V,0.8755,pathogenic
S64W,0.7609,pathogenic
S64Y,0.7985,pathogenic
Y65A,0.9476,pathogenic
Y65C,0.7481,pathogenic
Y65D,0.8531,pathogenic
Y65E,0.9852,pathogenic
Y65F,0.3028,benign
Y65G,0.9064,pathogenic
Y65H,0.8066,pathogenic
Y65I,0.9559,pathogenic
Y65K,0.9814,pathogenic
Y65L,0.8695,pathogenic
Y65M,0.9347,pathogenic
Y65N,0.5502,ambiguous
Y65P,0.9933,pathogenic
Y65Q,0.9718,pathogenic
Y65R,0.9504,pathogenic
Y65S,0.7142,pathogenic
Y65T,0.8689,pathogenic
Y65V,0.8647,pathogenic
Y65W,0.676,pathogenic
I66A,0.9722,pathogenic
I66C,0.99,pathogenic
I66D,0.9958,pathogenic
I66E,0.9869,pathogenic
I66F,0.706,pathogenic
I66G,0.989,pathogenic
I66H,0.9758,pathogenic
I66K,0.959,pathogenic
I66L,0.4007,ambiguous
I66M,0.5351,ambiguous
I66N,0.947,pathogenic
I66P,0.9809,pathogenic
I66Q,0.9494,pathogenic
I66R,0.9052,pathogenic
I66S,0.9396,pathogenic
I66T,0.9492,pathogenic
I66V,0.5237,ambiguous
I66W,0.9634,pathogenic
I66Y,0.9452,pathogenic
R67A,0.9572,pathogenic
R67C,0.5978,pathogenic
R67D,0.9916,pathogenic
R67E,0.9511,pathogenic
R67F,0.9679,pathogenic
R67G,0.8926,pathogenic
R67H,0.3984,ambiguous
R67I,0.9148,pathogenic
R67K,0.4665,ambiguous
R67L,0.8015,pathogenic
R67M,0.9487,pathogenic
R67N,0.9756,pathogenic
R67P,0.9803,pathogenic
R67Q,0.3724,ambiguous
R67S,0.9639,pathogenic
R67T,0.9463,pathogenic
R67V,0.9363,pathogenic
R67W,0.5698,pathogenic
R67Y,0.8907,pathogenic
S68A,0.4646,ambiguous
S68C,0.8226,pathogenic
S68D,0.9505,pathogenic
S68E,0.9371,pathogenic
S68F,0.9533,pathogenic
S68G,0.6049,pathogenic
S68H,0.9045,pathogenic
S68I,0.9653,pathogenic
S68K,0.981,pathogenic
S68L,0.8465,pathogenic
S68M,0.909,pathogenic
S68N,0.9143,pathogenic
S68P,0.9838,pathogenic
S68Q,0.909,pathogenic
S68R,0.9721,pathogenic
S68T,0.6081,pathogenic
S68V,0.9435,pathogenic
S68W,0.8805,pathogenic
S68Y,0.9008,pathogenic
K69A,0.969,pathogenic
K69C,0.9792,pathogenic
K69D,0.9944,pathogenic
K69E,0.8775,pathogenic
K69F,0.9977,pathogenic
K69G,0.9673,pathogenic
K69H,0.8646,pathogenic
K69I,0.9768,pathogenic
K69L,0.949,pathogenic
K69M,0.9403,pathogenic
K69N,0.9858,pathogenic
K69P,0.9865,pathogenic
K69Q,0.5439,ambiguous
K69R,0.1187,benign
K69S,0.9798,pathogenic
K69T,0.9277,pathogenic
K69V,0.9556,pathogenic
K69W,0.9848,pathogenic
K69Y,0.9874,pathogenic
K70A,0.9693,pathogenic
K70C,0.988,pathogenic
K70D,0.9784,pathogenic
K70E,0.9503,pathogenic
K70F,0.9937,pathogenic
K70G,0.9562,pathogenic
K70H,0.8359,pathogenic
K70I,0.9549,pathogenic
K70L,0.9304,pathogenic
K70M,0.92,pathogenic
K70N,0.9615,pathogenic
K70P,0.9731,pathogenic
K70Q,0.7974,pathogenic
K70R,0.27,benign
K70S,0.9787,pathogenic
K70T,0.9085,pathogenic
K70V,0.9456,pathogenic
K70W,0.9824,pathogenic
K70Y,0.9573,pathogenic
L71A,0.4172,ambiguous
L71C,0.7752,pathogenic
L71D,0.8779,pathogenic
L71E,0.3987,ambiguous
L71F,0.4918,ambiguous
L71G,0.7139,pathogenic
L71H,0.4059,ambiguous
L71I,0.2271,benign
L71K,0.1922,benign
L71M,0.1853,benign
L71N,0.6682,pathogenic
L71P,0.8417,pathogenic
L71Q,0.1184,benign
L71R,0.1168,benign
L71S,0.6649,pathogenic
L71T,0.4382,ambiguous
L71V,0.1816,benign
L71W,0.4135,ambiguous
L71Y,0.6477,pathogenic
E72A,0.7826,pathogenic
E72C,0.9891,pathogenic
E72D,0.9547,pathogenic
E72F,0.9939,pathogenic
E72G,0.8272,pathogenic
E72H,0.9597,pathogenic
E72I,0.9749,pathogenic
E72K,0.889,pathogenic
E72L,0.9459,pathogenic
E72M,0.9764,pathogenic
E72N,0.9866,pathogenic
E72P,0.9669,pathogenic
E72Q,0.582,pathogenic
E72R,0.8425,pathogenic
E72S,0.9162,pathogenic
E72T,0.9574,pathogenic
E72V,0.9278,pathogenic
E72W,0.9943,pathogenic
E72Y,0.9875,pathogenic
H73A,0.8863,pathogenic
H73C,0.8018,pathogenic
H73D,0.6601,pathogenic
H73E,0.8788,pathogenic
H73F,0.8675,pathogenic
H73G,0.7571,pathogenic
H73I,0.952,pathogenic
H73K,0.8014,pathogenic
H73L,0.7039,pathogenic
H73M,0.9482,pathogenic
H73N,0.4282,ambiguous
H73P,0.7652,pathogenic
H73Q,0.8258,pathogenic
H73R,0.652,pathogenic
H73S,0.7836,pathogenic
H73T,0.8904,pathogenic
H73V,0.9229,pathogenic
H73W,0.8839,pathogenic
H73Y,0.5272,ambiguous
S74A,0.2449,benign
S74C,0.4873,ambiguous
S74D,0.8718,pathogenic
S74E,0.8708,pathogenic
S74F,0.8752,pathogenic
S74G,0.3629,ambiguous
S74H,0.7514,pathogenic
S74I,0.8203,pathogenic
S74K,0.8948,pathogenic
S74L,0.5932,pathogenic
S74M,0.7818,pathogenic
S74N,0.773,pathogenic
S74P,0.7799,pathogenic
S74Q,0.8045,pathogenic
S74R,0.851,pathogenic
S74T,0.2339,benign
S74V,0.7604,pathogenic
S74W,0.801,pathogenic
S74Y,0.7768,pathogenic
N75A,0.191,benign
N75C,0.2434,benign
N75D,0.0843,benign
N75E,0.2074,benign
N75F,0.534,ambiguous
N75G,0.1847,benign
N75H,0.0439,benign
N75I,0.3158,benign
N75K,0.1345,benign
N75L,0.2596,benign
N75M,0.3925,ambiguous
N75P,0.491,ambiguous
N75Q,0.1619,benign
N75R,0.1212,benign
N75S,0.0826,benign
N75T,0.1396,benign
N75V,0.2851,benign
N75W,0.5692,pathogenic
N75Y,0.1478,benign
D76A,0.8935,pathogenic
D76C,0.9744,pathogenic
D76E,0.909,pathogenic
D76F,0.9784,pathogenic
D76G,0.945,pathogenic
D76H,0.8388,pathogenic
D76I,0.9589,pathogenic
D76K,0.9569,pathogenic
D76L,0.9373,pathogenic
D76M,0.9896,pathogenic
D76N,0.569,pathogenic
D76P,0.9754,pathogenic
D76Q,0.9597,pathogenic
D76R,0.9478,pathogenic
D76S,0.7601,pathogenic
D76T,0.9327,pathogenic
D76V,0.8964,pathogenic
D76W,0.9938,pathogenic
D76Y,0.7773,pathogenic
P77A,0.5541,ambiguous
P77C,0.9599,pathogenic
P77D,0.9503,pathogenic
P77E,0.9047,pathogenic
P77F,0.9664,pathogenic
P77G,0.9462,pathogenic
P77H,0.7615,pathogenic
P77I,0.8559,pathogenic
P77K,0.8667,pathogenic
P77L,0.5311,ambiguous
P77M,0.9197,pathogenic
P77N,0.9558,pathogenic
P77Q,0.829,pathogenic
P77R,0.658,pathogenic
P77S,0.8273,pathogenic
P77T,0.6895,pathogenic
P77V,0.7734,pathogenic
P77W,0.9693,pathogenic
P77Y,0.9449,pathogenic
F78A,0.9537,pathogenic
F78C,0.8668,pathogenic
F78D,0.9728,pathogenic
F78E,0.9853,pathogenic
F78G,0.9673,pathogenic
F78H,0.8921,pathogenic
F78I,0.839,pathogenic
F78K,0.9823,pathogenic
F78L,0.97,pathogenic
F78M,0.9146,pathogenic
F78N,0.9484,pathogenic
F78P,0.9952,pathogenic
F78Q,0.9713,pathogenic
F78R,0.9422,pathogenic
F78S,0.9212,pathogenic
F78T,0.9698,pathogenic
F78V,0.7739,pathogenic
F78W,0.5646,pathogenic
F78Y,0.0973,benign
N79A,0.4884,ambiguous
N79C,0.4495,ambiguous
N79D,0.3852,ambiguous
N79E,0.7718,pathogenic
N79F,0.8205,pathogenic
N79G,0.5061,ambiguous
N79H,0.0862,benign
N79I,0.6697,pathogenic
N79K,0.7388,pathogenic
N79L,0.4865,ambiguous
N79M,0.6611,pathogenic
N79P,0.8368,pathogenic
N79Q,0.5909,pathogenic
N79R,0.6668,pathogenic
N79S,0.0972,benign
N79T,0.2596,benign
N79V,0.6367,pathogenic
N79W,0.8684,pathogenic
N79Y,0.3841,ambiguous
V80A,0.3435,ambiguous
V80C,0.7769,pathogenic
V80D,0.5228,ambiguous
V80E,0.3471,ambiguous
V80F,0.2498,benign
V80G,0.4009,ambiguous
V80H,0.5783,pathogenic
V80I,0.0922,benign
V80K,0.2946,benign
V80L,0.2376,benign
V80M,0.1384,benign
V80N,0.4473,ambiguous
V80P,0.9234,pathogenic
V80Q,0.3056,benign
V80R,0.2278,benign
V80S,0.4363,ambiguous
V80T,0.2595,benign
V80W,0.8097,pathogenic
V80Y,0.612,pathogenic
Y81A,0.962,pathogenic
Y81C,0.8681,pathogenic
Y81D,0.9346,pathogenic
Y81E,0.9864,pathogenic
Y81F,0.3719,ambiguous
Y81G,0.9467,pathogenic
Y81H,0.9097,pathogenic
Y81I,0.9534,pathogenic
Y81K,0.9878,pathogenic
Y81L,0.8535,pathogenic
Y81M,0.9618,pathogenic
Y81N,0.9139,pathogenic
Y81P,0.9705,pathogenic
Y81Q,0.9849,pathogenic
Y81R,0.9569,pathogenic
Y81S,0.8974,pathogenic
Y81T,0.9735,pathogenic
Y81V,0.9052,pathogenic
Y81W,0.7841,pathogenic
I82A,0.9167,pathogenic
I82C,0.9915,pathogenic
I82D,0.99,pathogenic
I82E,0.9537,pathogenic
I82F,0.7775,pathogenic
I82G,0.9805,pathogenic
I82H,0.9791,pathogenic
I82K,0.9089,pathogenic
I82L,0.5929,pathogenic
I82M,0.4686,ambiguous
I82N,0.9577,pathogenic
I82P,0.9517,pathogenic
I82Q,0.9299,pathogenic
I82R,0.8366,pathogenic
I82S,0.9293,pathogenic
I82T,0.8538,pathogenic
I82V,0.4649,ambiguous
I82W,0.9706,pathogenic
I82Y,0.9584,pathogenic
E83A,0.1345,benign
E83C,0.9117,pathogenic
E83D,0.6416,pathogenic
E83F,0.9175,pathogenic
E83G,0.3903,ambiguous
E83H,0.6217,pathogenic
E83I,0.6989,pathogenic
E83K,0.1739,benign
E83L,0.6091,pathogenic
E83M,0.6384,pathogenic
E83N,0.6667,pathogenic
E83P,0.9227,pathogenic
E83Q,0.0876,benign
E83R,0.2251,benign
E83S,0.3326,benign
E83T,0.4169,ambiguous
E83V,0.4247,ambiguous
E83W,0.9719,pathogenic
E83Y,0.8544,pathogenic
S84A,0.0999,benign
S84C,0.2176,benign
S84D,0.5452,ambiguous
S84E,0.5609,ambiguous
S84F,0.5748,pathogenic
S84G,0.1394,benign
S84H,0.5113,ambiguous
S84I,0.6194,pathogenic
S84K,0.6795,pathogenic
S84L,0.2179,benign
S84M,0.354,ambiguous
S84N,0.3036,benign
S84P,0.8604,pathogenic
S84Q,0.5941,pathogenic
S84R,0.6399,pathogenic
S84T,0.1085,benign
S84V,0.5006,ambiguous
S84W,0.5394,ambiguous
S84Y,0.3693,ambiguous
D85A,0.3279,benign
D85C,0.7532,pathogenic
D85E,0.3302,benign
D85F,0.8282,pathogenic
D85G,0.2566,benign
D85H,0.3372,benign
D85I,0.7068,pathogenic
D85K,0.4682,ambiguous
D85L,0.6304,pathogenic
D85M,0.8278,pathogenic
D85N,0.0968,benign
D85P,0.7384,pathogenic
D85Q,0.5025,ambiguous
D85R,0.4739,ambiguous
D85S,0.1737,benign
D85T,0.3977,ambiguous
D85V,0.4805,ambiguous
D85W,0.9306,pathogenic
D85Y,0.3989,ambiguous
N85A,0.2287,benign
N85C,0.4511,ambiguous
N85D,0.0418,benign
N85E,0.2357,benign
N85F,0.7164,pathogenic
N85G,0.2082,benign
N85H,0.1528,benign
N85I,0.4624,ambiguous
N85K,0.3216,benign
N85L,0.408,ambiguous
N85M,0.5718,pathogenic
N85P,0.5066,ambiguous
N85Q,0.3435,ambiguous
N85R,0.3374,benign
N85S,0.0925,benign
N85T,0.1774,benign
N85V,0.3468,ambiguous
N85W,0.8437,pathogenic
N85Y,0.2364,benign
A86C,0.2857,benign
A86D,0.1204,benign
A86E,0.1468,benign
A86F,0.2169,benign
A86G,0.1225,benign
A86H,0.2337,benign
A86I,0.146,benign
A86K,0.2054,benign
A86L,0.131,benign
A86M,0.1602,benign
A86N,0.141,benign
A86P,0.3315,benign
A86Q,0.1931,benign
A86R,0.1745,benign
A86S,0.0746,benign
A86T,0.0652,benign
A86V,0.091,benign
A86W,0.4241,ambiguous
A86Y,0.2605,benign
W87A,0.7808,pathogenic
W87C,0.9316,pathogenic
W87D,0.9534,pathogenic
W87E,0.9372,pathogenic
W87F,0.4632,ambiguous
W87G,0.6228,pathogenic
W87H,0.907,pathogenic
W87I,0.8509,pathogenic
W87K,0.9533,pathogenic
W87L,0.6872,pathogenic
W87M,0.8835,pathogenic
W87N,0.9563,pathogenic
W87P,0.9283,pathogenic
W87Q,0.9356,pathogenic
W87R,0.9107,pathogenic
W87S,0.6967,pathogenic
W87T,0.8189,pathogenic
W87V,0.798,pathogenic
W87Y,0.7327,pathogenic
Q88A,0.2243,benign
Q88C,0.5607,ambiguous
Q88D,0.4282,ambiguous
Q88E,0.0926,benign
Q88F,0.6211,pathogenic
Q88G,0.1992,benign
Q88H,0.172,benign
Q88I,0.4221,ambiguous
Q88K,0.0739,benign
Q88L,0.1261,benign
Q88M,0.3593,ambiguous
Q88N,0.3248,benign
Q88P,0.1679,benign
Q88R,0.0782,benign
Q88S,0.2984,benign
Q88T,0.2561,benign
Q88V,0.2722,benign
Q88W,0.3687,ambiguous
Q88Y,0.4086,ambiguous
E89A,0.1064,benign
E89C,0.656,pathogenic
E89D,0.1818,benign
E89F,0.5992,pathogenic
E89G,0.0899,benign
E89H,0.2678,benign
E89I,0.2501,benign
E89K,0.0652,benign
E89L,0.2106,benign
E89M,0.263,benign
E89N,0.2156,benign
E89P,0.4593,ambiguous
E89Q,0.0772,benign
E89R,0.104,benign
E89S,0.1712,benign
E89T,0.1708,benign
E89V,0.1382,benign
E89W,0.6708,pathogenic
E89Y,0.4436,ambiguous
K90A,0.3142,benign
K90C,0.781,pathogenic
K90D,0.5209,ambiguous
K90E,0.1491,benign
K90F,0.819,pathogenic
K90G,0.4338,ambiguous
K90H,0.384,ambiguous
K90I,0.3778,ambiguous
K90L,0.3815,ambiguous
K90M,0.2396,benign
K90N,0.3771,ambiguous
K90P,0.6805,pathogenic
K90Q,0.1351,benign
K90R,0.1081,benign
K90S,0.4221,ambiguous
K90T,0.1857,benign
K90V,0.3615,ambiguous
K90W,0.7527,pathogenic
K90Y,0.651,pathogenic
D91A,0.2901,benign
D91C,0.7583,pathogenic
D91E,0.3121,benign
D91F,0.7843,pathogenic
D91G,0.1239,benign
D91H,0.4827,ambiguous
D91I,0.6648,pathogenic
D91K,0.5656,pathogenic
D91L,0.6073,pathogenic
D91M,0.8013,pathogenic
D91N,0.1876,benign
D91P,0.7984,pathogenic
D91Q,0.5075,ambiguous
D91R,0.6007,pathogenic
D91S,0.2264,benign
D91T,0.4403,ambiguous
D91V,0.4064,ambiguous
D91W,0.8694,pathogenic
D91Y,0.3346,benign
K92A,0.3899,ambiguous
K92C,0.78,pathogenic
K92D,0.6791,pathogenic
K92E,0.1961,benign
K92F,0.789,pathogenic
K92G,0.5203,ambiguous
K92H,0.3767,ambiguous
K92I,0.4135,ambiguous
K92L,0.3925,ambiguous
K92M,0.2999,benign
K92N,0.5788,pathogenic
K92P,0.7587,pathogenic
K92Q,0.1757,benign
K92R,0.0872,benign
K92S,0.5457,ambiguous
K92T,0.2584,benign
K92V,0.3961,ambiguous
K92W,0.7401,pathogenic
K92Y,0.676,pathogenic
A93C,0.4269,ambiguous
A93D,0.1527,benign
A93E,0.1206,benign
A93F,0.2681,benign
A93G,0.1261,benign
A93H,0.2984,benign
A93I,0.1824,benign
A93K,0.1836,benign
A93L,0.1336,benign
A93M,0.1887,benign
A93N,0.1747,benign
A93P,0.2826,benign
A93Q,0.1746,benign
A93R,0.1614,benign
A93S,0.0961,benign
A93T,0.086,benign
A93V,0.096,benign
A93W,0.5118,ambiguous
A93Y,0.3288,benign
Y94A,0.1748,benign
Y94C,0.0918,benign
Y94D,0.1477,benign
Y94E,0.3476,ambiguous
Y94F,0.0831,benign
Y94G,0.2109,benign
Y94H,0.1186,benign
Y94I,0.2029,benign
Y94K,0.3019,benign
Y94L,0.1805,benign
Y94M,0.3152,benign
Y94N,0.1141,benign
Y94P,0.587,pathogenic
Y94Q,0.2566,benign
Y94R,0.1781,benign
Y94S,0.1125,benign
Y94T,0.1968,benign
Y94V,0.1479,benign
Y94W,0.2519,benign
V95A,0.157,benign
V95C,0.3811,ambiguous
V95D,0.425,ambiguous
V95E,0.3443,ambiguous
V95F,0.0519,benign
V95G,0.1688,benign
V95H,0.3703,ambiguous
V95I,0.0756,benign
V95K,0.3226,benign
V95L,0.087,benign
V95M,0.1022,benign
V95N,0.3171,benign
V95P,0.5222,ambiguous
V95Q,0.282,benign
V95R,0.2187,benign
V95S,0.2257,benign
V95T,0.2127,benign
V95W,0.3483,ambiguous
V95Y,0.2521,benign
Q96A,0.212,benign
Q96C,0.583,pathogenic
Q96D,0.4692,ambiguous
Q96E,0.0949,benign
Q96F,0.6413,pathogenic
Q96G,0.2579,benign
Q96H,0.2193,benign
Q96I,0.453,ambiguous
Q96K,0.08,benign
Q96L,0.1406,benign
Q96M,0.383,ambiguous
Q96N,0.3835,ambiguous
Q96P,0.2382,benign
Q96R,0.0759,benign
Q96S,0.3065,benign
Q96T,0.2502,benign
Q96V,0.288,benign
Q96W,0.4038,ambiguous
Q96Y,0.4216,ambiguous
A97C,0.4797,ambiguous
A97D,0.2018,benign
A97E,0.1564,benign
A97F,0.3862,ambiguous
A97G,0.123,benign
A97H,0.3848,ambiguous
A97I,0.4305,ambiguous
A97K,0.3057,benign
A97L,0.2534,benign
A97M,0.2845,benign
A97N,0.227,benign
A97P,0.629,pathogenic
A97Q,0.2248,benign
A97R,0.2704,benign
A97S,0.0763,benign
A97T,0.1136,benign
A97V,0.2003,benign
A97W,0.6216,pathogenic
A97Y,0.4052,ambiguous
R98A,0.3318,benign
R98C,0.1985,benign
R98D,0.6979,pathogenic
R98E,0.3629,ambiguous
R98F,0.5966,pathogenic
R98G,0.2538,benign
R98H,0.1382,benign
R98I,0.3461,ambiguous
R98K,0.1145,benign
R98L,0.2339,benign
R98M,0.3038,benign
R98N,0.6199,pathogenic
R98P,0.7229,pathogenic
R98Q,0.1123,benign
R98S,0.4949,ambiguous
R98T,0.2883,benign
R98V,0.3663,ambiguous
R98W,0.2036,benign
R98Y,0.4464,ambiguous
V99A,0.2929,benign
V99C,0.716,pathogenic
V99D,0.6946,pathogenic
V99E,0.5823,pathogenic
V99F,0.1239,benign
V99G,0.3308,benign
V99H,0.7354,pathogenic
V99I,0.0774,benign
V99K,0.6189,pathogenic
V99L,0.1464,benign
V99M,0.1634,benign
V99N,0.5917,pathogenic
V99P,0.7735,pathogenic
V99Q,0.5767,pathogenic
V99R,0.5575,ambiguous
V99S,0.4568,ambiguous
V99T,0.4631,ambiguous
V99W,0.663,pathogenic
V99Y,0.5214,ambiguous
L100A,0.1772,benign
L100C,0.5249,ambiguous
L100D,0.6434,pathogenic
L100E,0.2413,benign
L100F,0.1399,benign
L100G,0.4306,ambiguous
L100H,0.2654,benign
L100I,0.1032,benign
L100K,0.1944,benign
L100M,0.1199,benign
L100N,0.4788,ambiguous
L100P,0.4271,ambiguous
L100Q,0.1282,benign
L100R,0.1265,benign
L100S,0.2609,benign
L100T,0.1821,benign
L100V,0.0992,benign
L100W,0.1853,benign
L100Y,0.3891,ambiguous
E101A,0.1577,benign
E101C,0.8645,pathogenic
E101D,0.2077,benign
E101F,0.8266,pathogenic
E101G,0.177,benign
E101H,0.4501,ambiguous
E101I,0.679,pathogenic
E101K,0.2127,benign
E101L,0.4952,ambiguous
E101M,0.625,pathogenic
E101N,0.3847,ambiguous
E101P,0.7402,pathogenic
E101Q,0.1299,benign
E101R,0.2716,benign
E101S,0.2537,benign
E101T,0.3621,ambiguous
E101V,0.4302,ambiguous
E101W,0.8849,pathogenic
E101Y,0.6971,pathogenic
S102A,0.1556,benign
S102C,0.1839,benign
S102D,0.3687,ambiguous
S102E,0.6144,pathogenic
S102F,0.4714,ambiguous
S102G,0.1042,benign
S102H,0.4034,ambiguous
S102I,0.2987,benign
S102K,0.7416,pathogenic
S102L,0.2766,benign
S102M,0.306,benign
S102N,0.1131,benign
S102P,0.7292,pathogenic
S102Q,0.6089,pathogenic
S102R,0.7105,pathogenic
S102T,0.098,benign
S102V,0.3324,benign
S102W,0.5028,ambiguous
S102Y,0.338,benign
Y103A,0.2799,benign
Y103C,0.0575,benign
Y103D,0.3822,ambiguous
Y103E,0.5905,pathogenic
Y103F,0.0804,benign
Y103G,0.2271,benign
Y103H,0.199,benign
Y103I,0.2541,benign
Y103K,0.5008,ambiguous
Y103L,0.2347,benign
Y103M,0.4002,ambiguous
Y103N,0.2452,benign
Y103P,0.6526,pathogenic
Y103Q,0.3886,ambiguous
Y103R,0.3113,benign
Y103S,0.1554,benign
Y103T,0.3059,benign
Y103V,0.1919,benign
Y103W,0.2202,benign
R104A,0.1926,benign
R104C,0.1409,benign
R104D,0.4241,ambiguous
R104E,0.2134,benign
R104F,0.3757,ambiguous
R104G,0.1149,benign
R104H,0.0932,benign
R104I,0.189,benign
R104K,0.0781,benign
R104L,0.1475,benign
R104M,0.1995,benign
R104N,0.3477,ambiguous
R104P,0.3854,ambiguous
R104Q,0.0825,benign
R104S,0.2393,benign
R104T,0.1419,benign
R104V,0.2359,benign
R104W,0.1358,benign
R104Y,0.26,benign
S105A,0.0519,benign
S105C,0.1025,benign
S105D,0.205,benign
S105E,0.2728,benign
S105F,0.1647,benign
S105G,0.0708,benign
S105H,0.2308,benign
S105I,0.1902,benign
S105K,0.38,ambiguous
S105L,0.1014,benign
S105M,0.1768,benign
S105N,0.1325,benign
S105P,0.2516,benign
S105Q,0.2964,benign
S105R,0.3166,benign
S105T,0.0857,benign
S105V,0.1392,benign
S105W,0.2185,benign
S105Y,0.1331,benign
C106A,0.2413,benign
C106D,0.6173,pathogenic
C106E,0.8018,pathogenic
C106F,0.2145,benign
C106G,0.0997,benign
C106H,0.4843,ambiguous
C106I,0.4866,ambiguous
C106K,0.8076,pathogenic
C106L,0.4144,ambiguous
C106M,0.6163,pathogenic
C106N,0.4565,ambiguous
C106P,0.6681,pathogenic
C106Q,0.6437,pathogenic
C106R,0.4622,ambiguous
C106S,0.1616,benign
C106T,0.3517,ambiguous
C106V,0.3934,ambiguous
C106W,0.4472,ambiguous
C106Y,0.3294,benign
Y107A,0.1914,benign
Y107C,0.0654,benign
Y107D,0.1642,benign
Y107E,0.3815,ambiguous
Y107F,0.0798,benign
Y107G,0.1787,benign
Y107H,0.119,benign
Y107I,0.2215,benign
Y107K,0.3494,ambiguous
Y107L,0.2075,benign
Y107M,0.3392,benign
Y107N,0.1406,benign
Y107P,0.418,ambiguous
Y107Q,0.2716,benign
Y107R,0.1935,benign
Y107S,0.1017,benign
Y107T,0.1906,benign
Y107V,0.1608,benign
Y107W,0.2348,benign
V108A,0.2262,benign
V108C,0.7978,pathogenic
V108D,0.6407,pathogenic
V108E,0.5344,ambiguous
V108F,0.2583,benign
V108G,0.3865,ambiguous
V108H,0.7448,pathogenic
V108I,0.0906,benign
V108K,0.614,pathogenic
V108L,0.2685,benign
V108M,0.2218,benign
V108N,0.6313,pathogenic
V108P,0.6265,pathogenic
V108Q,0.5967,pathogenic
V108R,0.5,ambiguous
V108S,0.4106,ambiguous
V108T,0.2606,benign
V108W,0.8471,pathogenic
V108Y,0.7219,pathogenic
V109A,0.1052,benign
V109C,0.5361,ambiguous
V109D,0.3019,benign
V109E,0.2435,benign
V109F,0.075,benign
V109G,0.1744,benign
V109H,0.3819,ambiguous
V109I,0.0674,benign
V109K,0.269,benign
V109L,0.0934,benign
V109M,0.0986,benign
V109N,0.281,benign
V109P,0.3303,benign
V109Q,0.2517,benign
V109R,0.2038,benign
V109S,0.1782,benign
V109T,0.1292,benign
V109W,0.4138,ambiguous
V109Y,0.3254,benign
E110A,0.15,benign
E110C,0.7782,pathogenic
E110D,0.2499,benign
E110F,0.772,pathogenic
E110G,0.1478,benign
E110H,0.4084,ambiguous
E110I,0.4958,ambiguous
E110K,0.1005,benign
E110L,0.435,ambiguous
E110M,0.4852,ambiguous
E110N,0.3479,ambiguous
E110P,0.3639,ambiguous
E110Q,0.1003,benign
E110R,0.1579,benign
E110S,0.2248,benign
E110T,0.2489,benign
E110V,0.2875,benign
E110W,0.8468,pathogenic
E110Y,0.6388,pathogenic
N111A,0.8425,pathogenic
N111C,0.8341,pathogenic
N111D,0.598,pathogenic
N111E,0.8397,pathogenic
N111F,0.9488,pathogenic
N111G,0.778,pathogenic
N111H,0.5331,ambiguous
N111I,0.7746,pathogenic
N111K,0.8053,pathogenic
N111L,0.8312,pathogenic
N111M,0.8287,pathogenic
N111P,0.8945,pathogenic
N111Q,0.8629,pathogenic
N111R,0.8636,pathogenic
N111S,0.4771,ambiguous
N111T,0.6509,pathogenic
N111V,0.8152,pathogenic
N111W,0.9602,pathogenic
N111Y,0.6245,pathogenic
H112A,0.0991,benign
H112C,0.0983,benign
H112D,0.0873,benign
H112E,0.0928,benign
H112F,0.2024,benign
H112G,0.1233,benign
H112I,0.144,benign
H112K,0.098,benign
H112L,0.0793,benign
H112M,0.2211,benign
H112N,0.0755,benign
H112P,0.0632,benign
H112Q,0.0701,benign
H112R,0.0635,benign
H112S,0.0972,benign
H112T,0.1011,benign
H112V,0.1104,benign
H112W,0.2048,benign
H112Y,0.0797,benign
L113A,0.114,benign
L113C,0.2773,benign
L113D,0.3168,benign
L113E,0.1701,benign
L113F,0.0815,benign
L113G,0.2372,benign
L113H,0.1196,benign
L113I,0.09,benign
L113K,0.1517,benign
L113M,0.1002,benign
L113N,0.2455,benign
L113P,0.1846,benign
L113Q,0.0986,benign
L113R,0.0969,benign
L113S,0.1433,benign
L113T,0.1328,benign
L113V,0.0742,benign
L113W,0.1244,benign
L113Y,0.1891,benign
A114C,0.506,ambiguous
A114D,0.4147,ambiguous
A114E,0.3783,ambiguous
A114F,0.4056,ambiguous
A114G,0.1815,benign
A114H,0.5829,pathogenic
A114I,0.3325,benign
A114K,0.5756,pathogenic
A114L,0.2075,benign
A114M,0.3039,benign
A114N,0.403,ambiguous
A114P,0.2891,benign
A114Q,0.4488,ambiguous
A114R,0.4625,ambiguous
A114S,0.1272,benign
A114T,0.1075,benign
A114V,0.14,benign
A114W,0.7501,pathogenic
A114Y,0.5877,pathogenic
I115A,0.0757,benign
I115C,0.4145,ambiguous
I115D,0.2769,benign
I115E,0.1928,benign
I115F,0.1171,benign
I115G,0.2057,benign
I115H,0.2862,benign
I115K,0.1478,benign
I115L,0.0979,benign
I115M,0.0719,benign
I115N,0.1537,benign
I115P,0.2596,benign
I115Q,0.1722,benign
I115R,0.1006,benign
I115S,0.112,benign
I115T,0.0669,benign
I115V,0.0493,benign
I115W,0.4762,ambiguous
I115Y,0.3348,benign
E116A,0.2068,benign
E116C,0.8188,pathogenic
E116D,0.2088,benign
E116F,0.7757,pathogenic
E116G,0.1995,benign
E116H,0.4808,ambiguous
E116I,0.5364,ambiguous
E116K,0.206,benign
E116L,0.4799,ambiguous
E116M,0.5966,pathogenic
E116N,0.4257,ambiguous
E116P,0.4893,ambiguous
E116Q,0.156,benign
E116R,0.2631,benign
E116S,0.2621,benign
E116T,0.3296,benign
E116V,0.35,ambiguous
E116W,0.8761,pathogenic
E116Y,0.6512,pathogenic
Q117A,0.1705,benign
Q117C,0.3891,ambiguous
Q117D,0.292,benign
Q117E,0.0889,benign
Q117F,0.4207,ambiguous
Q117G,0.1928,benign
Q117H,0.134,benign
Q117I,0.2581,benign
Q117K,0.0821,benign
Q117L,0.1092,benign
Q117M,0.2571,benign
Q117N,0.2244,benign
Q117P,0.136,benign
Q117R,0.0766,benign
Q117S,0.2042,benign
Q117T,0.1658,benign
Q117V,0.1744,benign
Q117W,0.2783,benign
Q117Y,0.2443,benign
P118A,0.1386,benign
P118C,0.6175,pathogenic
P118D,0.561,ambiguous
P118E,0.3563,ambiguous
P118F,0.6626,pathogenic
P118G,0.4087,ambiguous
P118H,0.3231,benign
P118I,0.5111,ambiguous
P118K,0.3836,ambiguous
P118L,0.2394,benign
P118M,0.5129,ambiguous
P118N,0.5348,ambiguous
P118Q,0.2585,benign
P118R,0.244,benign
P118S,0.2665,benign
P118T,0.2101,benign
P118V,0.366,ambiguous
P118W,0.6932,pathogenic
P118Y,0.5925,pathogenic
N119A,0.0871,benign
N119C,0.1276,benign
N119D,0.0731,benign
N119E,0.1465,benign
N119F,0.2437,benign
N119G,0.1125,benign
N119H,0.0662,benign
N119I,0.1072,benign
N119K,0.116,benign
N119L,0.1219,benign
N119M,0.1825,benign
N119P,0.1833,benign
N119Q,0.138,benign
N119R,0.1153,benign
N119S,0.0627,benign
N119T,0.0751,benign
N119V,0.1038,benign
N119W,0.4019,ambiguous
N119Y,0.0987,benign
T120A,0.0662,benign
T120C,0.2441,benign
T120D,0.1589,benign
T120E,0.1298,benign
T120F,0.1326,benign
T120G,0.1332,benign
T120H,0.1244,benign
T120I,0.0908,benign
T120K,0.1062,benign
T120L,0.0788,benign
T120M,0.0834,benign
T120N,0.0877,benign
T120P,0.0895,benign
T120Q,0.1175,benign
T120R,0.0846,benign
T120S,0.0813,benign
T120V,0.089,benign
T120W,0.2923,benign
T120Y,0.1496,benign
H121A,0.1293,benign
H121C,0.1015,benign
H121D,0.1092,benign
H121E,0.1436,benign
H121F,0.1313,benign
H121G,0.1489,benign
H121I,0.1446,benign
H121K,0.1495,benign
H121L,0.0832,benign
H121M,0.2453,benign
H121N,0.0885,benign
H121P,0.0998,benign
H121Q,0.1037,benign
H121R,0.0785,benign
H121S,0.1189,benign
H121T,0.1364,benign
H121V,0.1179,benign
H121W,0.1976,benign
H121Y,0.0561,benign
L122A,0.4242,ambiguous
L122C,0.6151,pathogenic
L122D,0.7846,pathogenic
L122E,0.4915,ambiguous
L122F,0.1366,benign
L122G,0.6489,pathogenic
L122H,0.3334,benign
L122I,0.0793,benign
L122K,0.383,ambiguous
L122M,0.1617,benign
L122N,0.6287,pathogenic
L122P,0.3582,ambiguous
L122Q,0.2808,benign
L122R,0.2593,benign
L122S,0.4944,ambiguous
L122T,0.4214,ambiguous
L122V,0.118,benign
L122W,0.2776,benign
L122Y,0.3911,ambiguous
P123A,0.1637,benign
P123C,0.6693,pathogenic
P123D,0.6212,pathogenic
P123E,0.3733,ambiguous
P123F,0.6388,pathogenic
P123G,0.4474,ambiguous
P123H,0.3448,ambiguous
P123I,0.5196,ambiguous
P123K,0.4566,ambiguous
P123L,0.1965,benign
P123M,0.5211,ambiguous
P123N,0.6396,pathogenic
P123Q,0.2834,benign
P123R,0.2701,benign
P123S,0.2781,benign
P123T,0.2327,benign
P123V,0.3815,ambiguous
P123W,0.6806,pathogenic
P123Y,0.6204,pathogenic
E124A,0.0997,benign
E124C,0.6102,pathogenic
E124D,0.1286,benign
E124F,0.4509,ambiguous
E124G,0.0907,benign
E124H,0.2634,benign
E124I,0.2163,benign
E124K,0.092,benign
E124L,0.208,benign
E124M,0.2624,benign
E124N,0.1993,benign
E124P,0.2507,benign
E124Q,0.0992,benign
E124R,0.1318,benign
E124S,0.1407,benign
E124T,0.1467,benign
E124V,0.1257,benign
E124W,0.6278,pathogenic
E124Y,0.3624,ambiguous
T125A,0.0649,benign
T125C,0.2573,benign
T125D,0.1459,benign
T125E,0.0887,benign
T125F,0.1346,benign
T125G,0.1187,benign
T125H,0.1399,benign
T125I,0.0838,benign
T125K,0.0837,benign
T125L,0.0701,benign
T125M,0.066,benign
T125N,0.0877,benign
T125P,0.0724,benign
T125Q,0.0963,benign
T125R,0.0741,benign
T125S,0.0881,benign
T125V,0.0776,benign
T125W,0.2459,benign
T125Y,0.1434,benign
K126A,0.1266,benign
K126C,0.4002,ambiguous
K126D,0.215,benign
K126E,0.0958,benign
K126F,0.332,benign
K126G,0.1736,benign
K126H,0.1699,benign
K126I,0.1351,benign
K126L,0.1439,benign
K126M,0.1291,benign
K126N,0.1578,benign
K126P,0.1838,benign
K126Q,0.0977,benign
K126R,0.0723,benign
K126S,0.155,benign
K126T,0.0893,benign
K126V,0.1313,benign
K126W,0.4369,ambiguous
K126Y,0.2684,benign
P127A,0.0636,benign
P127C,0.2037,benign
P127D,0.1398,benign
P127E,0.1168,benign
P127F,0.1551,benign
P127G,0.1318,benign
P127H,0.0827,benign
P127I,0.1245,benign
P127K,0.1198,benign
P127L,0.0747,benign
P127M,0.1665,benign
P127N,0.139,benign
P127Q,0.0814,benign
P127R,0.0771,benign
P127S,0.0774,benign
P127T,0.0685,benign
P127V,0.098,benign
P127W,0.2179,benign
P127Y,0.1449,benign
S128A,0.0688,benign
S128C,0.0867,benign
S128D,0.1698,benign
S128E,0.1754,benign
S128F,0.0808,benign
S128G,0.0931,benign
S128H,0.1466,benign
S128I,0.087,benign
S128K,0.2374,benign
S128L,0.0695,benign
S128M,0.1362,benign
S128N,0.1202,benign
S128P,0.0739,benign
S128Q,0.1868,benign
S128R,0.2122,benign
S128T,0.0751,benign
S128V,0.0895,benign
S128W,0.1337,benign
S128Y,0.0863,benign
P129A,0.0659,benign
P129C,0.1797,benign
P129D,0.1592,benign
P129E,0.112,benign
P129F,0.2491,benign
P129G,0.1607,benign
P129H,0.0954,benign
P129I,0.1855,benign
P129K,0.1172,benign
P129L,0.0865,benign
P129M,0.166,benign
P129N,0.1847,benign
P129Q,0.0868,benign
P129R,0.0961,benign
P129S,0.078,benign
P129T,0.0793,benign
P129V,0.1233,benign
P129W,0.2916,benign
P129Y,0.1703,benign
